Ticker,Ticker_name,Exposure,Date,qtd_pct_change
EDV,VANGUARD EXT DUR T;ETF,Bonds,2025-11-14,-0.0126
HYG,ISHARES:IBOXX $HY CORP,Bonds,2025-11-14,-0.0119
IEF,ISHARES:7-10 TRS BD ETF,Bonds,2025-11-14,-0.0002
LQD,ISHARES:IBOXX $IG CORP,Bonds,2025-11-14,-0.0109
SHY,ISHARES:1-3 TRS BD ETF,Bonds,2025-11-14,-0.0016
STIP,ISHARES:0-5 TIPS BD ETF,Bonds,2025-11-14,-0.0047
TIP,ISHARES:TIPS BD ETF,Bonds,2025-11-14,-0.0042
TLT,ISHARES:20+ TRS BD ETF,Bonds,2025-11-14,-0.0056
APP,APPLOVIN CORP,Communication Services,2025-11-14,-0.2238
CHTR,"CHARTER COMMUNICATIONS, INC.",Communication Services,2025-11-14,-0.2617
CMCSA,COMCAST ,Communication Services,2025-11-14,-0.1244
DIS,THE WALT DISNEY COMPANY,Communication Services,2025-11-14,-0.076
EA,ELECTRONIC ARTS INC.,Communication Services,2025-11-14,-0.0032
FOXA,FOX ,Communication Services,2025-11-14,0.0282
GOOGL,ALPHABET INC.,Communication Services,2025-11-14,0.137
IPG,THE INTERPUBLIC GROUP,Communication Services,2025-11-14,-0.1118
LYV,"LIVE NATION ENTERTAINMENT, INC.",Communication Services,2025-11-14,-0.1685
META,"META PLATFORMS, INC.",Communication Services,2025-11-14,-0.1701
MTCH,"MATCH GROUP, INC.",Communication Services,2025-11-14,-0.0861
NFLX,"NETFLIX, INC.",Communication Services,2025-11-14,-0.0724
NWSA,NEWS CORP.,Communication Services,2025-11-14,-0.1485
OMC,OMNICOM GROUP INC.,Communication Services,2025-11-14,-0.1141
PSKY,PARAMOUNT SKYDANCE ,Communication Services,2025-11-14,-0.1712
T,AT&T INC.,Communication Services,2025-11-14,-0.0938
TKO,"TKO GROUP HOLDINGS, INC.",Communication Services,2025-11-14,-0.0885
TMUS,"T-MOBILE US, INC.",Communication Services,2025-11-14,-0.0973
TTD,"THE TRADE DESK, INC.",Communication Services,2025-11-14,-0.1445
TTWO,"TAKE-TWO INTERACTIVE SOFTWARE, INC.",Communication Services,2025-11-14,-0.0903
VZ,VERIZON COMMUNICATIONS INC.,Communication Services,2025-11-14,-0.0658
WBD,"WARNER BROS. DISCOVERY, INC.",Communication Services,2025-11-14,0.1792
ABNB,"AIRBNB, INC.",Consumer Discretionary,2025-11-14,0.0049
AMZN,"AMAZON.COM, INC.",Consumer Discretionary,2025-11-14,0.0689
APTV,APTIV PLC,Consumer Discretionary,2025-11-14,-0.0848
AZO,"AUTOZONE, INC.",Consumer Discretionary,2025-11-14,-0.101
BBY,"BEST BUY CO., INC.",Consumer Discretionary,2025-11-14,0.0013
BKNG,BOOKING HOLDINGS INC.,Consumer Discretionary,2025-11-14,-0.0651
CCL,CARNIVAL CORP,Consumer Discretionary,2025-11-14,-0.1
CMG,"CHIPOTLE MEXICAN GRILL, INC.",Consumer Discretionary,2025-11-14,-0.1944
DASH,"DOORDASH, INC.",Consumer Discretionary,2025-11-14,-0.2391
DECK,DECKERS OUTDOOR ,Consumer Discretionary,2025-11-14,-0.183
DHI,"D.R. HORTON, INC.",Consumer Discretionary,2025-11-14,-0.1596
DPZ,"DOMINO'S PIZZA, INC.",Consumer Discretionary,2025-11-14,-0.0499
DRI,"DARDEN RESTAURANTS, INC.",Consumer Discretionary,2025-11-14,-0.0868
EBAY,EBAY INC.,Consumer Discretionary,2025-11-14,-0.0781
EXPE,"EXPEDIA GROUP, INC.",Consumer Discretionary,2025-11-14,0.2382
F,FORD MOTOR COMPANY,Consumer Discretionary,2025-11-14,0.1028
GM,GENERAL MOTORS COMPANY,Consumer Discretionary,2025-11-14,0.1566
GPC,GENUINE PARTS COMPANY,Consumer Discretionary,2025-11-14,-0.0818
GRMN,GARMIN LTD,Consumer Discretionary,2025-11-14,-0.2116
HAS,"HASBRO, INC.",Consumer Discretionary,2025-11-14,0.0245
HD,"THE HOME DEPOT, INC.",Consumer Discretionary,2025-11-14,-0.1057
HLT,HILTON WORLDWIDE HOLDINGS INC.,Consumer Discretionary,2025-11-14,0.0394
KMX,"CARMAX, INC.",Consumer Discretionary,2025-11-14,-0.2327
LEN,LENNAR ,Consumer Discretionary,2025-11-14,-0.0391
LKQ,LKQ ,Consumer Discretionary,2025-11-14,0.0003
LOW,"LOWE'S COMPANIES, INC.",Consumer Discretionary,2025-11-14,-0.0934
LULU,LULULEMON ATHLETICA INC.,Consumer Discretionary,2025-11-14,-0.0407
LVS,LAS VEGAS SANDS CORP.,Consumer Discretionary,2025-11-14,0.2155
MAR,"MARRIOTT INTERNATIONAL, INC.",Consumer Discretionary,2025-11-14,0.0971
MCD,MCDONALD'S ,Consumer Discretionary,2025-11-14,0.0103
MGM,MGM RESORTS INTERNATIONAL,Consumer Discretionary,2025-11-14,-0.0632
MHK,"MOHAWK INDUSTRIES, INC.",Consumer Discretionary,2025-11-14,-0.1703
NCLH,NORWEGIAN CRUISE LINE HOLDINGS LTD.,Consumer Discretionary,2025-11-14,-0.2574
NKE,"NIKE, INC.",Consumer Discretionary,2025-11-14,-0.0797
NVR,"NVR, INC.",Consumer Discretionary,2025-11-14,-0.0949
ORLY,"O'REILLY AUTOMOTIVE, INC.",Consumer Discretionary,2025-11-14,-0.0836
PHM,"PULTEGROUP, INC.",Consumer Discretionary,2025-11-14,-0.1041
POOL,POOL ,Consumer Discretionary,2025-11-14,-0.2185
RCL,ROYAL CARIBBEAN CRUISES LTD.,Consumer Discretionary,2025-11-14,-0.2185
RL,RALPH LAUREN ,Consumer Discretionary,2025-11-14,0.0572
ROST,"ROSS STORES, INC.",Consumer Discretionary,2025-11-14,0.0537
SBUX,STARBUCKS ,Consumer Discretionary,2025-11-14,0.0021
TJX,"THE TJX COMPANIES, INC.",Consumer Discretionary,2025-11-14,0.0107
TPR,"TAPESTRY, INC.",Consumer Discretionary,2025-11-14,-0.1043
TSCO,TRACTOR SUPPLY COMPANY,Consumer Discretionary,2025-11-14,-0.0255
TSLA,"TESLA, INC.",Consumer Discretionary,2025-11-14,-0.0908
ULTA,"ULTA BEAUTY, INC.",Consumer Discretionary,2025-11-14,-0.0318
WSM,"WILLIAMS-SONOMA, INC.",Consumer Discretionary,2025-11-14,-0.0676
WYNN,"WYNN RESORTS, LIMITED",Consumer Discretionary,2025-11-14,-0.0588
YUM,"YUM! BRANDS, INC.",Consumer Discretionary,2025-11-14,-0.0196
ADM,ARCHER-DANIELS-MIDLAND COMPANY.,Consumer Staples,2025-11-14,-0.0189
BF.B,BROWN-FORMAN ,Consumer Staples,2025-11-14,0.0292
BG,BUNGE LIMITED,Consumer Staples,2025-11-14,0.1817
CAG,"CONAGRA BRANDS, INC.",Consumer Staples,2025-11-14,-0.047
CHD,"CHURCH & DWIGHT CO., INC.",Consumer Staples,2025-11-14,-0.0403
CL,COLGATE-PALMOLIVE COMPANY,Consumer Staples,2025-11-14,-0.0236
CLX,THE CLOROX COMPANY,Consumer Staples,2025-11-14,-0.1591
COST,COSTCO WHOLESALE ,Consumer Staples,2025-11-14,-0.0029
CPB,CAMPBELL SOUP COMPANY,Consumer Staples,2025-11-14,-0.0092
DG,DOLLAR GENERAL ,Consumer Staples,2025-11-14,0.0092
DLTR,"DOLLAR TREE, INC.",Consumer Staples,2025-11-14,0.11
EL,THE ESTEE LAUDER COMPANIES INC.,Consumer Staples,2025-11-14,0.0007
GIS,"GENERAL MILLS, INC.",Consumer Staples,2025-11-14,-0.0597
HRL,HORMEL FOODS ,Consumer Staples,2025-11-14,-0.0849
HSY,THE HERSHEY COMPANY,Consumer Staples,2025-11-14,-0.042
K,KELLANOVA,Consumer Staples,2025-11-14,0.0158
KDP,KEURIG DR PEPPER INC.,Consumer Staples,2025-11-14,0.0635
KHC,THE KRAFT HEINZ COMPANY,Consumer Staples,2025-11-14,-0.0457
KMB,KIMBERLY-CLARK ,Consumer Staples,2025-11-14,-0.1635
KO,THE COCA-COLA COMPANY,Consumer Staples,2025-11-14,0.073
KR,THE KROGER CO.,Consumer Staples,2025-11-14,-0.0104
KVUE,KENVUE INC.,Consumer Staples,2025-11-14,0.0265
LW,"LAMB WESTON HOLDINGS, INC.",Consumer Staples,2025-11-14,-0.0184
MDLZ,"MONDELEZ INTERNATIONAL, INC.",Consumer Staples,2025-11-14,-0.0898
MKC,"MCCORMICK & COMPANY, INC.",Consumer Staples,2025-11-14,-0.0236
MNST,MONSTER BEVERAGE ,Consumer Staples,2025-11-14,0.0594
MO,"ALTRIA GROUP, INC.",Consumer Staples,2025-11-14,-0.1191
PEP,"PEPSICO, INC.",Consumer Staples,2025-11-14,0.0385
PG,THE PROCTER & GAMBLE COMPANY,Consumer Staples,2025-11-14,-0.0389
PM,PHILIP MORRIS INTERNATIONAL INC.,Consumer Staples,2025-11-14,-0.0417
SJM,THE J. M. SMUCKER COMPANY,Consumer Staples,2025-11-14,0.005
STZ,"CONSTELLATION BRANDS, INC.",Consumer Staples,2025-11-14,-0.0409
SYY,SYSCO ,Consumer Staples,2025-11-14,-0.0927
TAP,MOLSON COORS BEVERAGE COMPANY,Consumer Staples,2025-11-14,0.0263
TGT,TARGET ,Consumer Staples,2025-11-14,0.0022
TSN,"TYSON FOODS, INC.",Consumer Staples,2025-11-14,-0.0059
WMT,WALMART INC.,Consumer Staples,2025-11-14,-0.0056
APA,APA ,Energy,2025-11-14,0.021
BKR,BAKER HUGHES COMPANY,Energy,2025-11-14,0.0002
COP,CONOCOPHILLIPS,Energy,2025-11-14,-0.034
CTRA,COTERRA ENERGY INC.,Energy,2025-11-14,0.1137
CVX,CHEVRON ,Energy,2025-11-14,0.015
DVN,DEVON ENERGY ,Energy,2025-11-14,0.0222
EOG,"EOG RESOURCES, INC.",Energy,2025-11-14,-0.0153
EQT,EQT ,Energy,2025-11-14,0.1005
EXE,EXPAND ENERGY ,Energy,2025-11-14,0.1039
FANG,"DIAMONDBACK ENERGY, INC.",Energy,2025-11-14,0.0426
HAL,HALLIBURTON COMPANY,Energy,2025-11-14,0.1098
KMI,"KINDER MORGAN, INC.",Energy,2025-11-14,-0.0314
MPC,MARATHON PETROLEUM ,Energy,2025-11-14,0.0376
OKE,"ONEOK, INC.",Energy,2025-11-14,-0.034
OXY,OCCIDENTAL PETROLEUM ,Energy,2025-11-14,-0.095
PSX,PHILLIPS 66,Energy,2025-11-14,0.0463
SLB,SCHLUMBERGER N.V.,Energy,2025-11-14,0.0748
TPL,TEXAS PACIFIC LAND ,Energy,2025-11-14,0.0953
TRGP,TARGA RESOURCES CORP.,Energy,2025-11-14,0.0332
VLO,VALERO ENERGY ,Energy,2025-11-14,0.0675
WMB,"THE WILLIAMS COMPANIES, INC.",Energy,2025-11-14,-0.0373
XOM,EXXON MOBIL ,Energy,2025-11-14,0.058
UNG,UNITED STATES NAT GAS,Energy Complex,2025-11-14,0.114
USO,UNITED STATES OIL FUND,Energy Complex,2025-11-14,-0.0321
ACGL,ARCH CAPITAL GROUP LTD.,Financials,2025-11-14,0.0197
AFL,AFLAC INC.,Financials,2025-11-14,0.0236
AIG,"AMERICAN INTERNATIONAL GROUP, INC.",Financials,2025-11-14,-0.0101
AIZ,"ASSURANT, INC.",Financials,2025-11-14,0.0554
AJG,ARTHUR J. GALLAGHER & CO.,Financials,2025-11-14,-0.1654
ALL,THE ALLSTATE ,Financials,2025-11-14,-0.0016
AMP,"AMERIPRISE FINANCIAL, INC.",Financials,2025-11-14,-0.0677
AON,AON PLC,Financials,2025-11-14,-0.0181
APO,"APOLLO GLOBAL MANAGEMENT, INC.",Financials,2025-11-14,-0.02
AXP,AMERICAN EXPRESS COMPANY,Financials,2025-11-14,0.0753
BAC,BANK OF AMERICA ,Financials,2025-11-14,0.0198
BEN,"FRANKLIN RESOURCES, INC.",Financials,2025-11-14,-0.0415
BK,THE BANK OF NEW YORK MELLON ,Financials,2025-11-14,0.014
BLK,"BLACKROCK, INC.",Financials,2025-11-14,-0.0926
BRK.B,"BERKSHIRE HATHAWAY INC.,",Financials,2025-11-14,0.0123
BRO,"BROWN & BROWN, INC.",Financials,2025-11-14,-0.1396
BX,BLACKSTONE INC,Financials,2025-11-14,-0.1721
C,CITIGROUP INC.,Financials,2025-11-14,-0.0118
CB,CHUBB LTD,Financials,2025-11-14,0.0469
CBOE,"CBOE GLOBAL MARKETS, INC.",Financials,2025-11-14,0.0534
CFG,"CITIZENS FINANCIAL GROUP, INC.",Financials,2025-11-14,-0.0277
CINF,CINCINNATI FINANCIAL ,Financials,2025-11-14,0.0367
CME,CME GROUP INC.,Financials,2025-11-14,0.055
COF,CAPITAL ONE FINANCIAL ,Financials,2025-11-14,-0.0067
COIN,"COINBASE GLOBAL, INC.",Financials,2025-11-14,-0.1585
CPAY,"FLEETCOR TECHNOLOGIES, INC.",Financials,2025-11-14,-0.0312
EG,"EVEREST GROUP, LTD.",Financials,2025-11-14,-0.0685
ERIE,ERIE INDEMNITY COMPANY,Financials,2025-11-14,-0.0993
FDS,FACTSET RESEARCH SYSTEMS INC.,Financials,2025-11-14,-0.0439
FIS,FIDELITY NATIONAL INFORMATION SERVICES,Financials,2025-11-14,-0.0258
FISV,"FISERV, INC.",Financials,2025-11-14,-0.5081
FITB,FIFTH THIRD BANCORP,Financials,2025-11-14,-0.0444
GL,GLOBE LIFE INC.,Financials,2025-11-14,-0.0781
GPN,GLOBAL PAYMENTS INC.,Financials,2025-11-14,-0.108
GS,"THE GOLDMAN SACHS GROUP, INC.",Financials,2025-11-14,-0.0068
HBAN,HUNTINGTON BANCSHARES INC.,Financials,2025-11-14,-0.0892
HIG,THE HARTFORD FINANCIAL SERVICES GROUP,Financials,2025-11-14,0.0034
HOOD,"ROBINHOOD MARKETS, INC.",Financials,2025-11-14,-0.1444
IBKR,"INTERACTIVE BROKERS GROUP, INC.",Financials,2025-11-14,-0.0404
ICE,"INTERCONTINENTAL EXCHANGE, INC.",Financials,2025-11-14,-0.0974
IVZ,INVESCO LTD.,Financials,2025-11-14,0.0253
JKHY,"JACK HENRY & ASSOCIATES, INC.",Financials,2025-11-14,0.1013
JPM,JPMORGAN CHASE & CO.,Financials,2025-11-14,-0.0375
KEY,KEYCORP,Financials,2025-11-14,-0.0572
KKR,KKR & CO. INC.,Financials,2025-11-14,-0.0772
L,LOEWS ,Financials,2025-11-14,0.04
MA,MASTERCARD INC..,Financials,2025-11-14,-0.0406
MCO,MOODY'S ,Financials,2025-11-14,0.0063
MET,"METLIFE, INC.",Financials,2025-11-14,-0.0453
MMC,"MARSH & MCLENNAN COMPANIES, INC.",Financials,2025-11-14,-0.0929
MS,MORGAN STANLEY,Financials,2025-11-14,0.0308
MSCI,MSCI INC.,Financials,2025-11-14,-0.004
MTB,M&T BANK ,Financials,2025-11-14,-0.0539
NDAQ,"NASDAQ, INC.",Financials,2025-11-14,-0.0155
NTRS,NORTHERN TRUST ,Financials,2025-11-14,-0.0536
PFG,"PRINCIPAL FINANCIAL GROUP, INC.",Financials,2025-11-14,0.0188
PGR,THE PROGRESSIVE ,Financials,2025-11-14,-0.0882
PNC,"THE PNC FINANCIAL SERVICES GROUP, INC.",Financials,2025-11-14,-0.0843
PRU,"PRUDENTIAL FINANCIAL, INC.",Financials,2025-11-14,0.033
PYPL,"PAYPAL HOLDINGS, INC.",Financials,2025-11-14,-0.0634
RF,REGIONS FINANCIAL ,Financials,2025-11-14,-0.0535
RJF,"RAYMOND JAMES FINANCIAL, INC.",Financials,2025-11-14,-0.0804
SCHW,THE CHARLES SCHWAB ,Financials,2025-11-14,-0.0113
SPGI,S&P GLOBAL INC.,Financials,2025-11-14,0.0148
STT,STATE STREET ,Financials,2025-11-14,0.0072
SYF,SYNCHRONY FINANCIAL,Financials,2025-11-14,0.0287
TFC,TRUIST FINANCIAL ,Financials,2025-11-14,-0.0188
TROW,"T. ROWE PRICE GROUP, INC.",Financials,2025-11-14,-0.009
TRV,"THE TRAVELERS COMPANIES, INC.",Financials,2025-11-14,0.0289
USB,U.S. BANCORP,Financials,2025-11-14,-0.0255
V,VISA INC.,Financials,2025-11-14,-0.0333
WFC,WELLS FARGO & COMPANY,Financials,2025-11-14,0.0147
WRB,W. R. BERKLEY ,Financials,2025-11-14,0.005
WTW,WILLIS TOWERS WATSON,Financials,2025-11-14,-0.0675
XYZ,"BLOCK, INC.",Financials,2025-11-14,-0.1631
GLD,SPDR GOLD,Gold,2025-11-14,0.0576
A,"AGILENT TECHNOLOGIES, INC.",Health Care,2025-11-14,0.1439
ABBV,ABBVIE INC.,Health Care,2025-11-14,0.0035
ABT,ABBOTT LABORATORIES,Health Care,2025-11-14,-0.025
ALGN,"ALIGN TECHNOLOGY, INC.",Health Care,2025-11-14,0.0951
AMGN,AMGEN INC.,Health Care,2025-11-14,0.1933
BAX,BAXTER INTERNATIONAL INC.,Health Care,2025-11-14,-0.1888
BDX,"BECTON, DICKINSON AND COMPANY",Health Care,2025-11-14,0.0314
BIIB,BIOGEN INC.,Health Care,2025-11-14,0.1961
BMY,BRISTOL-MYERS SQUIBB COMPANY,Health Care,2025-11-14,0.0344
BSX,BOSTON SCIENTIFIC ,Health Care,2025-11-14,0.0518
CAH,"CARDINAL HEALTH, INC.",Health Care,2025-11-14,0.3084
CI,THE CIGNA GROUP,Health Care,2025-11-14,-0.0645
CNC,CENTENE ,Health Care,2025-11-14,0.0196
COO,"THE COOPER COMPANIES, INC.",Health Care,2025-11-14,0.0521
COR,"CENCORA, INC.",Health Care,2025-11-14,0.1581
CRL,CHARLES RIVER LABORATORIES,Health Care,2025-11-14,0.0725
CVS,CVS HEALTH ,Health Care,2025-11-14,0.0321
DGX,QUEST DIAGNOSTICS INC.,Health Care,2025-11-14,-0.019
DHR,DANAHER ,Health Care,2025-11-14,0.1158
DVA,DAVITA INC.,Health Care,2025-11-14,-0.0852
DXCM,"DEXCOM, INC.",Health Care,2025-11-14,-0.1372
ELV,"ELEVANCE HEALTH, INC.",Health Care,2025-11-14,0.0084
EW,EDWARDS LIFESCIENCES ,Health Care,2025-11-14,0.1097
GEHC,GE HEALTHCARE TECHNOLOGIES INC.,Health Care,2025-11-14,-0.026
GILD,"GILEAD SCIENCES, INC.",Health Care,2025-11-14,0.1263
HCA,"HCA HEALTHCARE, INC.",Health Care,2025-11-14,0.109
HOLX,"HOLOGIC, INC.",Health Care,2025-11-14,0.0987
HSIC,"HENRY SCHEIN, INC.",Health Care,2025-11-14,0.0762
HUM,HUMANA INC.,Health Care,2025-11-14,-0.0886
IDXX,"IDEXX LABORATORIES, INC.",Health Care,2025-11-14,0.0799
INCY,INCYTE ,Health Care,2025-11-14,0.228
IQV,IQVIA HOLDINGS INC,Health Care,2025-11-14,0.1615
ISRG,"INTUITIVE SURGICAL, INC.",Health Care,2025-11-14,0.2287
JNJ,JOHNSON & JOHNSON,Health Care,2025-11-14,0.0567
LH,LABORATORY  OF AMERICA HOLDINGS,Health Care,2025-11-14,-0.0703
LLY,ELI LILLY AND COMPANY,Health Care,2025-11-14,0.3437
MCK,MCKESSON ,Health Care,2025-11-14,0.09
MDT,MEDTRONIC PUBLIC LIMITED COMPANY,Health Care,2025-11-14,0.0066
MOH,"MOLINA HEALTHCARE, INC.",Health Care,2025-11-14,-0.2813
MRK,"MERCK & CO., INC.",Health Care,2025-11-14,0.1071
MRNA,"MODERNA, INC.",Health Care,2025-11-14,-0.041
MTD,METTLER-TOLEDO INTERNATIONAL INC.,Health Care,2025-11-14,0.1429
PFE,PFIZER INC.,Health Care,2025-11-14,-0.0165
PODD,INSULET ,Health Care,2025-11-14,0.0776
REGN,"REGENERON PHARMACEUTICALS, INC.",Health Care,2025-11-14,0.2334
RMD,RESMED INC.,Health Care,2025-11-14,-0.1069
RVTY,"REVVITY, INC.",Health Care,2025-11-14,0.058
SOLV,SOLVENTUM ,Health Care,2025-11-14,0.0364
STE,STERIS PUBLIC LIMITED COMPANY,Health Care,2025-11-14,0.0443
SYK,STRYKER ,Health Care,2025-11-14,-0.0202
TECH,BIO-TECHNE ,Health Care,2025-11-14,0.0674
TMO,THERMO FISHER SCIENTIFIC INC.,Health Care,2025-11-14,0.1932
UHS,"UNIVERSAL HEALTH SERVICES, INC.",Health Care,2025-11-14,0.1008
UNH,UNITEDHEALTH GROUP INC.,Health Care,2025-11-14,-0.0679
VRTX,VERTEX PHARMACEUTICALS INC.,Health Care,2025-11-14,0.1162
VTRS,VIATRIS INC.,Health Care,2025-11-14,0.0828
WAT,WATERS ,Health Care,2025-11-14,0.2655
WST,"WEST PHARMACEUTICAL SERVICES, INC.",Health Care,2025-11-14,-0.0037
ZBH,"ZIMMER BIOMET HOLDINGS, INC.",Health Care,2025-11-14,-0.0872
ZTS,ZOETIS INC.,Health Care,2025-11-14,-0.1743
ADP,"AUTOMATIC DATA PROCESSING, INC.",Industrials,2025-11-14,-0.1377
ALLE,ALLEGION PUBLIC LIMITED COMPANY,Industrials,2025-11-14,-0.0908
AME,"AMETEK, INC.",Industrials,2025-11-14,0.0285
AOS,A. O. SMITH ,Industrials,2025-11-14,-0.1181
AXON,"AXON ENTERPRISE, INC.",Industrials,2025-11-14,-0.2275
BA,THE BOEING COMPANY,Industrials,2025-11-14,-0.0987
BLDR,"BUILDERS FIRSTSOURCE, INC.",Industrials,2025-11-14,-0.1469
BR,"BROADRIDGE FINANCIAL SOLUTIONS, INC.",Industrials,2025-11-14,-0.0508
CARR,CARRIER GLOBAL ,Industrials,2025-11-14,-0.0938
CAT,CATERPILLAR INC.,Industrials,2025-11-14,0.1611
CHRW,"C.H. ROBINSON WORLDWIDE, INC.",Industrials,2025-11-14,0.1541
CMI,CUMMINS INC.,Industrials,2025-11-14,0.0953
CPRT,"COPART, INC.",Industrials,2025-11-14,-0.0865
CSX,CSX ,Industrials,2025-11-14,-0.0172
CTAS,CINTAS ,Industrials,2025-11-14,-0.0903
DAL,"DELTA AIR LINES, INC.",Industrials,2025-11-14,0.0293
DAY,CERIDIAN HCM HOLDING INC.,Industrials,2025-11-14,0.0016
DE,DEERE & COMPANY,Industrials,2025-11-14,0.0415
DOV,DOVER ,Industrials,2025-11-14,0.0976
EFX,EQUIFAX INC.,Industrials,2025-11-14,-0.1925
EME,"EMCOR GROUP, INC.",Industrials,2025-11-14,-0.0457
EMR,EMERSON ELECTRIC CO.,Industrials,2025-11-14,-0.0274
ETN,EATON  PUBLIC LIMITED COMPANY,Industrials,2025-11-14,-0.0584
EXPD,EXPEDITORS INTERNATIONAL OF WASHINGTON,Industrials,2025-11-14,0.1291
FAST,FASTENAL COMPANY,Industrials,2025-11-14,-0.1752
FDX,FEDEX ,Industrials,2025-11-14,0.1346
FTV,FORTIVE ,Industrials,2025-11-14,0.0531
GD,GENERAL DYNAMICS ,Industrials,2025-11-14,0.0095
GE,GENERAL ELECTRIC COMPANY,Industrials,2025-11-14,0.0133
GEV,GE VERNOVA INC.,Industrials,2025-11-14,-0.0595
GNRC,GENERAC HOLDINGS INC.,Industrials,2025-11-14,-0.0967
GWW,"W.W. GRAINGER, INC.",Industrials,2025-11-14,-0.0281
HII,"HUNTINGTON INGALLS INDUSTRIES, INC.",Industrials,2025-11-14,0.0905
HON,HONEYWELL INTERNATIONAL INC.,Industrials,2025-11-14,-0.0544
HUBB,HUBBELL INC.,Industrials,2025-11-14,0.0058
HWM,HOWMET AEROSPACE INC.,Industrials,2025-11-14,0.036
IEX,IDEX ,Industrials,2025-11-14,0.0106
IR,INGERSOLL RAND INC.,Industrials,2025-11-14,-0.0865
ITW,ILLINOIS TOOL WORKS INC.,Industrials,2025-11-14,-0.0644
J,JACOBS SOLUTIONS INC.,Industrials,2025-11-14,0.0304
JBHT,"J. B. HUNT TRANSPORT SERVICES, INC.",Industrials,2025-11-14,0.2135
JCI,JOHNSON CONTROLS INTERNATIONAL PLC,Industrials,2025-11-14,0.0798
LDOS,"LEIDOS HOLDINGS, INC.",Industrials,2025-11-14,0.013
LHX,"L3HARRIS TECHNOLOGIES, INC.",Industrials,2025-11-14,-0.0525
LII,LENNOX INTERNATIONAL INC.,Industrials,2025-11-14,-0.1093
LMT,LOCKHEED MARTIN ,Industrials,2025-11-14,-0.067
LUV,SOUTHWEST AIRLINES CO.,Industrials,2025-11-14,0.0285
MAS,MASCO ,Industrials,2025-11-14,-0.137
MMM,3M COMPANY,Industrials,2025-11-14,0.0799
NDSN,NORDSON ,Industrials,2025-11-14,0.0146
NOC,NORTHROP GRUMMAN ,Industrials,2025-11-14,-0.0842
NSC,NORFOLK SOUTHERN ,Industrials,2025-11-14,-0.0547
ODFL,"OLD DOMINION FREIGHT LINE, INC.",Industrials,2025-11-14,-0.0603
OTIS,OTIS WORLDWIDE ,Industrials,2025-11-14,-0.0291
PAYC,"PAYCOM SOFTWARE, INC.",Industrials,2025-11-14,-0.2019
PAYX,"PAYCHEX, INC.",Industrials,2025-11-14,-0.1157
PCAR,PACCAR INC,Industrials,2025-11-14,-0.0278
PH,PARKER-HANNIFIN ,Industrials,2025-11-14,0.0973
PNR,PENTAIR PUBLIC LIMITED COMPANY,Industrials,2025-11-14,-0.0581
PWR,"QUANTA SERVICES, INC.",Industrials,2025-11-14,0.0359
ROK,"ROCKWELL AUTOMATION, INC.",Industrials,2025-11-14,0.079
ROL,"ROLLINS, INC.",Industrials,2025-11-14,-0.0089
RSG,"REPUBLIC SERVICES, INC.",Industrials,2025-11-14,-0.0858
RTX,RTX ,Industrials,2025-11-14,0.0492
SNA,SNAP-ON INC.,Industrials,2025-11-14,-0.0478
SWK,"STANLEY BLACK & DECKER, INC.",Industrials,2025-11-14,-0.1168
TDG,TRANSDIGM GROUP INC.,Industrials,2025-11-14,0.0171
TT,TRANE TECHNOLOGIES PLC,Industrials,2025-11-14,-0.009
TXT,TEXTRON INC.,Industrials,2025-11-14,-0.0446
UAL,"UNITED AIRLINES HOLDINGS, INC.",Industrials,2025-11-14,-0.0152
UBER,"UBER TECHNOLOGIES, INC.",Industrials,2025-11-14,-0.0648
UNP,UNION PACIFIC ,Industrials,2025-11-14,-0.0565
UPS,"UNITED PARCEL SERVICE, INC.",Industrials,2025-11-14,0.149
URI,"UNITED RENTALS, INC.",Industrials,2025-11-14,-0.1264
VLTO,VERALTO ,Industrials,2025-11-14,-0.0734
VRSK,"VERISK ANALYTICS, INC.",Industrials,2025-11-14,-0.1418
WAB,WESTINGHOUSE AIR BRAKE TECHNOLOGIES ,Industrials,2025-11-14,0.0172
WM,"WASTE MANAGEMENT, INC.",Industrials,2025-11-14,-0.0528
XYL,XYLEM INC.,Industrials,2025-11-14,-0.0323
AAPL,APPLE INC.,Information Technology,2025-11-14,0.0698
ACN,ACCENTURE PUBLIC LIMITED COMPANY,Information Technology,2025-11-14,-0.0056
ADBE,ADOBE INC.,Information Technology,2025-11-14,-0.0613
ADI,"ANALOG DEVICES, INC.",Information Technology,2025-11-14,-0.044
ADSK,"AUTODESK, INC.",Information Technology,2025-11-14,-0.0575
AKAM,"AKAMAI TECHNOLOGIES, INC.",Information Technology,2025-11-14,0.1506
AMAT,"APPLIED MATERIALS, INC.",Information Technology,2025-11-14,0.1039
AMD,"ADVANCED MICRO DEVICES, INC.",Information Technology,2025-11-14,0.5255
ANET,"ARISTA NETWORKS, INC.",Information Technology,2025-11-14,-0.0984
APH,AMPHENOL ,Information Technology,2025-11-14,0.0807
AVGO,BROADCOM INC.,Information Technology,2025-11-14,0.038
CDNS,"CADENCE DESIGN SYSTEMS, INC.",Information Technology,2025-11-14,-0.1034
CDW,CDW ,Information Technology,2025-11-14,-0.0892
CRM,"SALESFORCE, INC.",Information Technology,2025-11-14,0.0281
CRWD,"CROWDSTRIKE HOLDINGS, INC.",Information Technology,2025-11-14,0.0962
CSCO,"CISCO SYSTEMS, INC.",Information Technology,2025-11-14,0.14
CTSH,COGNIZANT TECHNOLOGY SOLUTIONS ,Information Technology,2025-11-14,0.0827
DDOG,"DATADOG, INC.",Information Technology,2025-11-14,0.2992
DELL,DELL TECHNOLOGIES INC.,Information Technology,2025-11-14,-0.0565
EPAM,"EPAM SYSTEMS, INC.",Information Technology,2025-11-14,0.1872
FFIV,"F5, INC.",Information Technology,2025-11-14,-0.276
FICO,FAIR ISAAC ,Information Technology,2025-11-14,0.1636
FSLR,"FIRST SOLAR, INC.",Information Technology,2025-11-14,0.1476
FTNT,"FORTINET, INC.",Information Technology,2025-11-14,-0.0211
GDDY,GODADDY INC.,Information Technology,2025-11-14,-0.0521
GEN,GEN DIGITAL INC.,Information Technology,2025-11-14,-0.0595
GLW,CORNING INC.,Information Technology,2025-11-14,0.0004
HPE,HEWLETT PACKARD ENTERPRISE COMPANY,Information Technology,2025-11-14,-0.0704
HPQ,HP INC.,Information Technology,2025-11-14,-0.0992
IBM,INTERNATIONAL BUSINESS MACHINES ,Information Technology,2025-11-14,0.0834
INTC,INTEL ,Information Technology,2025-11-14,0.0587
INTU,INTUIT INC.,Information Technology,2025-11-14,-0.03
IT,"GARTNER, INC.",Information Technology,2025-11-14,-0.1211
JBL,JABIL INC.,Information Technology,2025-11-14,-0.0705
KEYS,"KEYSIGHT TECHNOLOGIES, INC.",Information Technology,2025-11-14,0.0237
KLAC,KLA ,Information Technology,2025-11-14,0.0517
LRCX,LAM RESEARCH ,Information Technology,2025-11-14,0.1072
MCHP,MICROCHIP TECHNOLOGY INC.,Information Technology,2025-11-14,-0.1672
MPWR,"MONOLITHIC POWER SYSTEMS, INC.",Information Technology,2025-11-14,-0.0005
MSFT,MICROSOFT ,Information Technology,2025-11-14,-0.015
MSI,"MOTOROLA SOLUTIONS, INC.",Information Technology,2025-11-14,-0.1691
MU,"MICRON TECHNOLOGY, INC.",Information Technology,2025-11-14,0.4752
NOW,"SERVICENOW, INC.",Information Technology,2025-11-14,-0.0759
NTAP,"NETAPP, INC.",Information Technology,2025-11-14,-0.0761
NVDA,NVIDIA ,Information Technology,2025-11-14,0.0192
NXPI,NXP SEMICONDUCTORS NV,Information Technology,2025-11-14,-0.1345
ON,ON SEMICONDUCTOR ,Information Technology,2025-11-14,-0.0485
ORCL,ORACLE ,Information Technology,2025-11-14,-0.2076
PANW,"PALO ALTO NETWORKS, INC.",Information Technology,2025-11-14,0.008
PLTR,PALANTIR TECHNOLOGIES INC.,Information Technology,2025-11-14,-0.0461
PTC,PTC INC.,Information Technology,2025-11-14,-0.1153
QCOM,QUALCOMM INC.,Information Technology,2025-11-14,0.0458
ROP,"ROPER TECHNOLOGIES, INC.",Information Technology,2025-11-14,-0.0986
SMCI,"SUPER MICRO COMPUTER, INC.",Information Technology,2025-11-14,-0.2403
SNPS,"SYNOPSYS, INC.",Information Technology,2025-11-14,-0.2099
STX,SEAGATE TECHNOLOGY HOLDINGS,Information Technology,2025-11-14,0.0938
SWKS,"SKYWORKS SOLUTIONS, INC.",Information Technology,2025-11-14,-0.1348
TDY,TELEDYNE TECHNOLOGIES INC.,Information Technology,2025-11-14,-0.1447
TEL,TE CONNECTIVITY LTD,Information Technology,2025-11-14,0.0811
TER,"TERADYNE, INC.",Information Technology,2025-11-14,0.2349
TRMB,TRIMBLE INC.,Information Technology,2025-11-14,-0.0501
TXN,TEXAS INSTRUMENTS INC.,Information Technology,2025-11-14,-0.1328
TYL,"TYLER TECHNOLOGIES, INC.",Information Technology,2025-11-14,-0.1061
VRSN,"VERISIGN, INC.",Information Technology,2025-11-14,-0.0955
WDAY,"WORKDAY, INC.",Information Technology,2025-11-14,-0.0412
WDC,WESTERN DIGITAL ,Information Technology,2025-11-14,0.3146
ZBRA,ZEBRA TECHNOLOGIES ,Information Technology,2025-11-14,-0.1905
ALB,ALBEMARLE ,Materials,2025-11-14,0.4201
AMCR,AMCOR PLC,Materials,2025-11-14,0.0367
APD,"AIR PRODUCTS AND CHEMICALS, INC.",Materials,2025-11-14,-0.0491
AVY,AVERY DENNISON ,Materials,2025-11-14,0.0662
BALL,BALL ,Materials,2025-11-14,-0.0559
CF,"CF INDUSTRIES HOLDINGS, INC.",Materials,2025-11-14,-0.052
CTVA,"CORTEVA, INC.",Materials,2025-11-14,-0.0241
DD,"DUPONT DE NEMOURS, INC.",Materials,2025-11-14,-0.4902
DOW,DOW INC.,Materials,2025-11-14,0.0
ECL,ECOLAB INC.,Materials,2025-11-14,-0.0558
EMN,EASTMAN CHEMICAL COMPANY,Materials,2025-11-14,-0.0444
FCX,FREEPORT-MCMORAN INC.,Materials,2025-11-14,0.024
IFF,INTERNATIONAL FLAVORS & FRAGRANCES INC.,Materials,2025-11-14,0.0705
IP,INTERNATIONAL PAPER COMPANY,Materials,2025-11-14,-0.195
LIN,LINDE PUBLIC LIMITED COMPANY,Materials,2025-11-14,-0.1087
LYB,LYONDELLBASELL INDUSTRIES NV,Materials,2025-11-14,-0.0763
MLM,"MARTIN MARIETTA MATERIALS, INC.",Materials,2025-11-14,-0.0537
MOS,THE MOSAIC COMPANY,Materials,2025-11-14,-0.2488
NEM,NEWMONT ,Materials,2025-11-14,0.0414
NUE,NUCOR ,Materials,2025-11-14,0.0912
PKG,PACKAGING  OF AMERICA,Materials,2025-11-14,-0.095
PPG,"PPG INDUSTRIES, INC.",Materials,2025-11-14,-0.0769
SHW,THE SHERWIN-WILLIAMS COMPANY,Materials,2025-11-14,-0.0407
STLD,"STEEL DYNAMICS, INC.",Materials,2025-11-14,0.1146
SW,SMURFIT WESTROCK PUBLIC LIMITED COMPANY,Materials,2025-11-14,-0.1945
VMC,VULCAN MATERIALS COMPANY,Materials,2025-11-14,-0.0879
AMT,AMERICAN TOWER ,Real Estate,2025-11-14,-0.0454
ARE,"ALEXANDRIA REAL ESTATE EQUITIES, INC.",Real Estate,2025-11-14,-0.3726
AVB,"AVALONBAY COMMUNITIES, INC.",Real Estate,2025-11-14,-0.0801
BXP,"BOSTON PROPERTIES, INC.",Real Estate,2025-11-14,-0.0498
CBRE,"CBRE GROUP, INC.",Real Estate,2025-11-14,-0.0248
CCI,CROWN CASTLE INC.,Real Estate,2025-11-14,-0.0498
CPT,CAMDEN PROPERTY TRUST,Real Estate,2025-11-14,-0.0386
CSGP,"COSTAR GROUP, INC.",Real Estate,2025-11-14,-0.1934
DLR,"DIGITAL REALTY TRUST, INC.",Real Estate,2025-11-14,-0.085
DOC,"HEALTHDOC PROPERTIES, INC.",Real Estate,2025-11-14,-0.094
EQIX,"EQUINIX, INC.",Real Estate,2025-11-14,0.003
EQR,EQUITY RESIDENTIAL,Real Estate,2025-11-14,-0.082
ESS,"ESSEX PROPERTY TRUST, INC.",Real Estate,2025-11-14,-0.0488
EXR,EXTRA SPACE STORAGE INC.,Real Estate,2025-11-14,-0.057
FRT,FEDERAL REALTY INVESTMENT TRUST,Real Estate,2025-11-14,-0.0422
HST,"HOST HOTELS & RESORTS, INC.",Real Estate,2025-11-14,0.0335
INVH,INVITATION HOMES INC.,Real Estate,2025-11-14,-0.032
IRM,IRON MOUNTAIN INC.,Real Estate,2025-11-14,-0.1037
KIM,KIMCO REALTY .,Real Estate,2025-11-14,-0.0654
MAA,"MID-AMERICA APARTMENT COMMUNITIES, INC.",Real Estate,2025-11-14,-0.0629
O,REALTY INCOME ,Real Estate,2025-11-14,-0.0656
PLD,"PROLOGIS, INC.",Real Estate,2025-11-14,0.0726
PSA,PUBLIC STORAGE.,Real Estate,2025-11-14,-0.0505
REG,REGENCY CENTERS ,Real Estate,2025-11-14,-0.0454
SBAC,SBA COMMUNICATIONS ,Real Estate,2025-11-14,0.02
SPG,"SIMON PROPERTY GROUP, INC.",Real Estate,2025-11-14,-0.0263
UDR,"UDR, INC.",Real Estate,2025-11-14,-0.0692
VICI,VICI PROPERTIES INC.,Real Estate,2025-11-14,-0.069
VTR,"VENTAS, INC.",Real Estate,2025-11-14,0.1144
WELL,WELLTOWER INC.,Real Estate,2025-11-14,0.088
WY,WEYERHAEUSER COMPANY,Real Estate,2025-11-14,-0.1073
UUP,INVESCO DB USD IDX BL,USD,2025-11-14,0.0218
AEE,AMEREN ,Utilities,2025-11-14,0.0061
AEP,"AMERICAN ELECTRIC POWER COMPANY, INC.",Utilities,2025-11-14,0.0782
AES,THE AES ,Utilities,2025-11-14,0.0502
ATO,ATMOS ENERGY ,Utilities,2025-11-14,0.0256
AWK,"AMERICAN WATER WORKS COMPANY, INC.",Utilities,2025-11-14,-0.0544
CEG,CONSTELLATION ENERGY .,Utilities,2025-11-14,0.0287
CMS,CMS ENERGY ,Utilities,2025-11-14,0.0093
CNP,"CENTERPOINT ENERGY, INC.",Utilities,2025-11-14,0.0242
D,"DOMINION ENERGY, INC.",Utilities,2025-11-14,-0.01
DTE,DTE ENERGY COMPANY,Utilities,2025-11-14,-0.0306
DUK,DUKE ENERGY ,Utilities,2025-11-14,-0.0084
ED,"CONSOLIDATED EDISON, INC.",Utilities,2025-11-14,0.0113
EIX,EDISON INTERNATIONAL,Utilities,2025-11-14,0.062
ES,EVERSOURCE ENERGY,Utilities,2025-11-14,0.0304
ETR,ENTERGY ,Utilities,2025-11-14,0.02
EVRG,"EVERGY, INC.",Utilities,2025-11-14,0.0059
EXC,EXELON ,Utilities,2025-11-14,0.0207
FE,FIRSTENERGY CORP.,Utilities,2025-11-14,0.0026
LNT,ALLIANT ENERGY ,Utilities,2025-11-14,-0.0012
NEE,"NEXTERA ENERGY, INC.",Utilities,2025-11-14,0.1111
NI,NISOURCE INC.,Utilities,2025-11-14,-0.0097
NRG,"NRG ENERGY, INC.",Utilities,2025-11-14,0.02
PCG,PG&E ,Utilities,2025-11-14,0.0935
PEG,PUBLIC SERVICE ENTERPRISE GROUP INC.,Utilities,2025-11-14,-0.0074
PNW,PINNACLE WEST CAPITAL ,Utilities,2025-11-14,-0.0142
PPL,PPL ,Utilities,2025-11-14,-0.0108
SO,THE SOUTHERN COMPANY,Utilities,2025-11-14,-0.0431
SRE,SEMPRA,Utilities,2025-11-14,0.0224
VST,VISTRA CORP.,Utilities,2025-11-14,-0.1084
WEC,"WEC ENERGY GROUP, INC.",Utilities,2025-11-14,-0.0316
XEL,XCEL ENERGY INC.,Utilities,2025-11-14,-0.0009
FVX,5 YR TSY YLD NDX,Yields,2025-11-14,0.0008
TNX,10 Y TSY YLD NDX,Yields,2025-11-14,0.0
TYX,30 Y TSY YLD NDX,Yields,2025-11-14,0.0032
ASC,ARDMORE SHIPPING ,,2025-11-14,0.0792
BTC=F,BITCOIN FUTURES,,2025-11-14,-0.1711
BTI,BRITISH AMERICAN TOBACCO P.L.C.,,2025-11-14,0.0198
BTU,PEABODY ENERGY ,,2025-11-14,0.0886
CALM,"CAL-MAINE FOODS, INC.",,2025-11-14,-0.0386
CANE,TEUCRIUM:SUGAR,,2025-11-14,-0.1028
CCJ,CAMECO ,,2025-11-14,0.0107
CIVI,"CIVITAS RESOURCES, INC.",,2025-11-14,-0.1252
CMBT,CMB.TECH NV,,2025-11-14,0.0447
CMRE,COSTAMARE INC.,,2025-11-14,0.2267
CNR,"CORE NATURAL RESOURCES, INC.",,2025-11-14,-0.0133
COMT,ISHARES:GSCI COMM DYN RS,,2025-11-14,0.0039
CORN,TEUCRIUM:CORN,,2025-11-14,0.0258
CPER,UNITED STATES COPPER IDX,,2025-11-14,0.044
CRESY,CRESUD INC.,,2025-11-14,0.2641
DBA,INVESCO DB MS AGRI,,2025-11-14,-0.025
DBB,INVESCO DB MS BMTL,,2025-11-14,0.0506
DBC,INVESCO DB CM IDX,,2025-11-14,0.0195
DHT,"DHT HOLDINGS, INC.",,2025-11-14,0.1439
DIA,SPDR DOW JONES INDUS AVG,,2025-11-14,0.0174
DJI,DOW JONES INDUSTRIAL AVERAGE INDEX,,2025-11-14,0.0162
EC,ECOPETROL SA,,2025-11-14,0.1281
ECH,ISHARES:MSCI CHILE,,2025-11-14,0.1035
EDEN,ISHARES:MSCI DENMARK,,2025-11-14,0.002
EFNL,ISHARES:MSCI FINLAND,,2025-11-14,0.0674
EIDO,ISHARES:MSCI INDONESIA,,2025-11-14,0.0473
EIRL,ISHARES:MSCI IRELAND,,2025-11-14,0.0363
EIS,ISHARES:MSCI ISRAEL,,2025-11-14,0.052
ENZL,ISHARES:MSCI NEW ZLND,,2025-11-14,-0.0237
EPHE,ISHARES:MSCI PHILIPPINES,,2025-11-14,-0.0628
EPOL,ISHARES:MSCI POLAND,,2025-11-14,0.0609
EPU,ISHARES:MSCI PERU,,2025-11-14,0.0137
ES=F,E-MINI S&P 500 FUTURES,,2025-11-14,0.0061
EWA,ISHARES:MSCI AUSTRALIA,,2025-11-14,-0.0389
EWC,ISHARES:MSCI CANADA,,2025-11-14,0.0067
EWD,ISHARES:MSCI SWEDEN,,2025-11-14,0.0095
EWG,ISHARES:MSCI GERMANY,,2025-11-14,-0.018
EWH,ISHARES:MSCI HONG KONG,,2025-11-14,0.0566
EWI,ISHARES:MSCI ITALY,,2025-11-14,0.0241
EWJ,ISHARES:MSCI JAPAN,,2025-11-14,0.047
EWK,ISHARES:MSCI BELGIUM,,2025-11-14,0.0436
EWL,ISHARES:MSCI SWITZERLAND,,2025-11-14,0.0418
EWM,ISHARES:MSCI MALAYSIA,,2025-11-14,0.0204
EWN,ISHARES:MSCI NETHERLANDS,,2025-11-14,0.0021
EWO,ISHARES:MSCI AUSTRIA,,2025-11-14,0.0234
EWP,ISHARES:MSCI SPAIN,,2025-11-14,0.0434
EWQ,ISHARES:MSCI FRANCE,,2025-11-14,0.0207
EWS,ISHARES:MSCI SINGAPORE,,2025-11-14,0.0035
EWT,ISHARES:MSCI TAIWAN,,2025-11-14,0.0244
EWU,ISHARES:MSCI UK,,2025-11-14,0.0191
EWW,ISHARES:MSCI MEXICO,,2025-11-14,-0.0145
EWY,ISHARES:MSCI S KOREA,,2025-11-14,0.1752
EWZ,ISHARES:MSCI BRAZIL,,2025-11-14,0.0703
FRO,FRONTLINE PLC,,2025-11-14,0.118
FTI,TECHNIPFMC PLC,,2025-11-14,0.1075
FXA,INVESCO:AU DOLLAR,,2025-11-14,-0.0123
FXB,INVESCO:GBP STERLING,,2025-11-14,-0.0219
FXC,INVESCO:CANADIAN DOLLAR,,2025-11-14,-0.0088
FXE,INVESCO:EURO,,2025-11-14,-0.0108
FXY,INVESCO:JAPANESE YEN,,2025-11-14,-0.0431
GDX,VANECK:GOLD MINERS,,2025-11-14,-0.0031
GDXJ,VANECK:JR GOLD MINERS,,2025-11-14,-0.0161
GEOS,GEOSPACE TECHNOLOGIES ,,2025-11-14,0.2769
GGB,GERDAU SA,,2025-11-14,0.1419
GLATF,GLOBAL ATOMIC ,,2025-11-14,-0.332
GNK,GENCO SHIPPING & TRADING LIMITED,,2025-11-14,-0.0135
GREK,GLBL X MSCI GREECE,,2025-11-14,0.0093
HLX,"HELIX ENERGY SOLUTIONS GROUP, INC.",,2025-11-14,0.0305
HYD,VANECK:HIGH YIELD MUNI,,2025-11-14,-0.0037
ICL,ICL GROUP LTD,,2025-11-14,-0.1222
INDA,ISHARES:MSCI INDIA,,2025-11-14,0.0492
IWD,ISHARES:RUSS 1000 VL ETF,,2025-11-14,0.0059
IWF,ISHARES:RUSS 1000 GR ETF,,2025-11-14,0.0054
IWM,ISHARES:RUSS 2000 ETF,,2025-11-14,-0.0185
JNK,SPDR BBG HIGH YIELD BD,,2025-11-14,-0.0139
MCHI,ISHARES:MSCI CHINA,,2025-11-14,-0.0357
MDY,SPDR S&P MIDCAP 400 ETF,,2025-11-14,-0.0166
MP,MP MATERIALS CORP,,2025-11-14,-0.1257
MTUM,ISHARES:MSCI USA MOM FCT,,2025-11-14,-0.0405
MUB,ISHARES:NATL MUNI BOND,,2025-11-14,0.0045
NDX,NASDAQ 100 INDEX,,2025-11-14,0.0133
NORW,GLBL X MSCI NORWAY ETF,,2025-11-14,-0.0376
NOV,NOV INC.,,2025-11-14,0.1864
NQ=F,NASDAQ 100 FUTURES,,2025-11-14,0.0125
OEF,ISHARES:S&P 100,,2025-11-14,0.0177
PAM,PAMPA ENERGIA SA,,2025-11-14,0.4997
PBR,BRAZILIAN PETROLEUM  - PETROBRAS,,2025-11-14,0.0411
PFF,ISHARES:PREF AND INC SEC,,2025-11-14,-0.0232
POWA,INVESCO BLOOMBERG PRICING POWER,,2025-11-14,-0.0115
PPLT,ABRDN:PHYSICAL PLATINUM,,2025-11-14,-0.017
QAT,ISHARES:MSCI QATAR,,2025-11-14,-0.0125
QQQ,INVESCO QQQ TRUST 1,,2025-11-14,0.0141
QUAL,ISHARES:MSCI USA QF,,2025-11-14,-0.0006
RIG,TRANSOCEAN LTD,,2025-11-14,0.2853
ROKU,"ROKU, INC.",,2025-11-14,-0.0036
RSP,INVESCO S&P500 EWGHT,,2025-11-14,-0.0124
RUT,RUSSELL 2000 INDEX,,2025-11-14,-0.0198
SBLK,STAR BULK CARRIERS CORP.,,2025-11-14,0.0178
SCHP,SCHWAB STR:US TIPS,,2025-11-14,-0.0056
SD,"SANDRIDGE ENERGY, INC.",,2025-11-14,0.2793
SDY,SPDR S&P DIVIDEND,,2025-11-14,-0.0131
SILJ,ETFMG PRIME JR SILVR MNR,,2025-11-14,-0.0091
SLV,ISHARES:SILVER TRUST,,2025-11-14,0.0847
SMH,VANECK:SEMICONDUCTOR,,2025-11-14,0.0571
SOYB,TEUCRIUM:SOYBEAN,,2025-11-14,0.0885
SPHB,INVESCO S&P500 HI BE,,2025-11-14,0.0065
SPLV,INVESCO S&P500 LOWVL,,2025-11-14,-0.02
SPX,S&P 500 INDEX,,2025-11-14,0.0068
SPY,SPDR S&P 500 ETF,,2025-11-14,0.0086
STLA,STELLANTIS NV,,2025-11-14,0.1113
STNG,SCORPIO TANKERS INC.,,2025-11-14,0.1035
TAGS,TEUCRIUM:AGRICULTURAL,,2025-11-14,0.0049
TDW,TIDEWATER INC.,,2025-11-14,0.102
TECK,TECK RESOURCES LIMITED,,2025-11-14,-0.0633
THD,ISHARES:MSCI THAI,,2025-11-14,-0.0041
TS,TENARIS SA,,2025-11-14,0.1373
TUR,ISHARES:MSCI TURKEY,,2025-11-14,-0.0403
URA,GLBL X URANIUM ETF,,2025-11-14,-0.0613
URNM,SPROTT URANIUM MINERS,,2025-11-14,-0.1057
VAL,VALARIS LIMITED,,2025-11-14,0.1694
VIX,CBOE MKT VOLATILITY IDX,,2025-11-14,0.2181
VNM,VANECK:VIETNAM,,2025-11-14,-0.014
VXN,CBOE NASDAQ MKT VOL NDX,,2025-11-14,0.3075
WEAT,TEUCRIUM:WHEAT,,2025-11-14,0.0243
XES,SPDR S&P OIL&GAS E&S,,2025-11-14,0.1031
XLB,SEL SECTOR:MATRLS SPDR,,2025-11-14,-0.0318
XLC,SEL SECTOR:COMM SVC SPDR,,2025-11-14,-0.0595
XLE,SEL SECTOR:ENERGY SPDR,,2025-11-14,0.03
XLF,SEL SECTOR:FINL S SPDR,,2025-11-14,-0.0264
XLI,SEL SECTOR:INDUST SPDR,,2025-11-14,-0.0144
XLK,SEL SECTOR:TECH SPDR,,2025-11-14,0.0223
XLP,SEL SECTOR:C STP SPDR,,2025-11-14,-0.0142
XLRE,SEL SECTOR:RL EST SPDR,,2025-11-14,-0.028
XLU,SEL SECTOR:UTIL SPDR,,2025-11-14,0.0178
XLV,SEL SECTOR:H CARE SPDR,,2025-11-14,0.091
XLY,SEL SECTOR:C DSC SPDR,,2025-11-14,-0.0365
XOP,SPDR S&P OIL&GAS EXP,,2025-11-14,0.0137
