Ticker,Ticker_name,Exposure,Date,mtd_pct_change
EDV,VANGUARD EXT DUR T;ETF,Bonds,2025-12-16,-0.0359
HYG,ISHARES:IBOXX $HY CORP,Bonds,2025-12-16,-0.0041
IEF,ISHARES:7-10 TRS BD ETF,Bonds,2025-12-16,-0.0098
LQD,ISHARES:IBOXX $IG CORP,Bonds,2025-12-16,-0.0117
SHY,ISHARES:1-3 TRS BD ETF,Bonds,2025-12-16,-0.0014
STIP,ISHARES:0-5 TIPS BD ETF,Bonds,2025-12-16,-0.0049
TIP,ISHARES:TIPS BD ETF,Bonds,2025-12-16,-0.0098
TLT,ISHARES:20+ TRS BD ETF,Bonds,2025-12-16,-0.0258
APP,APPLOVIN CORP,Communication Services,2025-12-16,0.1298
CHTR,"CHARTER COMMUNICATIONS, INC.",Communication Services,2025-12-16,0.0558
CMCSA,COMCAST ,Communication Services,2025-12-16,0.1139
DIS,THE WALT DISNEY COMPANY,Communication Services,2025-12-16,0.0684
EA,ELECTRONIC ARTS INC.,Communication Services,2025-12-16,0.0107
FOXA,FOX ,Communication Services,2025-12-16,0.0742
GOOGL,ALPHABET INC.,Communication Services,2025-12-16,-0.0425
LYV,"LIVE NATION ENTERTAINMENT, INC.",Communication Services,2025-12-16,0.0506
META,"META PLATFORMS, INC.",Communication Services,2025-12-16,0.0142
MTCH,"MATCH GROUP, INC.",Communication Services,2025-12-16,-0.0327
NFLX,"NETFLIX, INC.",Communication Services,2025-12-16,-0.1209
NWSA,NEWS CORP.,Communication Services,2025-12-16,0.0082
OMC,OMNICOM GROUP INC.,Communication Services,2025-12-16,0.1259
PSKY,PARAMOUNT SKYDANCE ,Communication Services,2025-12-16,-0.1355
T,AT&T INC.,Communication Services,2025-12-16,-0.0749
TKO,"TKO GROUP HOLDINGS, INC.",Communication Services,2025-12-16,0.0864
TMUS,"T-MOBILE US, INC.",Communication Services,2025-12-16,-0.0527
TTD,"THE TRADE DESK, INC.",Communication Services,2025-12-16,-0.0738
TTWO,"TAKE-TWO INTERACTIVE SOFTWARE, INC.",Communication Services,2025-12-16,-0.0063
VZ,VERIZON COMMUNICATIONS INC.,Communication Services,2025-12-16,-0.0088
WBD,"WARNER BROS. DISCOVERY, INC.",Communication Services,2025-12-16,0.2042
ABNB,"AIRBNB, INC.",Consumer Discretionary,2025-12-16,0.1284
AMZN,"AMAZON.COM, INC.",Consumer Discretionary,2025-12-16,-0.0457
APTV,APTIV PLC,Consumer Discretionary,2025-12-16,-0.0017
AZO,"AUTOZONE, INC.",Consumer Discretionary,2025-12-16,-0.1358
BBY,"BEST BUY CO., INC.",Consumer Discretionary,2025-12-16,-0.084
BKNG,BOOKING HOLDINGS INC.,Consumer Discretionary,2025-12-16,0.1063
CCL,CARNIVAL CORP,Consumer Discretionary,2025-12-16,0.0939
CMG,"CHIPOTLE MEXICAN GRILL, INC.",Consumer Discretionary,2025-12-16,0.033
DASH,"DOORDASH, INC.",Consumer Discretionary,2025-12-16,0.1491
DECK,DECKERS OUTDOOR ,Consumer Discretionary,2025-12-16,0.1837
DHI,"D.R. HORTON, INC.",Consumer Discretionary,2025-12-16,-0.0245
DPZ,"DOMINO'S PIZZA, INC.",Consumer Discretionary,2025-12-16,0.034
DRI,"DARDEN RESTAURANTS, INC.",Consumer Discretionary,2025-12-16,0.0331
EBAY,EBAY INC.,Consumer Discretionary,2025-12-16,-0.0135
EXPE,"EXPEDIA GROUP, INC.",Consumer Discretionary,2025-12-16,0.1147
F,FORD MOTOR COMPANY,Consumer Discretionary,2025-12-16,0.0294
GM,GENERAL MOTORS COMPANY,Consumer Discretionary,2025-12-16,0.1121
GPC,GENUINE PARTS COMPANY,Consumer Discretionary,2025-12-16,-0.0072
GRMN,GARMIN LTD,Consumer Discretionary,2025-12-16,0.06
HAS,"HASBRO, INC.",Consumer Discretionary,2025-12-16,-0.0265
HD,"THE HOME DEPOT, INC.",Consumer Discretionary,2025-12-16,-0.0119
HLT,HILTON WORLDWIDE HOLDINGS INC.,Consumer Discretionary,2025-12-16,0.0028
KMX,"CARMAX, INC.",Consumer Discretionary,2025-12-16,0.051
LEN,LENNAR ,Consumer Discretionary,2025-12-16,-0.1046
LKQ,LKQ ,Consumer Discretionary,2025-12-16,0.0077
LOW,"LOWE'S COMPANIES, INC.",Consumer Discretionary,2025-12-16,0.0165
LULU,LULULEMON ATHLETICA INC.,Consumer Discretionary,2025-12-16,0.1225
LVS,LAS VEGAS SANDS CORP.,Consumer Discretionary,2025-12-16,-0.0123
MAR,"MARRIOTT INTERNATIONAL, INC.",Consumer Discretionary,2025-12-16,0.0039
MCD,MCDONALD'S ,Consumer Discretionary,2025-12-16,0.0086
MGM,MGM RESORTS INTERNATIONAL,Consumer Discretionary,2025-12-16,0.0439
MHK,"MOHAWK INDUSTRIES, INC.",Consumer Discretionary,2025-12-16,-0.0483
NCLH,NORWEGIAN CRUISE LINE HOLDINGS LTD.,Consumer Discretionary,2025-12-16,0.1668
NKE,"NIKE, INC.",Consumer Discretionary,2025-12-16,0.0385
NVR,"NVR, INC.",Consumer Discretionary,2025-12-16,0.0031
ORLY,"O'REILLY AUTOMOTIVE, INC.",Consumer Discretionary,2025-12-16,-0.0865
PHM,"PULTEGROUP, INC.",Consumer Discretionary,2025-12-16,-0.022
POOL,POOL ,Consumer Discretionary,2025-12-16,-0.0284
RCL,ROYAL CARIBBEAN CRUISES LTD.,Consumer Discretionary,2025-12-16,0.0573
RL,RALPH LAUREN ,Consumer Discretionary,2025-12-16,0.0054
ROST,"ROSS STORES, INC.",Consumer Discretionary,2025-12-16,0.0342
SBUX,STARBUCKS ,Consumer Discretionary,2025-12-16,-0.0233
TJX,"THE TJX COMPANIES, INC.",Consumer Discretionary,2025-12-16,0.0209
TPR,"TAPESTRY, INC.",Consumer Discretionary,2025-12-16,0.1264
TSCO,TRACTOR SUPPLY COMPANY,Consumer Discretionary,2025-12-16,-0.0391
TSLA,"TESLA, INC.",Consumer Discretionary,2025-12-16,0.1388
ULTA,"ULTA BEAUTY, INC.",Consumer Discretionary,2025-12-16,0.0936
WSM,"WILLIAMS-SONOMA, INC.",Consumer Discretionary,2025-12-16,0.0306
WYNN,"WYNN RESORTS, LIMITED",Consumer Discretionary,2025-12-16,-0.0205
YUM,"YUM! BRANDS, INC.",Consumer Discretionary,2025-12-16,-0.0142
ADM,ARCHER-DANIELS-MIDLAND COMPANY.,Consumer Staples,2025-12-16,-0.0454
BF.B,BROWN-FORMAN ,Consumer Staples,2025-12-16,0.0493
BG,BUNGE LIMITED,Consumer Staples,2025-12-16,-0.0397
CAG,"CONAGRA BRANDS, INC.",Consumer Staples,2025-12-16,-0.0062
CHD,"CHURCH & DWIGHT CO., INC.",Consumer Staples,2025-12-16,-0.0072
CL,COLGATE-PALMOLIVE COMPANY,Consumer Staples,2025-12-16,-0.0179
CLX,THE CLOROX COMPANY,Consumer Staples,2025-12-16,-0.0752
COST,COSTCO WHOLESALE ,Consumer Staples,2025-12-16,-0.0582
CPB,CAMPBELL SOUP COMPANY,Consumer Staples,2025-12-16,-0.0591
DG,DOLLAR GENERAL ,Consumer Staples,2025-12-16,0.2285
DLTR,"DOLLAR TREE, INC.",Consumer Staples,2025-12-16,0.1836
EL,THE ESTEE LAUDER COMPANIES INC.,Consumer Staples,2025-12-16,0.1097
GIS,"GENERAL MILLS, INC.",Consumer Staples,2025-12-16,-0.007
HRL,HORMEL FOODS ,Consumer Staples,2025-12-16,0.0194
HSY,THE HERSHEY COMPANY,Consumer Staples,2025-12-16,0.0004
KDP,KEURIG DR PEPPER INC.,Consumer Staples,2025-12-16,0.0247
KHC,THE KRAFT HEINZ COMPANY,Consumer Staples,2025-12-16,-0.0325
KMB,KIMBERLY-CLARK ,Consumer Staples,2025-12-16,-0.0603
KO,THE COCA-COLA COMPANY,Consumer Staples,2025-12-16,-0.0376
KR,THE KROGER CO.,Consumer Staples,2025-12-16,-0.077
KVUE,KENVUE INC.,Consumer Staples,2025-12-16,-0.0058
LW,"LAMB WESTON HOLDINGS, INC.",Consumer Staples,2025-12-16,0.0125
MDLZ,"MONDELEZ INTERNATIONAL, INC.",Consumer Staples,2025-12-16,-0.0625
MKC,"MCCORMICK & COMPANY, INC.",Consumer Staples,2025-12-16,0.0117
MNST,MONSTER BEVERAGE ,Consumer Staples,2025-12-16,0.0047
MO,"ALTRIA GROUP, INC.",Consumer Staples,2025-12-16,0.0054
PEP,"PEPSICO, INC.",Consumer Staples,2025-12-16,0.011
PG,THE PROCTER & GAMBLE COMPANY,Consumer Staples,2025-12-16,-0.0199
PM,PHILIP MORRIS INTERNATIONAL INC.,Consumer Staples,2025-12-16,0.003
SJM,THE J. M. SMUCKER COMPANY,Consumer Staples,2025-12-16,-0.043
STZ,"CONSTELLATION BRANDS, INC.",Consumer Staples,2025-12-16,0.0455
SYY,SYSCO ,Consumer Staples,2025-12-16,-0.0142
TAP,MOLSON COORS BEVERAGE COMPANY,Consumer Staples,2025-12-16,0.028
TGT,TARGET ,Consumer Staples,2025-12-16,0.0778
TSN,"TYSON FOODS, INC.",Consumer Staples,2025-12-16,0.0024
WMT,WALMART INC.,Consumer Staples,2025-12-16,0.0444
APA,APA ,Energy,2025-12-16,-0.0404
BKR,BAKER HUGHES COMPANY,Energy,2025-12-16,-0.1032
COP,CONOCOPHILLIPS,Energy,2025-12-16,0.0235
CTRA,COTERRA ENERGY INC.,Energy,2025-12-16,-0.0574
CVX,CHEVRON ,Energy,2025-12-16,-0.029
DVN,DEVON ENERGY ,Energy,2025-12-16,-0.0532
EOG,"EOG RESOURCES, INC.",Energy,2025-12-16,-0.0563
EQT,EQT ,Energy,2025-12-16,-0.1239
EXE,EXPAND ENERGY ,Energy,2025-12-16,-0.1259
FANG,"DIAMONDBACK ENERGY, INC.",Energy,2025-12-16,-0.0231
HAL,HALLIBURTON COMPANY,Energy,2025-12-16,0.037
KMI,"KINDER MORGAN, INC.",Energy,2025-12-16,-0.0362
MPC,MARATHON PETROLEUM ,Energy,2025-12-16,-0.0874
OKE,"ONEOK, INC.",Energy,2025-12-16,-0.0232
OXY,OCCIDENTAL PETROLEUM ,Energy,2025-12-16,-0.0733
PSX,PHILLIPS 66,Energy,2025-12-16,-0.0378
SLB,SCHLUMBERGER N.V.,Energy,2025-12-16,0.0378
TPL,TEXAS PACIFIC LAND ,Energy,2025-12-16,-0.0504
TRGP,TARGA RESOURCES CORP.,Energy,2025-12-16,0.0063
VLO,VALERO ENERGY ,Energy,2025-12-16,-0.0789
WMB,"THE WILLIAMS COMPANIES, INC.",Energy,2025-12-16,-0.0414
XOM,EXXON MOBIL ,Energy,2025-12-16,-0.0107
UNG,UNITED STATES NAT GAS,Energy Complex,2025-12-16,-0.1785
USO,UNITED STATES OIL FUND,Energy Complex,2025-12-16,-0.0689
ACGL,ARCH CAPITAL GROUP LTD.,Financials,2025-12-16,0.0177
AFL,AFLAC INC.,Financials,2025-12-16,-0.0074
AIG,"AMERICAN INTERNATIONAL GROUP, INC.",Financials,2025-12-16,0.11
AIZ,"ASSURANT, INC.",Financials,2025-12-16,0.0226
AJG,ARTHUR J. GALLAGHER & CO.,Financials,2025-12-16,0.0176
ALL,THE ALLSTATE ,Financials,2025-12-16,-0.0163
AMP,"AMERIPRISE FINANCIAL, INC.",Financials,2025-12-16,0.0677
AON,AON PLC,Financials,2025-12-16,-0.006
APO,"APOLLO GLOBAL MANAGEMENT, INC.",Financials,2025-12-16,0.116
ARES,ARES MANAGEMENT CORP,Financials,2025-12-16,0.1069
AXP,AMERICAN EXPRESS COMPANY,Financials,2025-12-16,0.0424
BAC,BANK OF AMERICA ,Financials,2025-12-16,0.0216
BEN,"FRANKLIN RESOURCES, INC.",Financials,2025-12-16,0.039
BK,THE BANK OF NEW YORK MELLON ,Financials,2025-12-16,0.0201
BLK,"BLACKROCK, INC.",Financials,2025-12-16,0.0199
BRK.B,"BERKSHIRE HATHAWAY INC.,",Financials,2025-12-16,-0.0272
BRO,"BROWN & BROWN, INC.",Financials,2025-12-16,0.0067
BX,BLACKSTONE INC,Financials,2025-12-16,0.0387
C,CITIGROUP INC.,Financials,2025-12-16,0.0741
CB,CHUBB LTD,Financials,2025-12-16,0.0502
CBOE,"CBOE GLOBAL MARKETS, INC.",Financials,2025-12-16,-0.0356
CFG,"CITIZENS FINANCIAL GROUP, INC.",Financials,2025-12-16,0.0747
CINF,CINCINNATI FINANCIAL ,Financials,2025-12-16,-0.0129
CME,CME GROUP INC.,Financials,2025-12-16,-0.0302
COF,CAPITAL ONE FINANCIAL ,Financials,2025-12-16,0.1029
COIN,"COINBASE GLOBAL, INC.",Financials,2025-12-16,-0.0741
CPAY,"FLEETCOR TECHNOLOGIES, INC.",Financials,2025-12-16,0.0562
EG,"EVEREST GROUP, LTD.",Financials,2025-12-16,0.0416
ERIE,ERIE INDEMNITY COMPANY,Financials,2025-12-16,-0.027
FDS,FACTSET RESEARCH SYSTEMS INC.,Financials,2025-12-16,0.0567
FIS,FIDELITY NATIONAL INFORMATION SERVICES,Financials,2025-12-16,0.0129
FISV,"FISERV, INC.",Financials,2025-12-16,0.1014
FITB,FIFTH THIRD BANCORP,Financials,2025-12-16,0.095
GL,GLOBE LIFE INC.,Financials,2025-12-16,0.0446
GPN,GLOBAL PAYMENTS INC.,Financials,2025-12-16,0.075
GS,"THE GOLDMAN SACHS GROUP, INC.",Financials,2025-12-16,0.0643
HBAN,HUNTINGTON BANCSHARES INC.,Financials,2025-12-16,0.0816
HIG,THE HARTFORD FINANCIAL SERVICES GROUP,Financials,2025-12-16,0.0054
HOOD,"ROBINHOOD MARKETS, INC.",Financials,2025-12-16,-0.0707
IBKR,"INTERACTIVE BROKERS GROUP, INC.",Financials,2025-12-16,-0.0301
ICE,"INTERCONTINENTAL EXCHANGE, INC.",Financials,2025-12-16,0.0175
IVZ,INVESCO LTD.,Financials,2025-12-16,0.0646
JKHY,"JACK HENRY & ASSOCIATES, INC.",Financials,2025-12-16,0.0712
JPM,JPMORGAN CHASE & CO.,Financials,2025-12-16,0.0079
KEY,KEYCORP,Financials,2025-12-16,0.1197
KKR,KKR & CO. INC.,Financials,2025-12-16,0.0905
L,LOEWS ,Financials,2025-12-16,-0.0362
MA,MASTERCARD INC..,Financials,2025-12-16,0.0281
MCO,MOODY'S ,Financials,2025-12-16,0.0045
MET,"METLIFE, INC.",Financials,2025-12-16,0.0747
MMC,"MARSH & MCLENNAN COMPANIES, INC.",Financials,2025-12-16,0.0203
MS,MORGAN STANLEY,Financials,2025-12-16,0.0404
MSCI,MSCI INC.,Financials,2025-12-16,-0.0222
MTB,M&T BANK ,Financials,2025-12-16,0.0729
NDAQ,"NASDAQ, INC.",Financials,2025-12-16,0.0221
NTRS,NORTHERN TRUST ,Financials,2025-12-16,0.0528
PFG,"PRINCIPAL FINANCIAL GROUP, INC.",Financials,2025-12-16,0.0556
PGR,THE PROGRESSIVE ,Financials,2025-12-16,0.0132
PNC,"THE PNC FINANCIAL SERVICES GROUP, INC.",Financials,2025-12-16,0.101
PRU,"PRUDENTIAL FINANCIAL, INC.",Financials,2025-12-16,0.0816
PYPL,"PAYPAL HOLDINGS, INC.",Financials,2025-12-16,-0.0217
RF,REGIONS FINANCIAL ,Financials,2025-12-16,0.0809
RJF,"RAYMOND JAMES FINANCIAL, INC.",Financials,2025-12-16,0.0346
SCHW,THE CHARLES SCHWAB ,Financials,2025-12-16,0.0353
SPGI,S&P GLOBAL INC.,Financials,2025-12-16,0.0021
STT,STATE STREET ,Financials,2025-12-16,0.0683
SYF,SYNCHRONY FINANCIAL,Financials,2025-12-16,0.0779
TFC,TRUIST FINANCIAL ,Financials,2025-12-16,0.069
TROW,"T. ROWE PRICE GROUP, INC.",Financials,2025-12-16,0.015
TRV,"THE TRAVELERS COMPANIES, INC.",Financials,2025-12-16,-0.0111
USB,U.S. BANCORP,Financials,2025-12-16,0.0901
V,VISA INC.,Financials,2025-12-16,0.0319
WFC,WELLS FARGO & COMPANY,Financials,2025-12-16,0.0738
WRB,W. R. BERKLEY ,Financials,2025-12-16,-0.1175
WTW,WILLIS TOWERS WATSON,Financials,2025-12-16,0.0273
XYZ,"BLOCK, INC.",Financials,2025-12-16,-0.0337
GLD,SPDR GOLD,Gold,2025-12-16,0.0207
A,"AGILENT TECHNOLOGIES, INC.",Health Care,2025-12-16,-0.0932
ABBV,ABBVIE INC.,Health Care,2025-12-16,-0.0177
ABT,ABBOTT LABORATORIES,Health Care,2025-12-16,-0.0158
ALGN,"ALIGN TECHNOLOGY, INC.",Health Care,2025-12-16,0.1067
AMGN,AMGEN INC.,Health Care,2025-12-16,-0.0542
BAX,BAXTER INTERNATIONAL INC.,Health Care,2025-12-16,0.0165
BDX,"BECTON, DICKINSON AND COMPANY",Health Care,2025-12-16,0.0122
BIIB,BIOGEN INC.,Health Care,2025-12-16,-0.0582
BMY,BRISTOL-MYERS SQUIBB COMPANY,Health Care,2025-12-16,0.1022
BSX,BOSTON SCIENTIFIC ,Health Care,2025-12-16,-0.085
CAH,"CARDINAL HEALTH, INC.",Health Care,2025-12-16,-0.0677
CI,THE CIGNA GROUP,Health Care,2025-12-16,-0.0042
CNC,CENTENE ,Health Care,2025-12-16,-0.0094
COO,"THE COOPER COMPANIES, INC.",Health Care,2025-12-16,0.0399
COR,"CENCORA, INC.",Health Care,2025-12-16,-0.0738
CRL,CHARLES RIVER LABORATORIES,Health Care,2025-12-16,0.0959
CVS,CVS HEALTH ,Health Care,2025-12-16,-0.0258
DGX,QUEST DIAGNOSTICS INC.,Health Care,2025-12-16,-0.0556
DHR,DANAHER ,Health Care,2025-12-16,-0.0092
DVA,DAVITA INC.,Health Care,2025-12-16,-0.0145
DXCM,"DEXCOM, INC.",Health Care,2025-12-16,0.0457
ELV,"ELEVANCE HEALTH, INC.",Health Care,2025-12-16,0.0403
EW,EDWARDS LIFESCIENCES ,Health Care,2025-12-16,-0.0156
GEHC,GE HEALTHCARE TECHNOLOGIES INC.,Health Care,2025-12-16,0.0283
GILD,"GILEAD SCIENCES, INC.",Health Care,2025-12-16,-0.0561
HCA,"HCA HEALTHCARE, INC.",Health Care,2025-12-16,-0.0757
HOLX,"HOLOGIC, INC.",Health Care,2025-12-16,0.0007
HSIC,"HENRY SCHEIN, INC.",Health Care,2025-12-16,0.0333
HUM,HUMANA INC.,Health Care,2025-12-16,0.0504
IDXX,"IDEXX LABORATORIES, INC.",Health Care,2025-12-16,-0.0793
INCY,INCYTE ,Health Care,2025-12-16,-0.0711
IQV,IQVIA HOLDINGS INC,Health Care,2025-12-16,-0.0362
ISRG,"INTUITIVE SURGICAL, INC.",Health Care,2025-12-16,-0.033
JNJ,JOHNSON & JOHNSON,Health Care,2025-12-16,0.0115
LH,LABORATORY  OF AMERICA HOLDINGS,Health Care,2025-12-16,-0.0397
LLY,ELI LILLY AND COMPANY,Health Care,2025-12-16,-0.0197
MCK,MCKESSON ,Health Care,2025-12-16,-0.0808
MDT,MEDTRONIC PUBLIC LIMITED COMPANY,Health Care,2025-12-16,-0.0722
MOH,"MOLINA HEALTHCARE, INC.",Health Care,2025-12-16,0.0851
MRK,"MERCK & CO., INC.",Health Care,2025-12-16,-0.0626
MRNA,"MODERNA, INC.",Health Care,2025-12-16,0.1505
MTD,METTLER-TOLEDO INTERNATIONAL INC.,Health Care,2025-12-16,-0.0611
PFE,PFIZER INC.,Health Care,2025-12-16,-0.0082
PODD,INSULET ,Health Care,2025-12-16,-0.1175
REGN,"REGENERON PHARMACEUTICALS, INC.",Health Care,2025-12-16,-0.0434
RMD,RESMED INC.,Health Care,2025-12-16,-0.0332
RVTY,"REVVITY, INC.",Health Care,2025-12-16,-0.078
SOLV,SOLVENTUM ,Health Care,2025-12-16,-0.0548
STE,STERIS PUBLIC LIMITED COMPANY,Health Care,2025-12-16,-0.0498
SYK,STRYKER ,Health Care,2025-12-16,-0.0525
TECH,BIO-TECHNE ,Health Care,2025-12-16,-0.1096
TMO,THERMO FISHER SCIENTIFIC INC.,Health Care,2025-12-16,-0.035
UHS,"UNIVERSAL HEALTH SERVICES, INC.",Health Care,2025-12-16,-0.0862
UNH,UNITEDHEALTH GROUP INC.,Health Care,2025-12-16,0.0134
VRTX,VERTEX PHARMACEUTICALS INC.,Health Care,2025-12-16,0.0492
VTRS,VIATRIS INC.,Health Care,2025-12-16,0.072
WAT,WATERS ,Health Care,2025-12-16,-0.0617
WST,"WEST PHARMACEUTICAL SERVICES, INC.",Health Care,2025-12-16,-0.039
ZBH,"ZIMMER BIOMET HOLDINGS, INC.",Health Care,2025-12-16,-0.0678
ZTS,ZOETIS INC.,Health Care,2025-12-16,-0.0386
ADP,"AUTOMATIC DATA PROCESSING, INC.",Industrials,2025-12-16,0.0269
ALLE,ALLEGION PUBLIC LIMITED COMPANY,Industrials,2025-12-16,-0.0383
AME,"AMETEK, INC.",Industrials,2025-12-16,0.0197
AOS,A. O. SMITH ,Industrials,2025-12-16,0.0297
AXON,"AXON ENTERPRISE, INC.",Industrials,2025-12-16,0.0276
BA,THE BOEING COMPANY,Industrials,2025-12-16,0.0937
BLDR,"BUILDERS FIRSTSOURCE, INC.",Industrials,2025-12-16,-0.0806
BR,"BROADRIDGE FINANCIAL SOLUTIONS, INC.",Industrials,2025-12-16,-0.0027
CARR,CARRIER GLOBAL ,Industrials,2025-12-16,-0.0262
CAT,CATERPILLAR INC.,Industrials,2025-12-16,0.0229
CHRW,"C.H. ROBINSON WORLDWIDE, INC.",Industrials,2025-12-16,0.0011
CMI,CUMMINS INC.,Industrials,2025-12-16,0.0332
CPRT,"COPART, INC.",Industrials,2025-12-16,0.0044
CSX,CSX ,Industrials,2025-12-16,0.0407
CTAS,CINTAS ,Industrials,2025-12-16,0.0086
DAL,"DELTA AIR LINES, INC.",Industrials,2025-12-16,0.1098
DAY,CERIDIAN HCM HOLDING INC.,Industrials,2025-12-16,0.0014
DE,DEERE & COMPANY,Industrials,2025-12-16,0.0451
DOV,DOVER ,Industrials,2025-12-16,0.0612
EFX,EQUIFAX INC.,Industrials,2025-12-16,0.029
EME,"EMCOR GROUP, INC.",Industrials,2025-12-16,0.0154
EMR,EMERSON ELECTRIC CO.,Industrials,2025-12-16,0.0053
ETN,EATON  PUBLIC LIMITED COMPANY,Industrials,2025-12-16,-0.0461
EXPD,EXPEDITORS INTERNATIONAL OF WASHINGTON,Industrials,2025-12-16,0.021
FAST,FASTENAL COMPANY,Industrials,2025-12-16,0.048
FDX,FEDEX ,Industrials,2025-12-16,0.0246
FTV,FORTIVE ,Industrials,2025-12-16,0.0221
GD,GENERAL DYNAMICS ,Industrials,2025-12-16,-0.0121
GE,GENERAL ELECTRIC COMPANY,Industrials,2025-12-16,0.0009
GEV,GE VERNOVA INC.,Industrials,2025-12-16,0.1441
GNRC,GENERAC HOLDINGS INC.,Industrials,2025-12-16,0.0246
GWW,"W.W. GRAINGER, INC.",Industrials,2025-12-16,0.0774
HII,"HUNTINGTON INGALLS INDUSTRIES, INC.",Industrials,2025-12-16,0.042
HON,HONEYWELL INTERNATIONAL INC.,Industrials,2025-12-16,0.0316
HUBB,HUBBELL INC.,Industrials,2025-12-16,0.0162
HWM,HOWMET AEROSPACE INC.,Industrials,2025-12-16,-0.046
IEX,IDEX ,Industrials,2025-12-16,0.0187
IR,INGERSOLL RAND INC.,Industrials,2025-12-16,-0.0091
ITW,ILLINOIS TOOL WORKS INC.,Industrials,2025-12-16,0.0055
J,JACOBS SOLUTIONS INC.,Industrials,2025-12-16,-0.0064
JBHT,"J. B. HUNT TRANSPORT SERVICES, INC.",Industrials,2025-12-16,0.1311
JCI,JOHNSON CONTROLS INTERNATIONAL PLC,Industrials,2025-12-16,0.0218
LDOS,"LEIDOS HOLDINGS, INC.",Industrials,2025-12-16,-0.0468
LHX,"L3HARRIS TECHNOLOGIES, INC.",Industrials,2025-12-16,0.0149
LII,LENNOX INTERNATIONAL INC.,Industrials,2025-12-16,-0.0129
LMT,LOCKHEED MARTIN ,Industrials,2025-12-16,0.0419
LUV,SOUTHWEST AIRLINES CO.,Industrials,2025-12-16,0.2114
MAS,MASCO ,Industrials,2025-12-16,-0.0015
MMM,3M COMPANY,Industrials,2025-12-16,-0.0514
NDSN,NORDSON ,Industrials,2025-12-16,-0.0054
NOC,NORTHROP GRUMMAN ,Industrials,2025-12-16,-0.0062
NSC,NORFOLK SOUTHERN ,Industrials,2025-12-16,0.0065
ODFL,"OLD DOMINION FREIGHT LINE, INC.",Industrials,2025-12-16,0.16
OTIS,OTIS WORLDWIDE ,Industrials,2025-12-16,-0.01
PAYC,"PAYCOM SOFTWARE, INC.",Industrials,2025-12-16,0.0099
PAYX,"PAYCHEX, INC.",Industrials,2025-12-16,0.0316
PCAR,PACCAR INC,Industrials,2025-12-16,0.0639
PH,PARKER-HANNIFIN ,Industrials,2025-12-16,0.0148
PNR,PENTAIR PUBLIC LIMITED COMPANY,Industrials,2025-12-16,-0.008
PWR,"QUANTA SERVICES, INC.",Industrials,2025-12-16,-0.0568
ROK,"ROCKWELL AUTOMATION, INC.",Industrials,2025-12-16,0.0132
ROL,"ROLLINS, INC.",Industrials,2025-12-16,-0.0329
RSG,"REPUBLIC SERVICES, INC.",Industrials,2025-12-16,-0.0141
RTX,RTX ,Industrials,2025-12-16,0.0287
SNA,SNAP-ON INC.,Industrials,2025-12-16,0.0246
SWK,"STANLEY BLACK & DECKER, INC.",Industrials,2025-12-16,0.0179
TDG,TRANSDIGM GROUP INC.,Industrials,2025-12-16,-0.0659
TT,TRANE TECHNOLOGIES PLC,Industrials,2025-12-16,-0.0605
TXT,TEXTRON INC.,Industrials,2025-12-16,0.0381
UAL,"UNITED AIRLINES HOLDINGS, INC.",Industrials,2025-12-16,0.1032
UBER,"UBER TECHNOLOGIES, INC.",Industrials,2025-12-16,-0.0756
UNP,UNION PACIFIC ,Industrials,2025-12-16,0.0175
UPS,"UNITED PARCEL SERVICE, INC.",Industrials,2025-12-16,0.0451
URI,"UNITED RENTALS, INC.",Industrials,2025-12-16,0.0043
VLTO,VERALTO ,Industrials,2025-12-16,-0.0186
VRSK,"VERISK ANALYTICS, INC.",Industrials,2025-12-16,-0.033
WAB,WESTINGHOUSE AIR BRAKE TECHNOLOGIES ,Industrials,2025-12-16,0.0248
WM,"WASTE MANAGEMENT, INC.",Industrials,2025-12-16,0.0047
XYL,XYLEM INC.,Industrials,2025-12-16,-0.0218
AAPL,APPLE INC.,Information Technology,2025-12-16,-0.0152
ACN,ACCENTURE PUBLIC LIMITED COMPANY,Information Technology,2025-12-16,0.0882
ADBE,ADOBE INC.,Information Technology,2025-12-16,0.0867
ADI,"ANALOG DEVICES, INC.",Information Technology,2025-12-16,0.0492
ADSK,"AUTODESK, INC.",Information Technology,2025-12-16,-0.0309
AKAM,"AKAMAI TECHNOLOGIES, INC.",Information Technology,2025-12-16,-0.0199
AMAT,"APPLIED MATERIALS, INC.",Information Technology,2025-12-16,0.0261
AMD,"ADVANCED MICRO DEVICES, INC.",Information Technology,2025-12-16,-0.0384
ANET,"ARISTA NETWORKS, INC.",Information Technology,2025-12-16,-0.0348
APH,AMPHENOL ,Information Technology,2025-12-16,-0.0835
AVGO,BROADCOM INC.,Information Technology,2025-12-16,-0.153
CDNS,"CADENCE DESIGN SYSTEMS, INC.",Information Technology,2025-12-16,0.0247
CDW,CDW ,Information Technology,2025-12-16,0.0055
CRM,"SALESFORCE, INC.",Information Technology,2025-12-16,0.1057
CRWD,"CROWDSTRIKE HOLDINGS, INC.",Information Technology,2025-12-16,-0.0405
CSCO,"CISCO SYSTEMS, INC.",Information Technology,2025-12-16,0.0079
CTSH,COGNIZANT TECHNOLOGY SOLUTIONS ,Information Technology,2025-12-16,0.0762
DDOG,"DATADOG, INC.",Information Technology,2025-12-16,-0.1247
DELL,DELL TECHNOLOGIES INC.,Information Technology,2025-12-16,0.003
EPAM,"EPAM SYSTEMS, INC.",Information Technology,2025-12-16,0.1008
FFIV,"F5, INC.",Information Technology,2025-12-16,0.0799
FICO,FAIR ISAAC ,Information Technology,2025-12-16,-0.0076
FSLR,"FIRST SOLAR, INC.",Information Technology,2025-12-16,-0.0528
FTNT,"FORTINET, INC.",Information Technology,2025-12-16,0.0165
GDDY,GODADDY INC.,Information Technology,2025-12-16,-0.0249
GEN,GEN DIGITAL INC.,Information Technology,2025-12-16,0.0383
GLW,CORNING INC.,Information Technology,2025-12-16,0.0248
HPE,HEWLETT PACKARD ENTERPRISE COMPANY,Information Technology,2025-12-16,0.1111
HPQ,HP INC.,Information Technology,2025-12-16,0.0168
IBM,INTERNATIONAL BUSINESS MACHINES ,Information Technology,2025-12-16,-0.0175
INTC,INTEL ,Information Technology,2025-12-16,-0.0801
INTU,INTUIT INC.,Information Technology,2025-12-16,0.0556
IT,"GARTNER, INC.",Information Technology,2025-12-16,0.0627
JBL,JABIL INC.,Information Technology,2025-12-16,0.0088
KEYS,"KEYSIGHT TECHNOLOGIES, INC.",Information Technology,2025-12-16,0.035
KLAC,KLA ,Information Technology,2025-12-16,0.0407
LRCX,LAM RESEARCH ,Information Technology,2025-12-16,0.0465
MCHP,MICROCHIP TECHNOLOGY INC.,Information Technology,2025-12-16,0.2299
MPWR,"MONOLITHIC POWER SYSTEMS, INC.",Information Technology,2025-12-16,0.025
MSFT,MICROSOFT ,Information Technology,2025-12-16,-0.0317
MSI,"MOTOROLA SOLUTIONS, INC.",Information Technology,2025-12-16,-0.0158
MU,"MICRON TECHNOLOGY, INC.",Information Technology,2025-12-16,-0.0168
NOW,"SERVICENOW, INC.",Information Technology,2025-12-16,-0.0385
NTAP,"NETAPP, INC.",Information Technology,2025-12-16,0.0137
NVDA,NVIDIA ,Information Technology,2025-12-16,0.0041
NXPI,NXP SEMICONDUCTORS NV,Information Technology,2025-12-16,0.1786
ON,ON SEMICONDUCTOR ,Information Technology,2025-12-16,0.086
ORCL,ORACLE ,Information Technology,2025-12-16,-0.0659
PANW,"PALO ALTO NETWORKS, INC.",Information Technology,2025-12-16,-0.016
PLTR,PALANTIR TECHNOLOGIES INC.,Information Technology,2025-12-16,0.1146
PTC,PTC INC.,Information Technology,2025-12-16,-0.0066
QCOM,QUALCOMM INC.,Information Technology,2025-12-16,0.0478
ROP,"ROPER TECHNOLOGIES, INC.",Information Technology,2025-12-16,-0.0055
SMCI,"SUPER MICRO COMPUTER, INC.",Information Technology,2025-12-16,-0.0647
SNDK,SANDISK CORPORATION,Information Technology,2025-12-16,-0.0626
SNPS,"SYNOPSYS, INC.",Information Technology,2025-12-16,0.1084
STX,SEAGATE TECHNOLOGY HOLDINGS,Information Technology,2025-12-16,0.0413
SWKS,"SKYWORKS SOLUTIONS, INC.",Information Technology,2025-12-16,0.0011
TDY,TELEDYNE TECHNOLOGIES INC.,Information Technology,2025-12-16,0.0141
TEL,TE CONNECTIVITY LTD,Information Technology,2025-12-16,0.0034
TER,"TERADYNE, INC.",Information Technology,2025-12-16,0.0572
TRMB,TRIMBLE INC.,Information Technology,2025-12-16,-0.0113
TXN,TEXAS INSTRUMENTS INC.,Information Technology,2025-12-16,0.0552
TYL,"TYLER TECHNOLOGIES, INC.",Information Technology,2025-12-16,-0.0415
VRSN,"VERISIGN, INC.",Information Technology,2025-12-16,-0.0387
WDAY,"WORKDAY, INC.",Information Technology,2025-12-16,0.0023
WDC,WESTERN DIGITAL ,Information Technology,2025-12-16,0.0688
ZBRA,ZEBRA TECHNOLOGIES ,Information Technology,2025-12-16,0.0333
ALB,ALBEMARLE ,Materials,2025-12-16,0.0083
AMCR,AMCOR PLC,Materials,2025-12-16,-0.0235
APD,"AIR PRODUCTS AND CHEMICALS, INC.",Materials,2025-12-16,-0.072
AVY,AVERY DENNISON ,Materials,2025-12-16,0.0624
BALL,BALL ,Materials,2025-12-16,0.045
CF,"CF INDUSTRIES HOLDINGS, INC.",Materials,2025-12-16,-0.0146
CTVA,"CORTEVA, INC.",Materials,2025-12-16,-0.0295
DD,"DUPONT DE NEMOURS, INC.",Materials,2025-12-16,0.0171
DOW,DOW INC.,Materials,2025-12-16,-0.0423
ECL,ECOLAB INC.,Materials,2025-12-16,-0.0568
EMN,EASTMAN CHEMICAL COMPANY,Materials,2025-12-16,0.0253
FCX,FREEPORT-MCMORAN INC.,Materials,2025-12-16,0.1061
IFF,INTERNATIONAL FLAVORS & FRAGRANCES INC.,Materials,2025-12-16,-0.0705
IP,INTERNATIONAL PAPER COMPANY,Materials,2025-12-16,-0.022
LIN,LINDE PUBLIC LIMITED COMPANY,Materials,2025-12-16,0.0321
LYB,LYONDELLBASELL INDUSTRIES NV,Materials,2025-12-16,-0.1227
MLM,"MARTIN MARIETTA MATERIALS, INC.",Materials,2025-12-16,0.01
MOS,THE MOSAIC COMPANY,Materials,2025-12-16,-0.0421
NEM,NEWMONT ,Materials,2025-12-16,0.0805
NUE,NUCOR ,Materials,2025-12-16,0.0174
PKG,PACKAGING  OF AMERICA,Materials,2025-12-16,-0.002
PPG,"PPG INDUSTRIES, INC.",Materials,2025-12-16,0.0366
SHW,THE SHERWIN-WILLIAMS COMPANY,Materials,2025-12-16,-0.046
STLD,"STEEL DYNAMICS, INC.",Materials,2025-12-16,0.0077
SW,SMURFIT WESTROCK PUBLIC LIMITED COMPANY,Materials,2025-12-16,0.056
VMC,VULCAN MATERIALS COMPANY,Materials,2025-12-16,-0.0176
AMT,AMERICAN TOWER ,Real Estate,2025-12-16,-0.0118
ARE,"ALEXANDRIA REAL ESTATE EQUITIES, INC.",Real Estate,2025-12-16,-0.1248
AVB,"AVALONBAY COMMUNITIES, INC.",Real Estate,2025-12-16,-0.0275
BXP,"BOSTON PROPERTIES, INC.",Real Estate,2025-12-16,-0.0229
CBRE,"CBRE GROUP, INC.",Real Estate,2025-12-16,-0.007
CCI,CROWN CASTLE INC.,Real Estate,2025-12-16,-0.037
CPT,CAMDEN PROPERTY TRUST,Real Estate,2025-12-16,-0.0087
CSGP,"COSTAR GROUP, INC.",Real Estate,2025-12-16,-0.0753
DLR,"DIGITAL REALTY TRUST, INC.",Real Estate,2025-12-16,-0.0615
DOC,"HEALTHDOC PROPERTIES, INC.",Real Estate,2025-12-16,-0.1041
EQIX,"EQUINIX, INC.",Real Estate,2025-12-16,0.0064
EQR,EQUITY RESIDENTIAL,Real Estate,2025-12-16,-0.0165
ESS,"ESSEX PROPERTY TRUST, INC.",Real Estate,2025-12-16,-0.031
EXR,EXTRA SPACE STORAGE INC.,Real Estate,2025-12-16,-0.0185
FRT,FEDERAL REALTY INVESTMENT TRUST,Real Estate,2025-12-16,0.0141
HST,"HOST HOTELS & RESORTS, INC.",Real Estate,2025-12-16,0.0374
INVH,INVITATION HOMES INC.,Real Estate,2025-12-16,-0.0482
IRM,IRON MOUNTAIN INC.,Real Estate,2025-12-16,-0.062
KIM,KIMCO REALTY .,Real Estate,2025-12-16,-0.0281
MAA,"MID-AMERICA APARTMENT COMMUNITIES, INC.",Real Estate,2025-12-16,-0.0199
O,REALTY INCOME ,Real Estate,2025-12-16,-0.003
PLD,"PROLOGIS, INC.",Real Estate,2025-12-16,-0.0072
PSA,PUBLIC STORAGE.,Real Estate,2025-12-16,-0.0257
REG,REGENCY CENTERS ,Real Estate,2025-12-16,-0.0562
SBAC,SBA COMMUNICATIONS ,Real Estate,2025-12-16,-0.0221
SPG,"SIMON PROPERTY GROUP, INC.",Real Estate,2025-12-16,-0.0203
UDR,"UDR, INC.",Real Estate,2025-12-16,-0.0264
VICI,VICI PROPERTIES INC.,Real Estate,2025-12-16,-0.0177
VTR,"VENTAS, INC.",Real Estate,2025-12-16,-0.0295
WELL,WELLTOWER INC.,Real Estate,2025-12-16,-0.0856
WY,WEYERHAEUSER COMPANY,Real Estate,2025-12-16,0.0482
UUP,INVESCO DB USD IDX BL,USD,2025-12-16,-0.011
AEE,AMEREN ,Utilities,2025-12-16,-0.0786
AEP,"AMERICAN ELECTRIC POWER COMPANY, INC.",Utilities,2025-12-16,-0.0743
AES,THE AES ,Utilities,2025-12-16,-0.0313
ATO,ATMOS ENERGY ,Utilities,2025-12-16,-0.0475
AWK,"AMERICAN WATER WORKS COMPANY, INC.",Utilities,2025-12-16,0.0204
CEG,CONSTELLATION ENERGY,Utilities,2025-12-16,0.0035
CMS,CMS ENERGY ,Utilities,2025-12-16,-0.0733
CNP,"CENTERPOINT ENERGY, INC.",Utilities,2025-12-16,-0.0483
D,"DOMINION ENERGY, INC.",Utilities,2025-12-16,-0.0546
DTE,DTE ENERGY COMPANY,Utilities,2025-12-16,-0.0611
DUK,DUKE ENERGY ,Utilities,2025-12-16,-0.0674
ED,"CONSOLIDATED EDISON, INC.",Utilities,2025-12-16,-0.0145
EIX,EDISON INTERNATIONAL,Utilities,2025-12-16,-0.0097
ES,EVERSOURCE ENERGY,Utilities,2025-12-16,0.0106
ETR,ENTERGY ,Utilities,2025-12-16,-0.0483
EVRG,"EVERGY, INC.",Utilities,2025-12-16,-0.0563
EXC,EXELON ,Utilities,2025-12-16,-0.0713
FE,FIRSTENERGY CORP.,Utilities,2025-12-16,-0.0773
LNT,ALLIANT ENERGY ,Utilities,2025-12-16,-0.0606
NEE,"NEXTERA ENERGY, INC.",Utilities,2025-12-16,-0.0576
NI,NISOURCE INC.,Utilities,2025-12-16,-0.0612
NRG,"NRG ENERGY, INC.",Utilities,2025-12-16,-0.0551
PCG,PG&E ,Utilities,2025-12-16,-0.0527
PEG,PUBLIC SERVICE ENTERPRISE GROUP INC.,Utilities,2025-12-16,-0.043
PNW,PINNACLE WEST CAPITAL ,Utilities,2025-12-16,-0.0335
PPL,PPL ,Utilities,2025-12-16,-0.0791
SO,THE SOUTHERN COMPANY,Utilities,2025-12-16,-0.0594
SRE,SEMPRA,Utilities,2025-12-16,-0.0719
VST,VISTRA CORP.,Utilities,2025-12-16,-0.0302
WEC,"WEC ENERGY GROUP, INC.",Utilities,2025-12-16,-0.0677
XEL,XCEL ENERGY INC.,Utilities,2025-12-16,-0.1021
FVX,5 YR TSY YLD NDX,Yields,2025-12-16,0.0258
TNX,10 Y TSY YLD NDX,Yields,2025-12-16,0.0329
TYX,30 Y TSY YLD NDX,Yields,2025-12-16,0.0341
ASC,ARDMORE SHIPPING ,,2025-12-16,-0.0875
BTC=F,BITCOIN FUTURES,,2025-12-16,-0.0524
BTI,BRITISH AMERICAN TOBACCO P.L.C.,,2025-12-16,-0.0234
BTU,PEABODY ENERGY ,,2025-12-16,0.0191
CALM,"CAL-MAINE FOODS, INC.",,2025-12-16,0.034
CANE,TEUCRIUM:SUGAR,,2025-12-16,-0.0107
CCJ,CAMECO ,,2025-12-16,-0.0165
CIVI,"CIVITAS RESOURCES, INC.",,2025-12-16,-0.0875
CMBT,CMB.TECH NV,,2025-12-16,-0.1088
CMRE,COSTAMARE INC.,,2025-12-16,0.021
CNR,"CORE NATURAL RESOURCES, INC.",,2025-12-16,0.0381
COMT,ISHARES:GSCI COMM DYN RS,,2025-12-16,-0.1014
CORN,TEUCRIUM:CORN,,2025-12-16,-0.0213
CPER,UNITED STATES COPPER IDX,,2025-12-16,0.0189
CRESY,CRESUD INC.,,2025-12-16,-0.0562
DBA,INVESCO DB MS AGRI,,2025-12-16,-0.0064
DBB,INVESCO DB MS BMTL,,2025-12-16,0.0068
DBC,INVESCO DB CM IDX,,2025-12-16,-0.0208
DHT,"DHT HOLDINGS, INC.",,2025-12-16,-0.0399
DIA,SPDR DOW JONES INDUS AVG,,2025-12-16,0.0101
DJI,DOW JONES INDUSTRIAL AVERAGE INDEX,,2025-12-16,0.0083
EC,ECOPETROL SA,,2025-12-16,-0.0499
ECH,ISHARES:MSCI CHILE,,2025-12-16,0.0259
EDEN,ISHARES:MSCI DENMARK,,2025-12-16,0.0152
EFNL,ISHARES:MSCI FINLAND,,2025-12-16,0.0221
EIDO,ISHARES:MSCI INDONESIA,,2025-12-16,0.0
EIRL,ISHARES:MSCI IRELAND,,2025-12-16,0.0114
EIS,ISHARES:MSCI ISRAEL,,2025-12-16,0.0485
ENZL,ISHARES:MSCI NEW ZLND,,2025-12-16,-0.0109
EPHE,ISHARES:MSCI PHILIPPINES,,2025-12-16,-0.0008
EPOL,ISHARES:MSCI POLAND,,2025-12-16,0.01
EPU,ISHARES:MSCI PERU,,2025-12-16,0.0749
ES=F,E-MINI S&P 500 FUTURES,,2025-12-16,-0.0027
EWA,ISHARES:MSCI AUSTRALIA,,2025-12-16,-0.0012
EWC,ISHARES:MSCI CANADA,,2025-12-16,0.0053
EWD,ISHARES:MSCI SWEDEN,,2025-12-16,0.0067
EWG,ISHARES:MSCI GERMANY,,2025-12-16,0.0271
EWH,ISHARES:MSCI HONG KONG,,2025-12-16,-0.0495
EWI,ISHARES:MSCI ITALY,,2025-12-16,0.0123
EWJ,ISHARES:MSCI JAPAN,,2025-12-16,-0.026
EWK,ISHARES:MSCI BELGIUM,,2025-12-16,-0.0065
EWL,ISHARES:MSCI SWITZERLAND,,2025-12-16,0.0208
EWM,ISHARES:MSCI MALAYSIA,,2025-12-16,0.0136
EWN,ISHARES:MSCI NETHERLANDS,,2025-12-16,-0.0303
EWO,ISHARES:MSCI AUSTRIA,,2025-12-16,0.0491
EWP,ISHARES:MSCI SPAIN,,2025-12-16,0.0236
EWQ,ISHARES:MSCI FRANCE,,2025-12-16,0.0083
EWS,ISHARES:MSCI SINGAPORE,,2025-12-16,-0.0461
EWT,ISHARES:MSCI TAIWAN,,2025-12-16,-0.0525
EWU,ISHARES:MSCI UK,,2025-12-16,-0.0097
EWW,ISHARES:MSCI MEXICO,,2025-12-16,-0.002
EWY,ISHARES:MSCI S KOREA,,2025-12-16,-0.0149
EWZ,ISHARES:MSCI BRAZIL,,2025-12-16,-0.0598
FRO,FRONTLINE PLC,,2025-12-16,-0.0438
FTI,TECHNIPFMC PLC,,2025-12-16,-0.0318
FXA,INVESCO:AU DOLLAR,,2025-12-16,0.0129
FXB,INVESCO:GBP STERLING,,2025-12-16,0.0137
FXC,INVESCO:CANADIAN DOLLAR,,2025-12-16,0.016
FXE,INVESCO:EURO,,2025-12-16,0.0121
FXY,INVESCO:JAPANESE YEN,,2025-12-16,0.0088
GDX,VANECK:GOLD MINERS,,2025-12-16,0.0192
GDXJ,VANECK:JR GOLD MINERS,,2025-12-16,0.0361
GEOS,GEOSPACE TECHNOLOGIES ,,2025-12-16,0.1701
GGB,GERDAU SA,,2025-12-16,0.0472
GLATF,GLOBAL ATOMIC ,,2025-12-16,0.2072
GNK,GENCO SHIPPING & TRADING LIMITED,,2025-12-16,-0.0396
GREK,GLBL X MSCI GREECE,,2025-12-16,0.0228
HLX,"HELIX ENERGY SOLUTIONS GROUP, INC.",,2025-12-16,-0.012
HYD,VANECK:HIGH YIELD MUNI,,2025-12-16,-0.0006
ICL,ICL GROUP LTD,,2025-12-16,-0.1181
INDA,ISHARES:MSCI INDIA,,2025-12-16,-0.0322
IWD,ISHARES:RUSS 1000 VL ETF,,2025-12-16,-0.0031
IWF,ISHARES:RUSS 1000 GR ETF,,2025-12-16,-0.014
IWM,ISHARES:RUSS 2000 ETF,,2025-12-16,0.0046
JNK,SPDR BBG HIGH YIELD BD,,2025-12-16,-0.0048
MCHI,ISHARES:MSCI CHINA,,2025-12-16,-0.0402
MDY,SPDR S&P MIDCAP 400 ETF,,2025-12-16,0.0044
MP,MP MATERIALS CORP,,2025-12-16,-0.1377
MTUM,ISHARES:MSCI USA MOM FCT,,2025-12-16,-0.0101
MUB,ISHARES:NATL MUNI BOND,,2025-12-16,-0.0041
NDX,NASDAQ 100 INDEX,,2025-12-16,-0.0119
NORW,GLBL X MSCI NORWAY ETF,,2025-12-16,0.014
NOV,NOV INC.,,2025-12-16,-0.0026
NQ=F,NASDAQ 100 FUTURES,,2025-12-16,-0.0171
OEF,ISHARES:S&P 100,,2025-12-16,-0.0128
PAM,PAMPA ENERGIA SA,,2025-12-16,-0.025
PBR,BRAZILIAN PETROLEUM  - PETROBRAS,,2025-12-16,-0.0598
PFF,ISHARES:PREF AND INC SEC,,2025-12-16,0.004
POWA,INVESCO BLOOMBERG PRICING POWER,,2025-12-16,-0.0103
PPLT,ABRDN:PHYSICAL PLATINUM,,2025-12-16,0.0995
QAT,ISHARES:MSCI QATAR,,2025-12-16,-0.0097
QQQ,INVESCO QQQ TRUST 1,,2025-12-16,-0.0121
QUAL,ISHARES:MSCI USA QF,,2025-12-16,0.0006
RIG,TRANSOCEAN LTD,,2025-12-16,-0.1293
ROKU,"ROKU, INC.",,2025-12-16,0.1477
RSP,INVESCO S&P500 EWGHT,,2025-12-16,0.004
RUT,RUSSELL 2000 INDEX,,2025-12-16,0.0075
SBLK,STAR BULK CARRIERS CORP.,,2025-12-16,-0.091
SCHP,SCHWAB STR:US TIPS,,2025-12-16,-0.0097
SD,"SANDRIDGE ENERGY, INC.",,2025-12-16,-0.0212
SDY,SPDR S&P DIVIDEND,,2025-12-16,0.0009
SILJ,ETFMG PRIME JR SILVR MNR,,2025-12-16,0.0552
SLV,ISHARES:SILVER TRUST,,2025-12-16,0.1273
SMH,VANECK:SEMICONDUCTOR,,2025-12-16,-0.001
SOYB,TEUCRIUM:SOYBEAN,,2025-12-16,-0.0555
SPHB,INVESCO S&P500 HI BE,,2025-12-16,0.0408
SPLV,INVESCO S&P500 LOWVL,,2025-12-16,-0.0246
SPX,S&P 500 INDEX,,2025-12-16,-0.0071
SPY,SPDR S&P 500 ETF,,2025-12-16,-0.0066
STLA,STELLANTIS NV,,2025-12-16,0.1098
STNG,SCORPIO TANKERS INC.,,2025-12-16,-0.1036
TAGS,TEUCRIUM:AGRICULTURAL,,2025-12-16,-0.0314
TDW,TIDEWATER INC.,,2025-12-16,-0.0228
TECK,TECK RESOURCES LIMITED,,2025-12-16,0.0065
THD,ISHARES:MSCI THAI,,2025-12-16,0.012
TS,TENARIS SA,,2025-12-16,-0.0182
TUR,ISHARES:MSCI TURKEY,,2025-12-16,0.0361
URA,GLBL X URANIUM ETF,,2025-12-16,-0.0223
URNM,SPROTT URANIUM MINERS,,2025-12-16,-0.0223
VAL,VALARIS LIMITED,,2025-12-16,-0.1129
VIX,CBOE MKT VOLATILITY IDX,,2025-12-16,0.008
VNM,VANECK:VIETNAM,,2025-12-16,-0.0267
VXN,CBOE NASDAQ MKT VOL NDX,,2025-12-16,-0.0463
WEAT,TEUCRIUM:WHEAT,,2025-12-16,-0.0437
XES,SPDR S&P OIL&GAS E&S,,2025-12-16,-0.0175
XLB,SEL SECTOR:MATRLS SPDR,,2025-12-16,0.0067
XLC,SEL SECTOR:COMM SVC SPDR,,2025-12-16,0.0109
XLE,SEL SECTOR:ENERGY SPDR,,2025-12-16,-0.0313
XLF,SEL SECTOR:FINL S SPDR,,2025-12-16,0.0246
XLI,SEL SECTOR:INDUST SPDR,,2025-12-16,0.0154
XLK,SEL SECTOR:TECH SPDR,,2025-12-16,-0.0038
XLP,SEL SECTOR:C STP SPDR,,2025-12-16,-0.0011
XLRE,SEL SECTOR:RL EST SPDR,,2025-12-16,-0.0269
XLU,SEL SECTOR:UTIL SPDR,,2025-12-16,-0.0502
XLV,SEL SECTOR:H CARE SPDR,,2025-12-16,-0.0227
XLY,SEL SECTOR:C DSC SPDR,,2025-12-16,0.0313
XOP,SPDR S&P OIL&GAS EXP,,2025-12-16,-0.0676
