Ticker,Ticker_name,Exposure,Date,day_pct_change
EDV,VANGUARD EXT DUR T;ETF,Bonds,2025-10-29,-0.0146
HYG,ISHARES:IBOXX $HY CORP,Bonds,2025-10-29,-0.0031
IEF,ISHARES:7-10 TRS BD ETF,Bonds,2025-10-29,-0.0065
LQD,ISHARES:IBOXX $IG CORP,Bonds,2025-10-29,-0.0057
SHY,ISHARES:1-3 TRS BD ETF,Bonds,2025-10-29,-0.002
STIP,ISHARES:0-5 TIPS BD ETF,Bonds,2025-10-29,-0.0025
TIP,ISHARES:TIPS BD ETF,Bonds,2025-10-29,-0.0053
TLT,ISHARES:20+ TRS BD ETF,Bonds,2025-10-29,-0.0101
APP,APPLOVIN CORP,Communication Services,2025-10-29,0.007
CHTR,"CHARTER COMMUNICATIONS, INC.",Communication Services,2025-10-29,-0.0294
CMCSA,COMCAST ,Communication Services,2025-10-29,-0.0256
DIS,THE WALT DISNEY COMPANY,Communication Services,2025-10-29,-0.0126
EA,ELECTRONIC ARTS INC.,Communication Services,2025-10-29,-0.0005
FOXA,FOX ,Communication Services,2025-10-29,-0.0049
GOOGL,ALPHABET INC.,Communication Services,2025-10-29,0.0265
IPG,THE INTERPUBLIC GROUP,Communication Services,2025-10-29,-0.0224
LYV,"LIVE NATION ENTERTAINMENT, INC.",Communication Services,2025-10-29,-0.0124
META,"META PLATFORMS, INC.",Communication Services,2025-10-29,0.0003
MTCH,"MATCH GROUP, INC.",Communication Services,2025-10-29,-0.0199
NFLX,"NETFLIX, INC.",Communication Services,2025-10-29,-0.0019
NWSA,NEWS CORP.,Communication Services,2025-10-29,-0.0236
OMC,OMNICOM GROUP INC.,Communication Services,2025-10-29,-0.0218
PSKY,PARAMOUNT SKYDANCE ,Communication Services,2025-10-29,-0.0204
T,AT&T INC.,Communication Services,2025-10-29,-0.0218
TKO,"TKO GROUP HOLDINGS, INC.",Communication Services,2025-10-29,-0.0045
TMUS,"T-MOBILE US, INC.",Communication Services,2025-10-29,-0.0226
TTD,"THE TRADE DESK, INC.",Communication Services,2025-10-29,-0.0331
TTWO,"TAKE-TWO INTERACTIVE SOFTWARE, INC.",Communication Services,2025-10-29,0.0006
VZ,VERIZON COMMUNICATIONS INC.,Communication Services,2025-10-29,0.0226
WBD,"WARNER BROS. DISCOVERY, INC.",Communication Services,2025-10-29,0.0167
ABNB,"AIRBNB, INC.",Consumer Discretionary,2025-10-29,-0.012
AMZN,"AMAZON.COM, INC.",Consumer Discretionary,2025-10-29,0.0046
APTV,APTIV PLC,Consumer Discretionary,2025-10-29,-0.01
AZO,"AUTOZONE, INC.",Consumer Discretionary,2025-10-29,-0.0247
BBY,"BEST BUY CO., INC.",Consumer Discretionary,2025-10-29,0.0017
BKNG,BOOKING HOLDINGS INC.,Consumer Discretionary,2025-10-29,-0.0087
CCL,CARNIVAL CORP,Consumer Discretionary,2025-10-29,0.0004
CMG,"CHIPOTLE MEXICAN GRILL, INC.",Consumer Discretionary,2025-10-29,-0.0124
DASH,"DOORDASH, INC.",Consumer Discretionary,2025-10-29,0.0177
DECK,DECKERS OUTDOOR ,Consumer Discretionary,2025-10-29,-0.043
DHI,"D.R. HORTON, INC.",Consumer Discretionary,2025-10-29,-0.0355
DPZ,"DOMINO'S PIZZA, INC.",Consumer Discretionary,2025-10-29,-0.0124
DRI,"DARDEN RESTAURANTS, INC.",Consumer Discretionary,2025-10-29,0.006
EBAY,EBAY INC.,Consumer Discretionary,2025-10-29,-0.0004
EXPE,"EXPEDIA GROUP, INC.",Consumer Discretionary,2025-10-29,-0.0246
F,FORD MOTOR COMPANY,Consumer Discretionary,2025-10-29,0.0084
GM,GENERAL MOTORS COMPANY,Consumer Discretionary,2025-10-29,-0.0106
GPC,GENUINE PARTS COMPANY,Consumer Discretionary,2025-10-29,-0.0191
GRMN,GARMIN LTD,Consumer Discretionary,2025-10-29,-0.1148
HAS,"HASBRO, INC.",Consumer Discretionary,2025-10-29,0.0003
HD,"THE HOME DEPOT, INC.",Consumer Discretionary,2025-10-29,-0.02
HLT,HILTON WORLDWIDE HOLDINGS INC.,Consumer Discretionary,2025-10-29,-0.002
KMX,"CARMAX, INC.",Consumer Discretionary,2025-10-29,-0.0448
LEN,LENNAR ,Consumer Discretionary,2025-10-29,-0.0315
LKQ,LKQ ,Consumer Discretionary,2025-10-29,-0.0297
LOW,"LOWE'S COMPANIES, INC.",Consumer Discretionary,2025-10-29,-0.0229
LULU,LULULEMON ATHLETICA INC.,Consumer Discretionary,2025-10-29,-0.0538
LVS,LAS VEGAS SANDS CORP.,Consumer Discretionary,2025-10-29,0.01
MAR,"MARRIOTT INTERNATIONAL, INC.",Consumer Discretionary,2025-10-29,-0.0088
MCD,MCDONALD'S ,Consumer Discretionary,2025-10-29,-0.0132
MGM,MGM RESORTS INTERNATIONAL,Consumer Discretionary,2025-10-29,-0.0232
MHK,"MOHAWK INDUSTRIES, INC.",Consumer Discretionary,2025-10-29,-0.0104
NCLH,NORWEGIAN CRUISE LINE HOLDINGS LTD.,Consumer Discretionary,2025-10-29,-0.0058
NKE,"NIKE, INC.",Consumer Discretionary,2025-10-29,-0.0308
NVR,"NVR, INC.",Consumer Discretionary,2025-10-29,-0.0172
ORLY,"O'REILLY AUTOMOTIVE, INC.",Consumer Discretionary,2025-10-29,-0.0185
PHM,"PULTEGROUP, INC.",Consumer Discretionary,2025-10-29,-0.0208
POOL,POOL ,Consumer Discretionary,2025-10-29,-0.0118
RCL,ROYAL CARIBBEAN CRUISES LTD.,Consumer Discretionary,2025-10-29,-0.044
RL,RALPH LAUREN ,Consumer Discretionary,2025-10-29,-0.0109
ROST,"ROSS STORES, INC.",Consumer Discretionary,2025-10-29,-0.0147
SBUX,STARBUCKS ,Consumer Discretionary,2025-10-29,-0.0147
TJX,"THE TJX COMPANIES, INC.",Consumer Discretionary,2025-10-29,-0.0162
TPR,"TAPESTRY, INC.",Consumer Discretionary,2025-10-29,-0.0017
TSCO,TRACTOR SUPPLY COMPANY,Consumer Discretionary,2025-10-29,-0.0225
TSLA,"TESLA, INC.",Consumer Discretionary,2025-10-29,0.0021
ULTA,"ULTA BEAUTY, INC.",Consumer Discretionary,2025-10-29,-0.0245
WSM,"WILLIAMS-SONOMA, INC.",Consumer Discretionary,2025-10-29,-0.0207
WYNN,"WYNN RESORTS, LIMITED",Consumer Discretionary,2025-10-29,0.0002
YUM,"YUM! BRANDS, INC.",Consumer Discretionary,2025-10-29,-0.0135
ADM,ARCHER-DANIELS-MIDLAND COMPANY.,Consumer Staples,2025-10-29,-0.0139
BF.B,BROWN-FORMAN ,Consumer Staples,2025-10-29,-0.0507
BG,BUNGE LIMITED,Consumer Staples,2025-10-29,-0.0028
CAG,"CONAGRA BRANDS, INC.",Consumer Staples,2025-10-29,-0.0387
CHD,"CHURCH & DWIGHT CO., INC.",Consumer Staples,2025-10-29,-0.0287
CL,COLGATE-PALMOLIVE COMPANY,Consumer Staples,2025-10-29,-0.0183
CLX,THE CLOROX COMPANY,Consumer Staples,2025-10-29,-0.0395
COST,COSTCO WHOLESALE ,Consumer Staples,2025-10-29,-0.0127
CPB,CAMPBELL SOUP COMPANY,Consumer Staples,2025-10-29,-0.031
DG,DOLLAR GENERAL ,Consumer Staples,2025-10-29,-0.0197
DLTR,"DOLLAR TREE, INC.",Consumer Staples,2025-10-29,-0.0133
EL,THE ESTEE LAUDER COMPANIES INC.,Consumer Staples,2025-10-29,-0.0142
GIS,"GENERAL MILLS, INC.",Consumer Staples,2025-10-29,-0.0308
HRL,HORMEL FOODS ,Consumer Staples,2025-10-29,-0.0913
HSY,THE HERSHEY COMPANY,Consumer Staples,2025-10-29,-0.0276
K,KELLANOVA,Consumer Staples,2025-10-29,-0.0008
KDP,KEURIG DR PEPPER INC.,Consumer Staples,2025-10-29,-0.0589
KHC,THE KRAFT HEINZ COMPANY,Consumer Staples,2025-10-29,-0.0447
KMB,KIMBERLY-CLARK ,Consumer Staples,2025-10-29,-0.0327
KO,THE COCA-COLA COMPANY,Consumer Staples,2025-10-29,-0.0258
KR,THE KROGER CO.,Consumer Staples,2025-10-29,-0.0244
KVUE,KENVUE INC.,Consumer Staples,2025-10-29,-0.0138
LW,"LAMB WESTON HOLDINGS, INC.",Consumer Staples,2025-10-29,-0.0364
MDLZ,"MONDELEZ INTERNATIONAL, INC.",Consumer Staples,2025-10-29,-0.0392
MKC,"MCCORMICK & COMPANY, INC.",Consumer Staples,2025-10-29,-0.033
MNST,MONSTER BEVERAGE ,Consumer Staples,2025-10-29,-0.0398
MO,"ALTRIA GROUP, INC.",Consumer Staples,2025-10-29,-0.0207
PEP,"PEPSICO, INC.",Consumer Staples,2025-10-29,-0.0264
PG,THE PROCTER & GAMBLE COMPANY,Consumer Staples,2025-10-29,-0.0172
PM,PHILIP MORRIS INTERNATIONAL INC.,Consumer Staples,2025-10-29,-0.0203
SJM,THE J. M. SMUCKER COMPANY,Consumer Staples,2025-10-29,-0.0346
STZ,"CONSTELLATION BRANDS, INC.",Consumer Staples,2025-10-29,-0.0239
SYY,SYSCO ,Consumer Staples,2025-10-29,-0.0211
TAP,MOLSON COORS BEVERAGE COMPANY,Consumer Staples,2025-10-29,-0.038
TGT,TARGET ,Consumer Staples,2025-10-29,-0.0308
TSN,"TYSON FOODS, INC.",Consumer Staples,2025-10-29,-0.0272
WMT,WALMART INC.,Consumer Staples,2025-10-29,-0.0069
APA,APA ,Energy,2025-10-29,-0.0084
BKR,BAKER HUGHES COMPANY,Energy,2025-10-29,0.0096
COP,CONOCOPHILLIPS,Energy,2025-10-29,0.0149
CTRA,COTERRA ENERGY INC.,Energy,2025-10-29,-0.0017
CVX,CHEVRON ,Energy,2025-10-29,0.0063
DVN,DEVON ENERGY ,Energy,2025-10-29,0.0012
EOG,"EOG RESOURCES, INC.",Energy,2025-10-29,0.0009
EQT,EQT ,Energy,2025-10-29,-0.0073
EXE,EXPAND ENERGY ,Energy,2025-10-29,-0.0058
FANG,"DIAMONDBACK ENERGY, INC.",Energy,2025-10-29,0.0176
HAL,HALLIBURTON COMPANY,Energy,2025-10-29,0.0323
KMI,"KINDER MORGAN, INC.",Energy,2025-10-29,-0.0069
MPC,MARATHON PETROLEUM ,Energy,2025-10-29,0.0184
OKE,"ONEOK, INC.",Energy,2025-10-29,-0.0275
OXY,OCCIDENTAL PETROLEUM ,Energy,2025-10-29,-0.0061
PSX,PHILLIPS 66,Energy,2025-10-29,0.0325
SLB,SCHLUMBERGER N.V.,Energy,2025-10-29,0.027
TPL,TEXAS PACIFIC LAND ,Energy,2025-10-29,0.0103
TRGP,TARGA RESOURCES CORP.,Energy,2025-10-29,-0.0076
VLO,VALERO ENERGY ,Energy,2025-10-29,0.0078
WMB,"THE WILLIAMS COMPANIES, INC.",Energy,2025-10-29,-0.0106
XOM,EXXON MOBIL ,Energy,2025-10-29,0.0123
UNG,UNITED STATES NAT GAS,Energy Complex,2025-10-29,-0.0105
USO,UNITED STATES OIL FUND,Energy Complex,2025-10-29,0.0057
ACGL,ARCH CAPITAL GROUP LTD.,Financials,2025-10-29,0.0133
AFL,AFLAC INC.,Financials,2025-10-29,-0.0092
AIG,"AMERICAN INTERNATIONAL GROUP, INC.",Financials,2025-10-29,-0.0052
AIZ,"ASSURANT, INC.",Financials,2025-10-29,0.0011
AJG,ARTHUR J. GALLAGHER & CO.,Financials,2025-10-29,-0.0205
ALL,THE ALLSTATE ,Financials,2025-10-29,-0.0045
AMP,"AMERIPRISE FINANCIAL, INC.",Financials,2025-10-29,-0.0124
AON,AON PLC,Financials,2025-10-29,-0.0118
APO,"APOLLO GLOBAL MANAGEMENT, INC.",Financials,2025-10-29,0.0033
AXP,AMERICAN EXPRESS COMPANY,Financials,2025-10-29,-0.0078
BAC,BANK OF AMERICA ,Financials,2025-10-29,-0.0055
BEN,"FRANKLIN RESOURCES, INC.",Financials,2025-10-29,-0.0163
BK,THE BANK OF NEW YORK MELLON ,Financials,2025-10-29,-0.0129
BLK,"BLACKROCK, INC.",Financials,2025-10-29,-0.024
BRK.B,"BERKSHIRE HATHAWAY INC.,",Financials,2025-10-29,-0.0118
BRO,"BROWN & BROWN, INC.",Financials,2025-10-29,-0.0252
BX,BLACKSTONE INC,Financials,2025-10-29,-0.0183
C,CITIGROUP INC.,Financials,2025-10-29,-0.0224
CB,CHUBB LTD,Financials,2025-10-29,0.0088
CBOE,"CBOE GLOBAL MARKETS, INC.",Financials,2025-10-29,-0.0245
CFG,"CITIZENS FINANCIAL GROUP, INC.",Financials,2025-10-29,-0.0175
CINF,CINCINNATI FINANCIAL ,Financials,2025-10-29,0.0005
CME,CME GROUP INC.,Financials,2025-10-29,-0.018
COF,CAPITAL ONE FINANCIAL ,Financials,2025-10-29,-0.0109
COIN,"COINBASE GLOBAL, INC.",Financials,2025-10-29,-0.0186
CPAY,"FLEETCOR TECHNOLOGIES, INC.",Financials,2025-10-29,-0.0612
EG,"EVEREST GROUP, LTD.",Financials,2025-10-29,0.0149
ERIE,ERIE INDEMNITY COMPANY,Financials,2025-10-29,-0.0577
FDS,FACTSET RESEARCH SYSTEMS INC.,Financials,2025-10-29,-0.0746
FI,"FISERV, INC.",Financials,2025-10-29,-0.4404
FIS,FIDELITY NATIONAL INFORMATION SERVICES,Financials,2025-10-29,-0.0672
FITB,FIFTH THIRD BANCORP,Financials,2025-10-29,-0.0119
GL,GLOBE LIFE INC.,Financials,2025-10-29,-0.0196
GPN,GLOBAL PAYMENTS INC.,Financials,2025-10-29,-0.075
GS,"THE GOLDMAN SACHS GROUP, INC.",Financials,2025-10-29,-0.0114
HBAN,HUNTINGTON BANCSHARES INC.,Financials,2025-10-29,-0.0245
HIG,THE HARTFORD FINANCIAL SERVICES GROUP,Financials,2025-10-29,-0.0027
HOOD,"ROBINHOOD MARKETS, INC.",Financials,2025-10-29,-0.0099
IBKR,"INTERACTIVE BROKERS GROUP, INC.",Financials,2025-10-29,0.0079
ICE,"INTERCONTINENTAL EXCHANGE, INC.",Financials,2025-10-29,-0.0423
IVZ,INVESCO LTD.,Financials,2025-10-29,0.0058
JKHY,"JACK HENRY & ASSOCIATES, INC.",Financials,2025-10-29,-0.0286
JPM,JPMORGAN CHASE & CO.,Financials,2025-10-29,0.0005
KEY,KEYCORP,Financials,2025-10-29,-0.0108
KKR,KKR & CO. INC.,Financials,2025-10-29,-0.0171
L,LOEWS ,Financials,2025-10-29,-0.0058
MA,MASTERCARD INC..,Financials,2025-10-29,-0.0201
MCO,MOODY'S ,Financials,2025-10-29,-0.0388
MET,"METLIFE, INC.",Financials,2025-10-29,-0.0055
MMC,"MARSH & MCLENNAN COMPANIES, INC.",Financials,2025-10-29,-0.0155
MS,MORGAN STANLEY,Financials,2025-10-29,-0.0071
MSCI,MSCI INC.,Financials,2025-10-29,-0.0442
MTB,M&T BANK ,Financials,2025-10-29,-0.0004
NDAQ,"NASDAQ, INC.",Financials,2025-10-29,-0.0289
NTRS,NORTHERN TRUST ,Financials,2025-10-29,-0.0006
PFG,"PRINCIPAL FINANCIAL GROUP, INC.",Financials,2025-10-29,0.0028
PGR,THE PROGRESSIVE ,Financials,2025-10-29,-0.0186
PNC,"THE PNC FINANCIAL SERVICES GROUP, INC.",Financials,2025-10-29,-0.01
PRU,"PRUDENTIAL FINANCIAL, INC.",Financials,2025-10-29,-0.0026
PYPL,"PAYPAL HOLDINGS, INC.",Financials,2025-10-29,-0.0457
RF,REGIONS FINANCIAL ,Financials,2025-10-29,-0.0082
RJF,"RAYMOND JAMES FINANCIAL, INC.",Financials,2025-10-29,-0.009
SCHW,THE CHARLES SCHWAB ,Financials,2025-10-29,0.0081
SPGI,S&P GLOBAL INC.,Financials,2025-10-29,-0.0418
STT,STATE STREET ,Financials,2025-10-29,-0.0163
SYF,SYNCHRONY FINANCIAL,Financials,2025-10-29,-0.0202
TFC,TRUIST FINANCIAL ,Financials,2025-10-29,-0.0095
TROW,"T. ROWE PRICE GROUP, INC.",Financials,2025-10-29,-0.0138
TRV,"THE TRAVELERS COMPANIES, INC.",Financials,2025-10-29,-0.0008
USB,U.S. BANCORP,Financials,2025-10-29,-0.0133
V,VISA INC.,Financials,2025-10-29,-0.0162
WFC,WELLS FARGO & COMPANY,Financials,2025-10-29,-0.0104
WRB,W. R. BERKLEY ,Financials,2025-10-29,-0.0167
WTW,WILLIS TOWERS WATSON,Financials,2025-10-29,-0.0088
XYZ,"BLOCK, INC.",Financials,2025-10-29,-0.0458
GLD,SPDR GOLD,Gold,2025-10-29,-0.0038
A,"AGILENT TECHNOLOGIES, INC.",Health Care,2025-10-29,-0.0182
ABBV,ABBVIE INC.,Health Care,2025-10-29,-0.0105
ABT,ABBOTT LABORATORIES,Health Care,2025-10-29,-0.0172
ALGN,"ALIGN TECHNOLOGY, INC.",Health Care,2025-10-29,-0.0092
AMGN,AMGEN INC.,Health Care,2025-10-29,-0.0011
BAX,BAXTER INTERNATIONAL INC.,Health Care,2025-10-29,-0.0192
BDX,"BECTON, DICKINSON AND COMPANY",Health Care,2025-10-29,-0.0146
BIIB,BIOGEN INC.,Health Care,2025-10-29,-0.0085
BMY,BRISTOL-MYERS SQUIBB COMPANY,Health Care,2025-10-29,-0.0051
BSX,BOSTON SCIENTIFIC ,Health Care,2025-10-29,-0.0066
CAH,"CARDINAL HEALTH, INC.",Health Care,2025-10-29,0.0103
CI,THE CIGNA GROUP,Health Care,2025-10-29,-0.0301
CNC,CENTENE ,Health Care,2025-10-29,0.125
COO,"THE COOPER COMPANIES, INC.",Health Care,2025-10-29,-0.0302
COR,"CENCORA, INC.",Health Care,2025-10-29,-0.0074
CRL,CHARLES RIVER LABORATORIES,Health Care,2025-10-29,-0.0414
CVS,CVS HEALTH ,Health Care,2025-10-29,-0.0195
DGX,QUEST DIAGNOSTICS INC.,Health Care,2025-10-29,-0.0196
DHR,DANAHER ,Health Care,2025-10-29,-0.0133
DVA,DAVITA INC.,Health Care,2025-10-29,-0.0235
DXCM,"DEXCOM, INC.",Health Care,2025-10-29,-0.0152
ELV,"ELEVANCE HEALTH, INC.",Health Care,2025-10-29,-0.009
EW,EDWARDS LIFESCIENCES ,Health Care,2025-10-29,0.0061
GEHC,GE HEALTHCARE TECHNOLOGIES INC.,Health Care,2025-10-29,-0.0254
GILD,"GILEAD SCIENCES, INC.",Health Care,2025-10-29,0.0053
HCA,"HCA HEALTHCARE, INC.",Health Care,2025-10-29,0.0042
HOLX,"HOLOGIC, INC.",Health Care,2025-10-29,-0.0004
HSIC,"HENRY SCHEIN, INC.",Health Care,2025-10-29,-0.0141
HUM,HUMANA INC.,Health Care,2025-10-29,-0.0072
IDXX,"IDEXX LABORATORIES, INC.",Health Care,2025-10-29,-0.0106
INCY,INCYTE ,Health Care,2025-10-29,-0.016
IQV,IQVIA HOLDINGS INC,Health Care,2025-10-29,-0.0014
ISRG,"INTUITIVE SURGICAL, INC.",Health Care,2025-10-29,-0.0143
JNJ,JOHNSON & JOHNSON,Health Care,2025-10-29,-0.0018
LH,LABORATORY  OF AMERICA HOLDINGS,Health Care,2025-10-29,-0.0445
LLY,ELI LILLY AND COMPANY,Health Care,2025-10-29,-0.008
MCK,MCKESSON ,Health Care,2025-10-29,0.0038
MDT,MEDTRONIC PUBLIC LIMITED COMPANY,Health Care,2025-10-29,-0.0161
MOH,"MOLINA HEALTHCARE, INC.",Health Care,2025-10-29,-0.0157
MRK,"MERCK & CO., INC.",Health Care,2025-10-29,-0.0052
MRNA,"MODERNA, INC.",Health Care,2025-10-29,-0.0256
MTD,METTLER-TOLEDO INTERNATIONAL INC.,Health Care,2025-10-29,-0.0074
PFE,PFIZER INC.,Health Care,2025-10-29,-0.0086
PODD,INSULET ,Health Care,2025-10-29,-0.0252
REGN,"REGENERON PHARMACEUTICALS, INC.",Health Care,2025-10-29,-0.0024
RMD,RESMED INC.,Health Care,2025-10-29,-0.0115
RVTY,"REVVITY, INC.",Health Care,2025-10-29,-0.0119
SOLV,SOLVENTUM ,Health Care,2025-10-29,-0.0161
STE,STERIS PUBLIC LIMITED COMPANY,Health Care,2025-10-29,-0.0183
SYK,STRYKER ,Health Care,2025-10-29,-0.0169
TECH,BIO-TECHNE ,Health Care,2025-10-29,-0.03
TMO,THERMO FISHER SCIENTIFIC INC.,Health Care,2025-10-29,0.0012
UHS,"UNIVERSAL HEALTH SERVICES, INC.",Health Care,2025-10-29,0.0273
UNH,UNITEDHEALTH GROUP INC.,Health Care,2025-10-29,-0.0342
VRTX,VERTEX PHARMACEUTICALS INC.,Health Care,2025-10-29,-0.0123
VTRS,VIATRIS INC.,Health Care,2025-10-29,-0.0019
WAT,WATERS ,Health Care,2025-10-29,-0.0072
WST,"WEST PHARMACEUTICAL SERVICES, INC.",Health Care,2025-10-29,0.0048
ZBH,"ZIMMER BIOMET HOLDINGS, INC.",Health Care,2025-10-29,-0.0141
ZTS,ZOETIS INC.,Health Care,2025-10-29,-0.0101
ADP,"AUTOMATIC DATA PROCESSING, INC.",Industrials,2025-10-29,-0.0658
ALLE,ALLEGION PUBLIC LIMITED COMPANY,Industrials,2025-10-29,-0.0206
AME,"AMETEK, INC.",Industrials,2025-10-29,-0.0049
AOS,A. O. SMITH ,Industrials,2025-10-29,-0.0189
AXON,"AXON ENTERPRISE, INC.",Industrials,2025-10-29,0.0059
BA,THE BOEING COMPANY,Industrials,2025-10-29,-0.0437
BLDR,"BUILDERS FIRSTSOURCE, INC.",Industrials,2025-10-29,-0.034
BR,"BROADRIDGE FINANCIAL SOLUTIONS, INC.",Industrials,2025-10-29,-0.0432
CARR,CARRIER GLOBAL ,Industrials,2025-10-29,0.0342
CAT,CATERPILLAR INC.,Industrials,2025-10-29,0.1163
CHRW,"C.H. ROBINSON WORLDWIDE, INC.",Industrials,2025-10-29,0.0102
CMI,CUMMINS INC.,Industrials,2025-10-29,0.0651
CPRT,"COPART, INC.",Industrials,2025-10-29,-0.0356
CSX,CSX ,Industrials,2025-10-29,-0.0107
CTAS,CINTAS ,Industrials,2025-10-29,-0.0315
DAL,"DELTA AIR LINES, INC.",Industrials,2025-10-29,0.0156
DAY,CERIDIAN HCM HOLDING INC.,Industrials,2025-10-29,-0.0006
DE,DEERE & COMPANY,Industrials,2025-10-29,0.0113
DOV,DOVER ,Industrials,2025-10-29,0.0061
EFX,EQUIFAX INC.,Industrials,2025-10-29,-0.043
EME,"EMCOR GROUP, INC.",Industrials,2025-10-29,0.034
EMR,EMERSON ELECTRIC CO.,Industrials,2025-10-29,0.0142
ETN,EATON  PUBLIC LIMITED COMPANY,Industrials,2025-10-29,0.0312
EXPD,EXPEDITORS INTERNATIONAL OF WASHINGTON,Industrials,2025-10-29,-0.0153
FAST,FASTENAL COMPANY,Industrials,2025-10-29,-0.013
FDX,FEDEX ,Industrials,2025-10-29,0.0004
FTV,FORTIVE ,Industrials,2025-10-29,0.024
GD,GENERAL DYNAMICS ,Industrials,2025-10-29,-0.0092
GE,GENERAL ELECTRIC COMPANY,Industrials,2025-10-29,0.0145
GEV,GE VERNOVA INC.,Industrials,2025-10-29,0.0122
GNRC,GENERAC HOLDINGS INC.,Industrials,2025-10-29,-0.0489
GWW,"W.W. GRAINGER, INC.",Industrials,2025-10-29,-0.0047
HII,"HUNTINGTON INGALLS INDUSTRIES, INC.",Industrials,2025-10-29,-0.0024
HON,HONEYWELL INTERNATIONAL INC.,Industrials,2025-10-29,-0.0071
HUBB,HUBBELL INC.,Industrials,2025-10-29,0.0378
HWM,HOWMET AEROSPACE INC.,Industrials,2025-10-29,0.0121
IEX,IDEX ,Industrials,2025-10-29,0.0386
IR,INGERSOLL RAND INC.,Industrials,2025-10-29,0.0108
ITW,ILLINOIS TOOL WORKS INC.,Industrials,2025-10-29,-0.0156
J,JACOBS SOLUTIONS INC.,Industrials,2025-10-29,0.0003
JBHT,"J. B. HUNT TRANSPORT SERVICES, INC.",Industrials,2025-10-29,0.0139
JCI,JOHNSON CONTROLS INTERNATIONAL PLC,Industrials,2025-10-29,0.0101
LDOS,"LEIDOS HOLDINGS, INC.",Industrials,2025-10-29,0.0019
LHX,"L3HARRIS TECHNOLOGIES, INC.",Industrials,2025-10-29,-0.0018
LII,LENNOX INTERNATIONAL INC.,Industrials,2025-10-29,-0.0267
LMT,LOCKHEED MARTIN ,Industrials,2025-10-29,-0.0009
LUV,SOUTHWEST AIRLINES CO.,Industrials,2025-10-29,-0.0138
MAS,MASCO ,Industrials,2025-10-29,-0.0469
MMM,3M COMPANY,Industrials,2025-10-29,-0.0132
NDSN,NORDSON ,Industrials,2025-10-29,-0.0091
NOC,NORTHROP GRUMMAN ,Industrials,2025-10-29,-0.0169
NSC,NORFOLK SOUTHERN ,Industrials,2025-10-29,-0.0031
ODFL,"OLD DOMINION FREIGHT LINE, INC.",Industrials,2025-10-29,0.0003
OTIS,OTIS WORLDWIDE ,Industrials,2025-10-29,0.0228
PAYC,"PAYCOM SOFTWARE, INC.",Industrials,2025-10-29,-0.0607
PAYX,"PAYCHEX, INC.",Industrials,2025-10-29,-0.0536
PCAR,PACCAR INC,Industrials,2025-10-29,-0.0097
PH,PARKER-HANNIFIN ,Industrials,2025-10-29,0.0105
PNR,PENTAIR PUBLIC LIMITED COMPANY,Industrials,2025-10-29,-0.0115
PWR,"QUANTA SERVICES, INC.",Industrials,2025-10-29,0.0207
ROK,"ROCKWELL AUTOMATION, INC.",Industrials,2025-10-29,0.017
ROL,"ROLLINS, INC.",Industrials,2025-10-29,-0.0389
RSG,"REPUBLIC SERVICES, INC.",Industrials,2025-10-29,-0.0332
RTX,RTX ,Industrials,2025-10-29,-0.0129
SNA,SNAP-ON INC.,Industrials,2025-10-29,-0.0162
SWK,"STANLEY BLACK & DECKER, INC.",Industrials,2025-10-29,-0.0267
TDG,TRANSDIGM GROUP INC.,Industrials,2025-10-29,-0.0143
TT,TRANE TECHNOLOGIES PLC,Industrials,2025-10-29,0.0026
TXT,TEXTRON INC.,Industrials,2025-10-29,0.0005
UAL,"UNITED AIRLINES HOLDINGS, INC.",Industrials,2025-10-29,0.0104
UBER,"UBER TECHNOLOGIES, INC.",Industrials,2025-10-29,0.0035
UNP,UNION PACIFIC ,Industrials,2025-10-29,-0.0056
UPS,"UNITED PARCEL SERVICE, INC.",Industrials,2025-10-29,0.0108
URI,"UNITED RENTALS, INC.",Industrials,2025-10-29,-0.0056
VLTO,VERALTO ,Industrials,2025-10-29,-0.0296
VRSK,"VERISK ANALYTICS, INC.",Industrials,2025-10-29,-0.104
WAB,WESTINGHOUSE AIR BRAKE TECHNOLOGIES ,Industrials,2025-10-29,0.018
WM,"WASTE MANAGEMENT, INC.",Industrials,2025-10-29,-0.0328
XYL,XYLEM INC.,Industrials,2025-10-29,0.0163
AAPL,APPLE INC.,Information Technology,2025-10-29,0.0026
ACN,ACCENTURE PUBLIC LIMITED COMPANY,Information Technology,2025-10-29,-0.0221
ADBE,ADOBE INC.,Information Technology,2025-10-29,-0.0613
ADI,"ANALOG DEVICES, INC.",Information Technology,2025-10-29,-0.018
ADSK,"AUTODESK, INC.",Information Technology,2025-10-29,-0.045
AKAM,"AKAMAI TECHNOLOGIES, INC.",Information Technology,2025-10-29,-0.0362
AMAT,"APPLIED MATERIALS, INC.",Information Technology,2025-10-29,0.0356
AMD,"ADVANCED MICRO DEVICES, INC.",Information Technology,2025-10-29,0.0245
ANET,"ARISTA NETWORKS, INC.",Information Technology,2025-10-29,0.0336
APH,AMPHENOL ,Information Technology,2025-10-29,0.0179
AVGO,BROADCOM INC.,Information Technology,2025-10-29,0.0349
CDNS,"CADENCE DESIGN SYSTEMS, INC.",Information Technology,2025-10-29,0.0004
CDW,CDW ,Information Technology,2025-10-29,0.0074
CRM,"SALESFORCE, INC.",Information Technology,2025-10-29,-0.011
CRWD,"CROWDSTRIKE HOLDINGS, INC.",Information Technology,2025-10-29,-0.0026
CSCO,"CISCO SYSTEMS, INC.",Information Technology,2025-10-29,-0.0178
CTSH,COGNIZANT TECHNOLOGY SOLUTIONS ,Information Technology,2025-10-29,0.0571
DDOG,"DATADOG, INC.",Information Technology,2025-10-29,-0.0081
DELL,DELL TECHNOLOGIES INC.,Information Technology,2025-10-29,-0.0078
EPAM,"EPAM SYSTEMS, INC.",Information Technology,2025-10-29,0.0059
FFIV,"F5, INC.",Information Technology,2025-10-29,-0.033
FICO,FAIR ISAAC ,Information Technology,2025-10-29,-0.0598
FSLR,"FIRST SOLAR, INC.",Information Technology,2025-10-29,0.0088
FTNT,"FORTINET, INC.",Information Technology,2025-10-29,-0.0192
GDDY,GODADDY INC.,Information Technology,2025-10-29,-0.0327
GEN,GEN DIGITAL INC.,Information Technology,2025-10-29,-0.0322
GLW,CORNING INC.,Information Technology,2025-10-29,0.0447
HPE,HEWLETT PACKARD ENTERPRISE COMPANY,Information Technology,2025-10-29,0.0008
HPQ,HP INC.,Information Technology,2025-10-29,-0.0132
IBM,INTERNATIONAL BUSINESS MACHINES ,Information Technology,2025-10-29,-0.0139
INTC,INTEL ,Information Technology,2025-10-29,-0.0046
INTU,INTUIT INC.,Information Technology,2025-10-29,-0.0337
IT,"GARTNER, INC.",Information Technology,2025-10-29,-0.0117
JBL,JABIL INC.,Information Technology,2025-10-29,0.0364
KEYS,"KEYSIGHT TECHNOLOGIES, INC.",Information Technology,2025-10-29,0.0025
KLAC,KLA ,Information Technology,2025-10-29,0.0242
LRCX,LAM RESEARCH ,Information Technology,2025-10-29,0.0325
MCHP,MICROCHIP TECHNOLOGY INC.,Information Technology,2025-10-29,-0.0173
MPWR,"MONOLITHIC POWER SYSTEMS, INC.",Information Technology,2025-10-29,0.0071
MSFT,MICROSOFT ,Information Technology,2025-10-29,-0.001
MSI,"MOTOROLA SOLUTIONS, INC.",Information Technology,2025-10-29,-0.0182
MU,"MICRON TECHNOLOGY, INC.",Information Technology,2025-10-29,0.0213
NOW,"SERVICENOW, INC.",Information Technology,2025-10-29,-0.0279
NTAP,"NETAPP, INC.",Information Technology,2025-10-29,-0.0154
NVDA,NVIDIA ,Information Technology,2025-10-29,0.0299
NXPI,NXP SEMICONDUCTORS NV,Information Technology,2025-10-29,-0.0387
ON,ON SEMICONDUCTOR ,Information Technology,2025-10-29,-0.0077
ORCL,ORACLE ,Information Technology,2025-10-29,-0.0197
PANW,"PALO ALTO NETWORKS, INC.",Information Technology,2025-10-29,-0.0191
PLTR,PALANTIR TECHNOLOGIES INC.,Information Technology,2025-10-29,0.0486
PTC,PTC INC.,Information Technology,2025-10-29,-0.0227
QCOM,QUALCOMM INC.,Information Technology,2025-10-29,-0.013
ROP,"ROPER TECHNOLOGIES, INC.",Information Technology,2025-10-29,-0.0217
SMCI,"SUPER MICRO COMPUTER, INC.",Information Technology,2025-10-29,0.0063
SNPS,"SYNOPSYS, INC.",Information Technology,2025-10-29,-0.0033
STX,SEAGATE TECHNOLOGY HOLDINGS,Information Technology,2025-10-29,0.1911
SWKS,"SKYWORKS SOLUTIONS, INC.",Information Technology,2025-10-29,-0.0189
TDY,TELEDYNE TECHNOLOGIES INC.,Information Technology,2025-10-29,-0.0193
TEL,TE CONNECTIVITY LTD,Information Technology,2025-10-29,0.0178
TER,"TERADYNE, INC.",Information Technology,2025-10-29,0.2047
TRMB,TRIMBLE INC.,Information Technology,2025-10-29,-0.0138
TXN,TEXAS INSTRUMENTS INC.,Information Technology,2025-10-29,-0.0398
TYL,"TYLER TECHNOLOGIES, INC.",Information Technology,2025-10-29,-0.064
VRSN,"VERISIGN, INC.",Information Technology,2025-10-29,-0.0314
WDAY,"WORKDAY, INC.",Information Technology,2025-10-29,-0.0235
WDC,WESTERN DIGITAL ,Information Technology,2025-10-29,0.1318
ZBRA,ZEBRA TECHNOLOGIES ,Information Technology,2025-10-29,-0.0129
ALB,ALBEMARLE ,Materials,2025-10-29,0.0116
AMCR,AMCOR PLC,Materials,2025-10-29,-0.0419
APD,"AIR PRODUCTS AND CHEMICALS, INC.",Materials,2025-10-29,-0.0239
AVY,AVERY DENNISON ,Materials,2025-10-29,-0.0166
BALL,BALL ,Materials,2025-10-29,-0.0267
CF,"CF INDUSTRIES HOLDINGS, INC.",Materials,2025-10-29,-0.0226
CTVA,"CORTEVA, INC.",Materials,2025-10-29,-0.0041
DD,"DUPONT DE NEMOURS, INC.",Materials,2025-10-29,0.0032
DOW,DOW INC.,Materials,2025-10-29,-0.0205
ECL,ECOLAB INC.,Materials,2025-10-29,-0.0403
EMN,EASTMAN CHEMICAL COMPANY,Materials,2025-10-29,-0.036
FCX,FREEPORT-MCMORAN INC.,Materials,2025-10-29,0.0248
IFF,INTERNATIONAL FLAVORS & FRAGRANCES INC.,Materials,2025-10-29,-0.0247
IP,INTERNATIONAL PAPER COMPANY,Materials,2025-10-29,-0.0615
LIN,LINDE PUBLIC LIMITED COMPANY,Materials,2025-10-29,-0.0242
LYB,LYONDELLBASELL INDUSTRIES NV,Materials,2025-10-29,-0.0189
MLM,"MARTIN MARIETTA MATERIALS, INC.",Materials,2025-10-29,0.0001
MOS,THE MOSAIC COMPANY,Materials,2025-10-29,-0.0248
NEM,NEWMONT ,Materials,2025-10-29,0.0042
NUE,NUCOR ,Materials,2025-10-29,0.0161
PKG,PACKAGING  OF AMERICA,Materials,2025-10-29,-0.0461
PPG,"PPG INDUSTRIES, INC.",Materials,2025-10-29,-0.0587
SHW,THE SHERWIN-WILLIAMS COMPANY,Materials,2025-10-29,-0.0246
STLD,"STEEL DYNAMICS, INC.",Materials,2025-10-29,0.0149
SW,SMURFIT WESTROCK PUBLIC LIMITED COMPANY,Materials,2025-10-29,-0.1218
VMC,VULCAN MATERIALS COMPANY,Materials,2025-10-29,0.0081
AMT,AMERICAN TOWER ,Real Estate,2025-10-29,-0.0199
ARE,"ALEXANDRIA REAL ESTATE EQUITIES, INC.",Real Estate,2025-10-29,-0.0664
AVB,"AVALONBAY COMMUNITIES, INC.",Real Estate,2025-10-29,-0.0425
BXP,"BOSTON PROPERTIES, INC.",Real Estate,2025-10-29,-0.0503
CBRE,"CBRE GROUP, INC.",Real Estate,2025-10-29,-0.0422
CCI,CROWN CASTLE INC.,Real Estate,2025-10-29,-0.0239
CPT,CAMDEN PROPERTY TRUST,Real Estate,2025-10-29,-0.0379
CSGP,"COSTAR GROUP, INC.",Real Estate,2025-10-29,-0.0987
DLR,"DIGITAL REALTY TRUST, INC.",Real Estate,2025-10-29,-0.0398
DOC,"HEALTHDOC PROPERTIES, INC.",Real Estate,2025-10-29,-0.025
EQIX,"EQUINIX, INC.",Real Estate,2025-10-29,-0.0225
EQR,EQUITY RESIDENTIAL,Real Estate,2025-10-29,-0.0415
ESS,"ESSEX PROPERTY TRUST, INC.",Real Estate,2025-10-29,-0.035
EXR,EXTRA SPACE STORAGE INC.,Real Estate,2025-10-29,-0.0351
FRT,FEDERAL REALTY INVESTMENT TRUST,Real Estate,2025-10-29,-0.0258
HST,"HOST HOTELS & RESORTS, INC.",Real Estate,2025-10-29,0.0
INVH,INVITATION HOMES INC.,Real Estate,2025-10-29,-0.0255
IRM,IRON MOUNTAIN INC.,Real Estate,2025-10-29,-0.026
KIM,KIMCO REALTY .,Real Estate,2025-10-29,-0.0179
MAA,"MID-AMERICA APARTMENT COMMUNITIES, INC.",Real Estate,2025-10-29,-0.0339
O,REALTY INCOME ,Real Estate,2025-10-29,-0.0144
PLD,"PROLOGIS, INC.",Real Estate,2025-10-29,-0.0179
PSA,PUBLIC STORAGE.,Real Estate,2025-10-29,-0.0297
REG,REGENCY CENTERS ,Real Estate,2025-10-29,-0.0306
SBAC,SBA COMMUNICATIONS ,Real Estate,2025-10-29,-0.0154
SPG,"SIMON PROPERTY GROUP, INC.",Real Estate,2025-10-29,-0.0177
UDR,"UDR, INC.",Real Estate,2025-10-29,-0.0422
VICI,VICI PROPERTIES INC.,Real Estate,2025-10-29,-0.0217
VTR,"VENTAS, INC.",Real Estate,2025-10-29,-0.0039
WELL,WELLTOWER INC.,Real Estate,2025-10-29,-0.0152
WY,WEYERHAEUSER COMPANY,Real Estate,2025-10-29,-0.0227
UUP,INVESCO DB USD IDX BL,USD,2025-10-29,0.0057
AEE,AMEREN ,Utilities,2025-10-29,-0.0101
AEP,"AMERICAN ELECTRIC POWER COMPANY, INC.",Utilities,2025-10-29,0.0608
AES,THE AES ,Utilities,2025-10-29,-0.0062
ATO,ATMOS ENERGY ,Utilities,2025-10-29,-0.0162
AWK,"AMERICAN WATER WORKS COMPANY, INC.",Utilities,2025-10-29,-0.0352
CEG,CONSTELLATION ENERGY .,Utilities,2025-10-29,0.0428
CMS,CMS ENERGY ,Utilities,2025-10-29,-0.0157
CNP,"CENTERPOINT ENERGY, INC.",Utilities,2025-10-29,-0.0144
D,"DOMINION ENERGY, INC.",Utilities,2025-10-29,-0.0106
DTE,DTE ENERGY COMPANY,Utilities,2025-10-29,-0.0056
DUK,DUKE ENERGY ,Utilities,2025-10-29,-0.0108
ED,"CONSOLIDATED EDISON, INC.",Utilities,2025-10-29,-0.0157
EIX,EDISON INTERNATIONAL,Utilities,2025-10-29,-0.0118
ES,EVERSOURCE ENERGY,Utilities,2025-10-29,-0.0143
ETR,ENTERGY ,Utilities,2025-10-29,0.0046
EVRG,"EVERGY, INC.",Utilities,2025-10-29,-0.0095
EXC,EXELON ,Utilities,2025-10-29,-0.0105
FE,FIRSTENERGY CORP.,Utilities,2025-10-29,-0.0078
LNT,ALLIANT ENERGY ,Utilities,2025-10-29,-0.0028
NEE,"NEXTERA ENERGY, INC.",Utilities,2025-10-29,-0.0217
NI,NISOURCE INC.,Utilities,2025-10-29,-0.0214
NRG,"NRG ENERGY, INC.",Utilities,2025-10-29,0.0332
PCG,PG&E ,Utilities,2025-10-29,-0.0223
PEG,PUBLIC SERVICE ENTERPRISE GROUP INC.,Utilities,2025-10-29,-0.0121
PNW,PINNACLE WEST CAPITAL ,Utilities,2025-10-29,-0.0172
PPL,PPL ,Utilities,2025-10-29,-0.0116
SO,THE SOUTHERN COMPANY,Utilities,2025-10-29,-0.0043
SRE,SEMPRA,Utilities,2025-10-29,-0.0038
VST,VISTRA CORP.,Utilities,2025-10-29,0.0461
WEC,"WEC ENERGY GROUP, INC.",Utilities,2025-10-29,-0.0056
XEL,XCEL ENERGY INC.,Utilities,2025-10-29,-0.0016
FVX,5 YR TSY YLD NDX,Yields,2025-10-29,0.0232
TNX,10 Y TSY YLD NDX,Yields,2025-10-29,0.0188
TYX,30 Y TSY YLD NDX,Yields,2025-10-29,0.0117
ASC,ARDMORE SHIPPING ,,2025-10-29,-0.0048
BTC=F,BITCOIN FUTURES,,2025-10-29,-0.0217
BTI,BRITISH AMERICAN TOBACCO P.L.C.,,2025-10-29,-0.0141
BTU,PEABODY ENERGY ,,2025-10-29,-0.0171
CCJ,CAMECO ,,2025-10-29,-0.0022
CIVI,"CIVITAS RESOURCES, INC.",,2025-10-29,0.0188
CMBT,CMB.TECH NV,,2025-10-29,0.0307
CMRE,COSTAMARE INC.,,2025-10-29,0.0177
CNR,"CORE NATURAL RESOURCES, INC.",,2025-10-29,-0.0223
CPER,UNITED STATES COPPER IDX,,2025-10-29,0.0066
CRESY,CRESUD INC.,,2025-10-29,0.0062
DBB,INVESCO DB MS BMTL,,2025-10-29,-0.0005
DHT,"DHT HOLDINGS, INC.",,2025-10-29,0.0116
DIA,SPDR DOW JONES INDUS AVG,,2025-10-29,-0.0016
DJI,DOW JONES INDUSTRIAL AVERAGE INDEX,,2025-10-29,-0.0016
EC,ECOPETROL SA,,2025-10-29,0.0087
ECH,ISHARES:MSCI CHILE,,2025-10-29,0.0098
EDEN,ISHARES:MSCI DENMARK,,2025-10-29,0.0004
EFNL,ISHARES:MSCI FINLAND,,2025-10-29,-0.0094
EIDO,ISHARES:MSCI INDONESIA,,2025-10-29,0.015
EIRL,ISHARES:MSCI IRELAND,,2025-10-29,-0.0048
EIS,ISHARES:MSCI ISRAEL,,2025-10-29,0.001
ENZL,ISHARES:MSCI NEW ZLND,,2025-10-29,-0.0037
EPHE,ISHARES:MSCI PHILIPPINES,,2025-10-29,0.0123
EPOL,ISHARES:MSCI POLAND,,2025-10-29,-0.0092
EPU,ISHARES:MSCI PERU,,2025-10-29,0.0094
ES=F,E-MINI S&P 500 FUTURES,,2025-10-29,-0.0021
EWA,ISHARES:MSCI AUSTRALIA,,2025-10-29,-0.0189
EWC,ISHARES:MSCI CANADA,,2025-10-29,-0.0128
EWD,ISHARES:MSCI SWEDEN,,2025-10-29,-0.0067
EWG,ISHARES:MSCI GERMANY,,2025-10-29,-0.0108
EWH,ISHARES:MSCI HONG KONG,,2025-10-29,0.0027
EWI,ISHARES:MSCI ITALY,,2025-10-29,-0.0013
EWJ,ISHARES:MSCI JAPAN,,2025-10-29,-0.0083
EWK,ISHARES:MSCI BELGIUM,,2025-10-29,-0.0017
EWL,ISHARES:MSCI SWITZERLAND,,2025-10-29,-0.0091
EWM,ISHARES:MSCI MALAYSIA,,2025-10-29,-0.0038
EWN,ISHARES:MSCI NETHERLANDS,,2025-10-29,0.006
EWO,ISHARES:MSCI AUSTRIA,,2025-10-29,-0.0043
EWP,ISHARES:MSCI SPAIN,,2025-10-29,0.001
EWQ,ISHARES:MSCI FRANCE,,2025-10-29,-0.0062
EWS,ISHARES:MSCI SINGAPORE,,2025-10-29,-0.0132
EWT,ISHARES:MSCI TAIWAN,,2025-10-29,0.0006
EWU,ISHARES:MSCI UK,,2025-10-29,-0.0021
EWW,ISHARES:MSCI MEXICO,,2025-10-29,0.0049
EWY,ISHARES:MSCI S KOREA,,2025-10-29,0.0259
EWZ,ISHARES:MSCI BRAZIL,,2025-10-29,0.0084
FRO,FRONTLINE PLC,,2025-10-29,0.0215
FTI,TECHNIPFMC PLC,,2025-10-29,-0.0024
FXA,INVESCO:AU DOLLAR,,2025-10-29,-0.0018
FXB,INVESCO:GBP STERLING,,2025-10-29,-0.006
FXC,INVESCO:CANADIAN DOLLAR,,2025-10-29,-0.0007
FXE,INVESCO:EURO,,2025-10-29,-0.0046
FXY,INVESCO:JAPANESE YEN,,2025-10-29,-0.0041
GDX,VANECK:GOLD MINERS,,2025-10-29,0.0007
GDXJ,VANECK:JR GOLD MINERS,,2025-10-29,-0.0022
GEOS,GEOSPACE TECHNOLOGIES ,,2025-10-29,-0.0932
GGB,GERDAU SA,,2025-10-29,0.0405
GLATF,GLOBAL ATOMIC ,,2025-10-29,-0.0081
GNK,GENCO SHIPPING & TRADING LIMITED,,2025-10-29,0.0085
GREK,GLBL X MSCI GREECE,,2025-10-29,0.0138
HLX,"HELIX ENERGY SOLUTIONS GROUP, INC.",,2025-10-29,0.0
ICL,ICL GROUP LTD,,2025-10-29,-0.009
INDA,ISHARES:MSCI INDIA,,2025-10-29,0.0013
IWD,ISHARES:RUSS 1000 VL ETF,,2025-10-29,-0.0066
IWF,ISHARES:RUSS 1000 GR ETF,,2025-10-29,0.0045
IWM,ISHARES:RUSS 2000 ETF,,2025-10-29,-0.0085
MCHI,ISHARES:MSCI CHINA,,2025-10-29,0.0057
MDY,SPDR S&P MIDCAP 400 ETF,,2025-10-29,-0.0064
MP,MP MATERIALS CORP,,2025-10-29,-0.01
MTUM,ISHARES:MSCI USA MOM FCT,,2025-10-29,0.0003
NDX,NASDAQ 100 INDEX,,2025-10-29,0.0041
NORW,GLBL X MSCI NORWAY ETF,,2025-10-29,0.0035
NOV,NOV INC.,,2025-10-29,0.0241
NQ=F,NASDAQ 100 FUTURES,,2025-10-29,0.0006
OEF,ISHARES:S&P 100,,2025-10-29,0.0045
PAM,PAMPA ENERGIA SA,,2025-10-29,0.0553
PBR,BRAZILIAN PETROLEUM  - PETROBRAS,,2025-10-29,0.0008
POWA,INVESCO BLOOMBERG PRICING POWER,,2025-10-29,-0.0138
QAT,ISHARES:MSCI QATAR,,2025-10-29,0.0029
QQQ,INVESCO QQQ TRUST 1,,2025-10-29,0.0045
QUAL,ISHARES:MSCI USA QF,,2025-10-29,-0.0041
RIG,TRANSOCEAN LTD,,2025-10-29,0.0213
ROKU,"ROKU, INC.",,2025-10-29,-0.004
RSP,INVESCO S&P500 EWGHT,,2025-10-29,-0.0112
RUT,RUSSELL 2000 INDEX,,2025-10-29,-0.0087
SBLK,STAR BULK CARRIERS CORP.,,2025-10-29,0.0192
SD,"SANDRIDGE ENERGY, INC.",,2025-10-29,0.0156
SDY,SPDR S&P DIVIDEND,,2025-10-29,-0.013
SILJ,ETFMG PRIME JR SILVR MNR,,2025-10-29,-0.0004
SLV,ISHARES:SILVER TRUST,,2025-10-29,0.0124
SPHB,INVESCO S&P500 HI BE,,2025-10-29,0.0065
SPLV,INVESCO S&P500 LOWVL,,2025-10-29,-0.0198
SPX,S&P 500 INDEX,,2025-10-29,0.0
SPY,SPDR S&P 500 ETF,,2025-10-29,0.0005
STLA,STELLANTIS NV,,2025-10-29,-0.0088
STNG,SCORPIO TANKERS INC.,,2025-10-29,0.0096
TDW,TIDEWATER INC.,,2025-10-29,0.015
TECK,TECK RESOURCES LIMITED,,2025-10-29,0.0171
THD,ISHARES:MSCI THAI,,2025-10-29,-0.005
TS,TENARIS SA,,2025-10-29,0.0101
TUR,ISHARES:MSCI TURKEY,,2025-10-29,-0.0021
URNM,SPROTT URANIUM MINERS,,2025-10-29,0.0176
VAL,VALARIS LIMITED,,2025-10-29,-0.0007
VIX,CBOE MKT VOLATILITY IDX,,2025-10-29,0.0305
VNM,VANECK:VIETNAM,,2025-10-29,-0.0017
VXN,CBOE NASDAQ MKT VOL NDX,,2025-10-29,0.0211
XES,SPDR S&P OIL&GAS E&S,,2025-10-29,0.0334
XLB,SEL SECTOR:MATRLS SPDR,,2025-10-29,-0.0196
XLC,SEL SECTOR:COMM SVC SPDR,,2025-10-29,-0.0025
XLE,SEL SECTOR:ENERGY SPDR,,2025-10-29,0.0074
XLF,SEL SECTOR:FINL S SPDR,,2025-10-29,-0.017
XLI,SEL SECTOR:INDUST SPDR,,2025-10-29,0.0026
XLK,SEL SECTOR:TECH SPDR,,2025-10-29,0.0072
XLP,SEL SECTOR:C STP SPDR,,2025-10-29,-0.0236
XLRE,SEL SECTOR:RL EST SPDR,,2025-10-29,-0.0273
XLU,SEL SECTOR:UTIL SPDR,,2025-10-29,-0.0003
XLV,SEL SECTOR:H CARE SPDR,,2025-10-29,-0.0101
XLY,SEL SECTOR:C DSC SPDR,,2025-10-29,-0.0083
XOP,SPDR S&P OIL&GAS EXP,,2025-10-29,0.0042
