Date,Ticker,Ticker_name,Exposure,Category,model_score_qtd_change,current_model_score,previous_model_score
2025-11-10,A,"AGILENT TECHNOLOGIES, INC.",Health Care,Health Care,3.0,9.0,6.0
2025-11-10,AAPL,APPLE INC.,Information Technology,Information Technology,77.0,-2.0,-79.0
2025-11-10,ABBV,ABBVIE INC.,Health Care,Health Care,-22.0,-39.0,-17.0
2025-11-10,ABNB,"AIRBNB, INC.",Consumer Discretionary,Consumer Discretionary,66.0,3.0,-63.0
2025-11-10,ABT,ABBOTT LABORATORIES,Health Care,Health Care,13.0,10.0,-3.0
2025-11-10,ACGL,ARCH CAPITAL GROUP LTD.,Financials,Financials,-58.0,-20.0,38.0
2025-11-10,ACN,ACCENTURE PUBLIC LIMITED COMPANY,Information Technology,Information Technology,-32.0,-46.0,-14.0
2025-11-10,ADBE,ADOBE INC.,Information Technology,Information Technology,65.0,3.0,-62.0
2025-11-10,ADI,"ANALOG DEVICES, INC.",Information Technology,Information Technology,22.0,-16.0,-38.0
2025-11-10,ADM,ARCHER-DANIELS-MIDLAND COMPANY.,Consumer Staples,Consumer Staples,11.0,31.0,20.0
2025-11-10,ADP,"AUTOMATIC DATA PROCESSING, INC.",Industrials,Industrials,59.0,27.0,-32.0
2025-11-10,ADSK,"AUTODESK, INC.",Information Technology,Information Technology,105.0,54.0,-51.0
2025-11-10,AEE,AMEREN ,Utilities,Utilities,15.0,34.0,19.0
2025-11-10,AEP,"AMERICAN ELECTRIC POWER COMPANY, INC.",Utilities,Utilities,22.0,54.0,32.0
2025-11-10,AES,THE AES ,Utilities,Utilities,18.0,38.0,20.0
2025-11-10,AFL,AFLAC INC.,Financials,Financials,49.0,6.0,-43.0
2025-11-10,AIG,"AMERICAN INTERNATIONAL GROUP, INC.",Financials,Financials,-43.0,22.0,65.0
2025-11-10,AIZ,"ASSURANT, INC.",Financials,Financials,-26.0,-36.0,-10.0
2025-11-10,AJG,ARTHUR J. GALLAGHER & CO.,Financials,Financials,5.0,-7.0,-12.0
2025-11-10,AKAM,"AKAMAI TECHNOLOGIES, INC.",Information Technology,Information Technology,-50.0,-60.0,-10.0
2025-11-10,ALB,ALBEMARLE ,Materials,Materials,-8.0,-23.0,-15.0
2025-11-10,ALGN,"ALIGN TECHNOLOGY, INC.",Health Care,Health Care,-28.0,-66.0,-38.0
2025-11-10,ALL,THE ALLSTATE ,Financials,Financials,28.0,3.0,-25.0
2025-11-10,ALLE,ALLEGION PUBLIC LIMITED COMPANY,Industrials,Industrials,72.0,61.0,-11.0
2025-11-10,AMAT,"APPLIED MATERIALS, INC.",Information Technology,Information Technology,56.0,3.0,-53.0
2025-11-10,AMCR,AMCOR PLC,Materials,Materials,-42.0,-2.0,40.0
2025-11-10,AMD,"ADVANCED MICRO DEVICES, INC.",Information Technology,Information Technology,-41.0,-15.0,26.0
2025-11-10,AME,"AMETEK, INC.",Industrials,Industrials,-1.0,-11.0,-10.0
2025-11-10,AMGN,AMGEN INC.,Health Care,Health Care,-80.0,-60.0,20.0
2025-11-10,AMP,"AMERIPRISE FINANCIAL, INC.",Financials,Financials,-26.0,-22.0,4.0
2025-11-10,AMT,AMERICAN TOWER ,Real Estate,Real Estate,-46.0,-18.0,28.0
2025-11-10,AMZN,"AMAZON.COM, INC.",Consumer Discretionary,Consumer Discretionary,-30.0,-28.0,2.0
2025-11-10,ANET,"ARISTA NETWORKS, INC.",Information Technology,Information Technology,26.0,42.0,16.0
2025-11-10,AON,AON PLC,Financials,Financials,-77.0,-12.0,65.0
2025-11-10,AOS,A. O. SMITH ,Industrials,Industrials,-29.0,-43.0,-14.0
2025-11-10,APA,APA ,Energy,Energy,-38.0,-65.0,-27.0
2025-11-10,APD,"AIR PRODUCTS AND CHEMICALS, INC.",Materials,Materials,-90.0,-43.0,47.0
2025-11-10,APH,AMPHENOL ,Information Technology,Information Technology,81.0,31.0,-50.0
2025-11-10,APO,"APOLLO GLOBAL MANAGEMENT, INC.",Financials,Financials,-13.0,-31.0,-18.0
2025-11-10,APP,APPLOVIN CORP,Communication Services,Communication Services,67.0,39.0,-28.0
2025-11-10,APTV,APTIV PLC,Consumer Discretionary,Consumer Discretionary,72.0,11.0,-61.0
2025-11-10,ARE,"ALEXANDRIA REAL ESTATE EQUITIES, INC.",Real Estate,Real Estate,115.0,74.0,-41.0
2025-11-10,ASC,ARDMORE SHIPPING ,,MR Discretion,-19.0,-37.0,-18.0
2025-11-10,ATO,ATMOS ENERGY ,Utilities,Utilities,23.0,51.0,28.0
2025-11-10,AVB,"AVALONBAY COMMUNITIES, INC.",Real Estate,Real Estate,45.0,-22.0,-67.0
2025-11-10,AVGO,BROADCOM INC.,Information Technology,Information Technology,78.0,44.0,-34.0
2025-11-10,AVY,AVERY DENNISON ,Materials,Materials,-54.0,-50.0,4.0
2025-11-10,AWK,"AMERICAN WATER WORKS COMPANY, INC.",Utilities,Utilities,23.0,53.0,30.0
2025-11-10,AXON,"AXON ENTERPRISE, INC.",Industrials,Industrials,0.0,0.0,0.0
2025-11-10,AXP,AMERICAN EXPRESS COMPANY,Financials,Financials,-23.0,-41.0,-18.0
2025-11-10,AZO,"AUTOZONE, INC.",Consumer Discretionary,Consumer Discretionary,12.0,37.0,25.0
2025-11-10,BA,THE BOEING COMPANY,Industrials,Industrials,37.0,25.0,-12.0
2025-11-10,BAC,BANK OF AMERICA ,Financials,Financials,78.0,26.0,-52.0
2025-11-10,BALL,BALL ,Materials,Materials,18.0,13.0,-5.0
2025-11-10,BAX,BAXTER INTERNATIONAL INC.,Health Care,Health Care,79.0,66.0,-13.0
2025-11-10,BBY,"BEST BUY CO., INC.",Consumer Discretionary,Consumer Discretionary,25.0,5.0,-20.0
2025-11-10,BDX,"BECTON, DICKINSON AND COMPANY",Health Care,Health Care,30.0,-1.0,-31.0
2025-11-10,BEN,"FRANKLIN RESOURCES, INC.",Financials,Financials,-25.0,-22.0,3.0
2025-11-10,BF.B,BROWN-FORMAN ,Consumer Staples,Consumer Staples,-50.0,-45.0,5.0
2025-11-10,BG,BUNGE LIMITED,Consumer Staples,Consumer Staples,-31.0,-34.0,-3.0
2025-11-10,BIIB,BIOGEN INC.,Health Care,Health Care,-45.0,-48.0,-3.0
2025-11-10,BK,THE BANK OF NEW YORK MELLON ,Financials,Financials,24.0,53.0,29.0
2025-11-10,BKNG,BOOKING HOLDINGS INC.,Consumer Discretionary,Consumer Discretionary,-9.0,-12.0,-3.0
2025-11-10,BKR,BAKER HUGHES COMPANY,Energy,Energy,-46.0,-41.0,5.0
2025-11-10,BLDR,"BUILDERS FIRSTSOURCE, INC.",Industrials,Industrials,8.0,14.0,6.0
2025-11-10,BLK,"BLACKROCK, INC.",Financials,Financials,31.0,19.0,-12.0
2025-11-10,BMY,BRISTOL-MYERS SQUIBB COMPANY,Health Care,Health Care,-96.0,-25.0,71.0
2025-11-10,BR,"BROADRIDGE FINANCIAL SOLUTIONS, INC.",Industrials,Industrials,-5.0,-5.0,0.0
2025-11-10,BRK.B,"BERKSHIRE HATHAWAY INC.,",Financials,Financials,1.0,-4.0,-5.0
2025-11-10,BRO,"BROWN & BROWN, INC.",Financials,Financials,-31.0,-28.0,3.0
2025-11-10,BSX,BOSTON SCIENTIFIC ,Health Care,Health Care,-36.0,-36.0,0.0
2025-11-10,BTC=F,BITCOIN FUTURES,,Futures,-81.0,-22.0,59.0
2025-11-10,BTI,BRITISH AMERICAN TOBACCO P.L.C.,,MR Discretion,-34.0,13.0,47.0
2025-11-10,BTU,PEABODY ENERGY ,,MR Discretion,71.0,11.0,-60.0
2025-11-10,BX,BLACKSTONE INC,Financials,Financials,-7.0,6.0,13.0
2025-11-10,BXP,"BOSTON PROPERTIES, INC.",Real Estate,Real Estate,29.0,9.0,-20.0
2025-11-10,C,CITIGROUP INC.,Financials,Financials,55.0,29.0,-26.0
2025-11-10,CAG,"CONAGRA BRANDS, INC.",Consumer Staples,Consumer Staples,-11.0,5.0,16.0
2025-11-10,CAH,"CARDINAL HEALTH, INC.",Health Care,Health Care,5.0,-15.0,-20.0
2025-11-10,CALM,"CAL-MAINE FOODS, INC.",,MR Discretion,-30.0,-30.0,0.0
2025-11-10,CANE,TEUCRIUM:SUGAR,,Commodities,-4.0,12.0,16.0
2025-11-10,CARR,CARRIER GLOBAL ,Industrials,Industrials,-20.0,-7.0,13.0
2025-11-10,CAT,CATERPILLAR INC.,Industrials,Industrials,119.0,42.0,-77.0
2025-11-10,CB,CHUBB LTD,Financials,Financials,-24.0,-43.0,-19.0
2025-11-10,CBOE,"CBOE GLOBAL MARKETS, INC.",Financials,Financials,-46.0,-47.0,-1.0
2025-11-10,CBRE,"CBRE GROUP, INC.",Real Estate,Real Estate,-8.0,7.0,15.0
2025-11-10,CCI,CROWN CASTLE INC.,Real Estate,Real Estate,70.0,74.0,4.0
2025-11-10,CCJ,CAMECO ,,MR Discretion,90.0,47.0,-43.0
2025-11-10,CCL,CARNIVAL CORP,Consumer Discretionary,Consumer Discretionary,64.0,46.0,-18.0
2025-11-10,CDNS,"CADENCE DESIGN SYSTEMS, INC.",Information Technology,Information Technology,4.0,-9.0,-13.0
2025-11-10,CDW,CDW ,Information Technology,Information Technology,26.0,8.0,-18.0
2025-11-10,CEG,CONSTELLATION ENERGY .,Utilities,Utilities,63.0,74.0,11.0
2025-11-10,CF,"CF INDUSTRIES HOLDINGS, INC.",Materials,Materials,39.0,36.0,-3.0
2025-11-10,CFG,"CITIZENS FINANCIAL GROUP, INC.",Financials,Financials,43.0,29.0,-14.0
2025-11-10,CHD,"CHURCH & DWIGHT CO., INC.",Consumer Staples,Consumer Staples,-36.0,20.0,56.0
2025-11-10,CHRW,"C.H. ROBINSON WORLDWIDE, INC.",Industrials,Industrials,-3.0,-4.0,-1.0
2025-11-10,CHTR,"CHARTER COMMUNICATIONS, INC.",Communication Services,Communication Services,75.0,39.0,-36.0
2025-11-10,CI,THE CIGNA GROUP,Health Care,Health Care,-47.0,-10.0,37.0
2025-11-10,CINF,CINCINNATI FINANCIAL ,Financials,Financials,-43.0,-45.0,-2.0
2025-11-10,CIVI,"CIVITAS RESOURCES, INC.",,MR Discretion,-44.0,-19.0,25.0
2025-11-10,CL,COLGATE-PALMOLIVE COMPANY,Consumer Staples,Consumer Staples,-105.0,-57.0,48.0
2025-11-10,CLX,THE CLOROX COMPANY,Consumer Staples,Consumer Staples,92.0,55.0,-37.0
2025-11-10,CMBT,CMB.TECH NV,,MR Discretion,15.0,-19.0,-34.0
2025-11-10,CMCSA,COMCAST ,Communication Services,Communication Services,78.0,47.0,-31.0
2025-11-10,CME,CME GROUP INC.,Financials,Financials,-31.0,-19.0,12.0
2025-11-10,CMG,"CHIPOTLE MEXICAN GRILL, INC.",Consumer Discretionary,Consumer Discretionary,34.0,48.0,14.0
2025-11-10,CMI,CUMMINS INC.,Industrials,Industrials,-27.0,-37.0,-10.0
2025-11-10,CMRE,COSTAMARE INC.,,MR Discretion,13.0,-36.0,-49.0
2025-11-10,CMS,CMS ENERGY ,Utilities,Utilities,54.0,63.0,9.0
2025-11-10,CNC,CENTENE ,Health Care,Health Care,3.0,-43.0,-46.0
2025-11-10,CNP,"CENTERPOINT ENERGY, INC.",Utilities,Utilities,-15.0,22.0,37.0
2025-11-10,CNR,"CORE NATURAL RESOURCES, INC.",,MR Discretion,23.0,-12.0,-35.0
2025-11-10,COF,CAPITAL ONE FINANCIAL ,Financials,Financials,0.0,-10.0,-10.0
2025-11-10,COIN,"COINBASE GLOBAL, INC.",Financials,Financials,2.0,28.0,26.0
2025-11-10,COMT,ISHARES:GSCI COMM DYN RS,,Commodities,27.0,-3.0,-30.0
2025-11-10,COO,"THE COOPER COMPANIES, INC.",Health Care,Health Care,-4.0,-41.0,-37.0
2025-11-10,COP,CONOCOPHILLIPS,Energy,Energy,-14.0,-33.0,-19.0
2025-11-10,COR,"CENCORA, INC.",Health Care,Health Care,-5.0,-58.0,-53.0
2025-11-10,CORN,TEUCRIUM:CORN,,Commodities,-39.0,-16.0,23.0
2025-11-10,COST,COSTCO WHOLESALE ,Consumer Staples,Consumer Staples,-18.0,-3.0,15.0
2025-11-10,CPAY,"FLEETCOR TECHNOLOGIES, INC.",Financials,Financials,-2.0,-43.0,-41.0
2025-11-10,CPB,CAMPBELL SOUP COMPANY,Consumer Staples,Consumer Staples,2.0,-24.0,-26.0
2025-11-10,CPER,UNITED STATES COPPER IDX,,Commodities,25.0,29.0,4.0
2025-11-10,CPRT,"COPART, INC.",Industrials,Industrials,-41.0,-39.0,2.0
2025-11-10,CPT,CAMDEN PROPERTY TRUST,Real Estate,Real Estate,-9.0,17.0,26.0
2025-11-10,CRESY,CRESUD INC.,,MR Discretion,21.0,25.0,4.0
2025-11-10,CRL,CHARLES RIVER LABORATORIES,Health Care,Health Care,11.0,26.0,15.0
2025-11-10,CRM,"SALESFORCE, INC.",Information Technology,Information Technology,37.0,20.0,-17.0
2025-11-10,CRWD,"CROWDSTRIKE HOLDINGS, INC.",Information Technology,Information Technology,98.0,19.0,-79.0
2025-11-10,CSCO,"CISCO SYSTEMS, INC.",Information Technology,Information Technology,-15.0,-20.0,-5.0
2025-11-10,CSGP,"COSTAR GROUP, INC.",Real Estate,Real Estate,-17.0,37.0,54.0
2025-11-10,CSX,CSX ,Industrials,Industrials,-14.0,-16.0,-2.0
2025-11-10,CTAS,CINTAS ,Industrials,Industrials,-39.0,-42.0,-3.0
2025-11-10,CTRA,COTERRA ENERGY INC.,Energy,Energy,-100.0,-53.0,47.0
2025-11-10,CTSH,COGNIZANT TECHNOLOGY SOLUTIONS ,Information Technology,Information Technology,-73.0,-26.0,47.0
2025-11-10,CTVA,"CORTEVA, INC.",Materials,Materials,-5.0,-17.0,-12.0
2025-11-10,CVS,CVS HEALTH ,Health Care,Health Care,20.0,33.0,13.0
2025-11-10,CVX,CHEVRON ,Energy,Energy,7.0,30.0,23.0
2025-11-10,D,"DOMINION ENERGY, INC.",Utilities,Utilities,29.0,19.0,-10.0
2025-11-10,DAL,"DELTA AIR LINES, INC.",Industrials,Industrials,7.0,16.0,9.0
2025-11-10,DASH,"DOORDASH, INC.",Consumer Discretionary,Consumer Discretionary,8.0,0.0,-8.0
2025-11-10,DAY,CERIDIAN HCM HOLDING INC.,Industrials,Industrials,0.0,-27.0,-27.0
2025-11-10,DBA,INVESCO DB MS AGRI,,Commodities,-50.0,3.0,53.0
2025-11-10,DBB,INVESCO DB MS BMTL,,Commodities,16.0,-12.0,-28.0
2025-11-10,DBC,INVESCO DB CM IDX,,Commodities,17.0,-43.0,-60.0
2025-11-10,DD,"DUPONT DE NEMOURS, INC.",Materials,Materials,20.0,0.0,-20.0
2025-11-10,DDOG,"DATADOG, INC.",Information Technology,Information Technology,6.0,-54.0,-60.0
2025-11-10,DE,DEERE & COMPANY,Industrials,Industrials,-28.0,-24.0,4.0
2025-11-10,DECK,DECKERS OUTDOOR ,Consumer Discretionary,Consumer Discretionary,57.0,-5.0,-62.0
2025-11-10,DELL,DELL TECHNOLOGIES INC.,Information Technology,Information Technology,4.0,-5.0,-9.0
2025-11-10,DG,DOLLAR GENERAL ,Consumer Staples,Consumer Staples,-17.0,11.0,28.0
2025-11-10,DGX,QUEST DIAGNOSTICS INC.,Health Care,Health Care,-7.0,-27.0,-20.0
2025-11-10,DHI,"D.R. HORTON, INC.",Consumer Discretionary,Consumer Discretionary,1.0,6.0,5.0
2025-11-10,DHR,DANAHER ,Health Care,Health Care,-25.0,-27.0,-2.0
2025-11-10,DHT,"DHT HOLDINGS, INC.",,MR Discretion,-24.0,-27.0,-3.0
2025-11-10,DIA,SPDR DOW JONES INDUS AVG,,Sector & Style ETFs,7.0,-20.0,-27.0
2025-11-10,DIS,THE WALT DISNEY COMPANY,Communication Services,Communication Services,-16.0,20.0,36.0
2025-11-10,DJI,DOW JONES INDUSTRIAL AVERAGE INDEX,,Indices,7.0,-27.0,-34.0
2025-11-10,DLR,"DIGITAL REALTY TRUST, INC.",Real Estate,Real Estate,31.0,3.0,-28.0
2025-11-10,DLTR,"DOLLAR TREE, INC.",Consumer Staples,Consumer Staples,-8.0,-20.0,-12.0
2025-11-10,DOC,"HEALTHDOC PROPERTIES, INC.",Real Estate,Real Estate,113.0,60.0,-53.0
2025-11-10,DOV,DOVER ,Industrials,Industrials,-100.0,-60.0,40.0
2025-11-10,DOW,DOW INC.,Materials,Materials,6.0,-46.0,-52.0
2025-11-10,DPZ,"DOMINO'S PIZZA, INC.",Consumer Discretionary,Consumer Discretionary,3.0,12.0,9.0
2025-11-10,DRI,"DARDEN RESTAURANTS, INC.",Consumer Discretionary,Consumer Discretionary,-11.0,-11.0,0.0
2025-11-10,DTE,DTE ENERGY COMPANY,Utilities,Utilities,21.0,37.0,16.0
2025-11-10,DUK,DUKE ENERGY ,Utilities,Utilities,41.0,42.0,1.0
2025-11-10,DVA,DAVITA INC.,Health Care,Health Care,34.0,13.0,-21.0
2025-11-10,DVN,DEVON ENERGY ,Energy,Energy,32.0,-6.0,-38.0
2025-11-10,DXCM,"DEXCOM, INC.",Health Care,Health Care,-29.0,35.0,64.0
2025-11-10,EA,ELECTRONIC ARTS INC.,Communication Services,Communication Services,25.0,-15.0,-40.0
2025-11-10,EBAY,EBAY INC.,Consumer Discretionary,Consumer Discretionary,1.0,-0.0,-1.0
2025-11-10,EC,ECOPETROL SA,,MR Discretion,-25.0,-38.0,-13.0
2025-11-10,ECH,ISHARES:MSCI CHILE,,Foreign,-41.0,-16.0,25.0
2025-11-10,ECL,ECOLAB INC.,Materials,Materials,-37.0,-34.0,3.0
2025-11-10,ED,"CONSOLIDATED EDISON, INC.",Utilities,Utilities,31.0,34.0,3.0
2025-11-10,EDEN,ISHARES:MSCI DENMARK,,Foreign,-12.0,-25.0,-13.0
2025-11-10,EDV,VANGUARD EXT DUR T;ETF,Bonds,Bonds,96.0,44.0,-52.0
2025-11-10,EFNL,ISHARES:MSCI FINLAND,,Foreign,27.0,4.0,-23.0
2025-11-10,EFX,EQUIFAX INC.,Industrials,Industrials,28.0,-63.0,-91.0
2025-11-10,EG,"EVEREST GROUP, LTD.",Financials,Financials,32.0,-17.0,-49.0
2025-11-10,EIDO,ISHARES:MSCI INDONESIA,,Foreign,-63.0,-58.0,5.0
2025-11-10,EIRL,ISHARES:MSCI IRELAND,,Foreign,-47.0,-48.0,-1.0
2025-11-10,EIS,ISHARES:MSCI ISRAEL,,Foreign,87.0,46.0,-41.0
2025-11-10,EIX,EDISON INTERNATIONAL,Utilities,Utilities,2.0,-24.0,-26.0
2025-11-10,EL,THE ESTEE LAUDER COMPANIES INC.,Consumer Staples,Consumer Staples,25.0,34.0,9.0
2025-11-10,ELV,"ELEVANCE HEALTH, INC.",Health Care,Health Care,32.0,-4.0,-36.0
2025-11-10,EME,"EMCOR GROUP, INC.",Industrials,Industrials,45.0,39.0,-6.0
2025-11-10,EMN,EASTMAN CHEMICAL COMPANY,Materials,Materials,-21.0,-38.0,-17.0
2025-11-10,EMR,EMERSON ELECTRIC CO.,Industrials,Industrials,-36.0,-1.0,35.0
2025-11-10,ENZL,ISHARES:MSCI NEW ZLND,,Foreign,-3.0,-5.0,-2.0
2025-11-10,EOG,"EOG RESOURCES, INC.",Energy,Energy,17.0,-9.0,-26.0
2025-11-10,EPAM,"EPAM SYSTEMS, INC.",Information Technology,Information Technology,-28.0,-2.0,26.0
2025-11-10,EPHE,ISHARES:MSCI PHILIPPINES,,Foreign,-107.0,-41.0,66.0
2025-11-10,EPOL,ISHARES:MSCI POLAND,,Foreign,-54.0,-28.0,26.0
2025-11-10,EPU,ISHARES:MSCI PERU,,Foreign,73.0,59.0,-14.0
2025-11-10,EQIX,"EQUINIX, INC.",Real Estate,Real Estate,33.0,-12.0,-45.0
2025-11-10,EQR,EQUITY RESIDENTIAL,Real Estate,Real Estate,41.0,8.0,-33.0
2025-11-10,EQT,EQT ,Energy,Energy,-43.0,-37.0,6.0
2025-11-10,ERIE,ERIE INDEMNITY COMPANY,Financials,Financials,-52.0,-58.0,-6.0
2025-11-10,ES,EVERSOURCE ENERGY,Utilities,Utilities,67.0,16.0,-51.0
2025-11-10,ES=F,E-MINI S&P 500 FUTURES,,Futures,21.0,-27.0,-48.0
2025-11-10,ESS,"ESSEX PROPERTY TRUST, INC.",Real Estate,Real Estate,14.0,-22.0,-36.0
2025-11-10,ETN,EATON  PUBLIC LIMITED COMPANY,Industrials,Industrials,52.0,35.0,-17.0
2025-11-10,ETR,ENTERGY ,Utilities,Utilities,50.0,70.0,20.0
2025-11-10,EVRG,"EVERGY, INC.",Utilities,Utilities,48.0,61.0,13.0
2025-11-10,EW,EDWARDS LIFESCIENCES ,Health Care,Health Care,-8.0,1.0,9.0
2025-11-10,EWA,ISHARES:MSCI AUSTRALIA,,Foreign,-18.0,-3.0,15.0
2025-11-10,EWC,ISHARES:MSCI CANADA,,Foreign,58.0,38.0,-20.0
2025-11-10,EWD,ISHARES:MSCI SWEDEN,,Foreign,39.0,35.0,-4.0
2025-11-10,EWG,ISHARES:MSCI GERMANY,,Foreign,-27.0,47.0,74.0
2025-11-10,EWH,ISHARES:MSCI HONG KONG,,Foreign,-57.0,-20.0,37.0
2025-11-10,EWI,ISHARES:MSCI ITALY,,Foreign,-3.0,-13.0,-10.0
2025-11-10,EWJ,ISHARES:MSCI JAPAN,,Foreign,-16.0,-60.0,-44.0
2025-11-10,EWK,ISHARES:MSCI BELGIUM,,Foreign,7.0,22.0,15.0
2025-11-10,EWL,ISHARES:MSCI SWITZERLAND,,Foreign,-38.0,-5.0,33.0
2025-11-10,EWM,ISHARES:MSCI MALAYSIA,,Foreign,6.0,-37.0,-43.0
2025-11-10,EWN,ISHARES:MSCI NETHERLANDS,,Foreign,42.0,-1.0,-43.0
2025-11-10,EWO,ISHARES:MSCI AUSTRIA,,Foreign,0.0,22.0,22.0
2025-11-10,EWP,ISHARES:MSCI SPAIN,,Foreign,5.0,-6.0,-11.0
2025-11-10,EWQ,ISHARES:MSCI FRANCE,,Foreign,22.0,2.0,-20.0
2025-11-10,EWS,ISHARES:MSCI SINGAPORE,,Foreign,33.0,14.0,-19.0
2025-11-10,EWT,ISHARES:MSCI TAIWAN,,Foreign,116.0,31.0,-85.0
2025-11-10,EWU,ISHARES:MSCI UK,,Foreign,-3.0,-20.0,-17.0
2025-11-10,EWW,ISHARES:MSCI MEXICO,,Foreign,52.0,9.0,-43.0
2025-11-10,EWY,ISHARES:MSCI S KOREA,,Foreign,70.0,43.0,-27.0
2025-11-10,EWZ,ISHARES:MSCI BRAZIL,,Foreign,39.0,-43.0,-82.0
2025-11-10,EXC,EXELON ,Utilities,Utilities,56.0,61.0,5.0
2025-11-10,EXE,EXPAND ENERGY ,Energy,Energy,-56.0,-68.0,-12.0
2025-11-10,EXPD,EXPEDITORS INTERNATIONAL OF WASHINGTON,Industrials,Industrials,-50.0,-60.0,-10.0
2025-11-10,EXPE,"EXPEDIA GROUP, INC.",Consumer Discretionary,Consumer Discretionary,-39.0,-47.0,-8.0
2025-11-10,EXR,EXTRA SPACE STORAGE INC.,Real Estate,Real Estate,14.0,-12.0,-26.0
2025-11-10,F,FORD MOTOR COMPANY,Consumer Discretionary,Consumer Discretionary,-11.0,-42.0,-31.0
2025-11-10,FANG,"DIAMONDBACK ENERGY, INC.",Energy,Energy,-28.0,-32.0,-4.0
2025-11-10,FAST,FASTENAL COMPANY,Industrials,Industrials,-35.0,11.0,46.0
2025-11-10,FCX,FREEPORT-MCMORAN INC.,Materials,Materials,-5.0,-5.0,0.0
2025-11-10,FDS,FACTSET RESEARCH SYSTEMS INC.,Financials,Financials,3.0,3.0,0.0
2025-11-10,FDX,FEDEX ,Industrials,Industrials,55.0,-27.0,-82.0
2025-11-10,FE,FIRSTENERGY CORP.,Utilities,Utilities,53.0,39.0,-14.0
2025-11-10,FFIV,"F5, INC.",Information Technology,Information Technology,23.0,14.0,-9.0
2025-11-10,FI,"FISERV, INC.",Financials,Financials,13.0,-0.0,-13.0
2025-11-10,FICO,FAIR ISAAC ,Information Technology,Information Technology,1.0,-14.0,-15.0
2025-11-10,FIS,FIDELITY NATIONAL INFORMATION SERVICES,Financials,Financials,-17.0,-3.0,14.0
2025-11-10,FITB,FIFTH THIRD BANCORP,Financials,Financials,-24.0,-32.0,-8.0
2025-11-10,FOXA,FOX ,Communication Services,Communication Services,26.0,15.0,-11.0
2025-11-10,FRO,FRONTLINE PLC,,MR Discretion,-19.0,-22.0,-3.0
2025-11-10,FRT,FEDERAL REALTY INVESTMENT TRUST,Real Estate,Real Estate,8.0,-28.0,-36.0
2025-11-10,FSLR,"FIRST SOLAR, INC.",Information Technology,Information Technology,29.0,2.0,-27.0
2025-11-10,FTI,TECHNIPFMC PLC,,MR Discretion,34.0,-27.0,-61.0
2025-11-10,FTNT,"FORTINET, INC.",Information Technology,Information Technology,35.0,0.0,-35.0
2025-11-10,FTV,FORTIVE ,Industrials,Industrials,-29.0,-31.0,-2.0
2025-11-10,FVX,5 YR TSY YLD NDX,Yields,Yields,-43.0,-44.0,-1.0
2025-11-10,FXA,INVESCO:AU DOLLAR,,Currencies,18.0,-10.0,-28.0
2025-11-10,FXB,INVESCO:GBP STERLING,,Currencies,-15.0,20.0,35.0
2025-11-10,FXC,INVESCO:CANADIAN DOLLAR,,Currencies,-1.0,35.0,36.0
2025-11-10,FXE,INVESCO:EURO,,Currencies,10.0,9.0,-1.0
2025-11-10,FXY,INVESCO:JAPANESE YEN,,Currencies,-29.0,1.0,30.0
2025-11-10,GD,GENERAL DYNAMICS ,Industrials,Industrials,20.0,21.0,1.0
2025-11-10,GDDY,GODADDY INC.,Information Technology,Information Technology,11.0,-14.0,-25.0
2025-11-10,GDX,VANECK:GOLD MINERS,,Commodities,37.0,28.0,-9.0
2025-11-10,GDXJ,VANECK:JR GOLD MINERS,,Commodities,24.0,37.0,13.0
2025-11-10,GE,GENERAL ELECTRIC COMPANY,Industrials,Industrials,74.0,62.0,-12.0
2025-11-10,GEHC,GE HEALTHCARE TECHNOLOGIES INC.,Health Care,Health Care,28.0,-5.0,-33.0
2025-11-10,GEN,GEN DIGITAL INC.,Information Technology,Information Technology,-29.0,3.0,32.0
2025-11-10,GEOS,GEOSPACE TECHNOLOGIES ,,MR Discretion,0.0,34.0,34.0
2025-11-10,GEV,GE VERNOVA INC.,Industrials,Industrials,50.0,55.0,5.0
2025-11-10,GGB,GERDAU SA,,MR Discretion,-25.0,-56.0,-31.0
2025-11-10,GILD,"GILEAD SCIENCES, INC.",Health Care,Health Care,-42.0,5.0,47.0
2025-11-10,GIS,"GENERAL MILLS, INC.",Consumer Staples,Consumer Staples,55.0,-22.0,-77.0
2025-11-10,GL,GLOBE LIFE INC.,Financials,Financials,19.0,-1.0,-20.0
2025-11-10,GLATF,GLOBAL ATOMIC ,,MR Discretion,100.0,48.0,-52.0
2025-11-10,GLD,SPDR GOLD,Gold,Commodities,41.0,29.0,-12.0
2025-11-10,GLW,CORNING INC.,Information Technology,Information Technology,106.0,76.0,-30.0
2025-11-10,GM,GENERAL MOTORS COMPANY,Consumer Discretionary,Consumer Discretionary,-7.0,-11.0,-4.0
2025-11-10,GNK,GENCO SHIPPING & TRADING LIMITED,,MR Discretion,-18.0,-20.0,-2.0
2025-11-10,GNRC,GENERAC HOLDINGS INC.,Industrials,Industrials,-24.0,-19.0,5.0
2025-11-10,GOOGL,ALPHABET INC.,Communication Services,Communication Services,77.0,15.0,-62.0
2025-11-10,GPC,GENUINE PARTS COMPANY,Consumer Discretionary,Consumer Discretionary,34.0,40.0,6.0
2025-11-10,GPN,GLOBAL PAYMENTS INC.,Financials,Financials,69.0,47.0,-22.0
2025-11-10,GREK,GLBL X MSCI GREECE,,Foreign,14.0,40.0,26.0
2025-11-10,GRMN,GARMIN LTD,Consumer Discretionary,Consumer Discretionary,2.0,-0.0,-2.0
2025-11-10,GS,"THE GOLDMAN SACHS GROUP, INC.",Financials,Financials,84.0,43.0,-41.0
2025-11-10,GWW,"W.W. GRAINGER, INC.",Industrials,Industrials,-31.0,-47.0,-16.0
2025-11-10,HAL,HALLIBURTON COMPANY,Energy,Energy,4.0,-64.0,-68.0
2025-11-10,HAS,"HASBRO, INC.",Consumer Discretionary,Consumer Discretionary,-37.0,10.0,47.0
2025-11-10,HBAN,HUNTINGTON BANCSHARES INC.,Financials,Financials,20.0,12.0,-8.0
2025-11-10,HCA,"HCA HEALTHCARE, INC.",Health Care,Health Care,-53.0,-30.0,23.0
2025-11-10,HD,"THE HOME DEPOT, INC.",Consumer Discretionary,Consumer Discretionary,29.0,21.0,-8.0
2025-11-10,HIG,THE HARTFORD FINANCIAL SERVICES GROUP,Financials,Financials,-51.0,-22.0,29.0
2025-11-10,HII,"HUNTINGTON INGALLS INDUSTRIES, INC.",Industrials,Industrials,7.0,-17.0,-24.0
2025-11-10,HLT,HILTON WORLDWIDE HOLDINGS INC.,Consumer Discretionary,Consumer Discretionary,-65.0,-38.0,27.0
2025-11-10,HLX,"HELIX ENERGY SOLUTIONS GROUP, INC.",,MR Discretion,-50.0,-35.0,15.0
2025-11-10,HOLX,"HOLOGIC, INC.",Health Care,Health Care,-12.0,-74.0,-62.0
2025-11-10,HON,HONEYWELL INTERNATIONAL INC.,Industrials,Industrials,60.0,39.0,-21.0
2025-11-10,HOOD,"ROBINHOOD MARKETS, INC.",Financials,Financials,17.0,-8.0,-25.0
2025-11-10,HPE,HEWLETT PACKARD ENTERPRISE COMPANY,Information Technology,Information Technology,93.0,36.0,-57.0
2025-11-10,HPQ,HP INC.,Information Technology,Information Technology,4.0,-13.0,-17.0
2025-11-10,HRL,HORMEL FOODS ,Consumer Staples,Consumer Staples,-37.0,3.0,40.0
2025-11-10,HSIC,"HENRY SCHEIN, INC.",Health Care,Health Care,-64.0,-51.0,13.0
2025-11-10,HST,"HOST HOTELS & RESORTS, INC.",Real Estate,Real Estate,-29.0,-60.0,-31.0
2025-11-10,HSY,THE HERSHEY COMPANY,Consumer Staples,Consumer Staples,85.0,61.0,-24.0
2025-11-10,HUBB,HUBBELL INC.,Industrials,Industrials,10.0,-8.0,-18.0
2025-11-10,HUM,HUMANA INC.,Health Care,Health Care,16.0,1.0,-15.0
2025-11-10,HWM,HOWMET AEROSPACE INC.,Industrials,Industrials,56.0,45.0,-11.0
2025-11-10,HYD,VANECK:HIGH YIELD MUNI,,Bonds,111.0,18.0,-93.0
2025-11-10,HYG,ISHARES:IBOXX $HY CORP,Bonds,Bonds,15.0,5.0,-10.0
2025-11-10,IBKR,"INTERACTIVE BROKERS GROUP, INC.",Financials,Financials,24.0,34.0,10.0
2025-11-10,IBM,INTERNATIONAL BUSINESS MACHINES ,Information Technology,Information Technology,53.0,18.0,-35.0
2025-11-10,ICE,"INTERCONTINENTAL EXCHANGE, INC.",Financials,Financials,-62.0,-22.0,40.0
2025-11-10,ICL,ICL GROUP LTD,,MR Discretion,-3.0,44.0,47.0
2025-11-10,IDXX,"IDEXX LABORATORIES, INC.",Health Care,Health Care,-13.0,13.0,26.0
2025-11-10,IEF,ISHARES:7-10 TRS BD ETF,Bonds,Bonds,24.0,58.0,34.0
2025-11-10,IEX,IDEX ,Industrials,Industrials,16.0,-21.0,-37.0
2025-11-10,IFF,INTERNATIONAL FLAVORS & FRAGRANCES INC.,Materials,Materials,-101.0,-61.0,40.0
2025-11-10,INCY,INCYTE ,Health Care,Health Care,-56.0,15.0,71.0
2025-11-10,INDA,ISHARES:MSCI INDIA,,Foreign,8.0,-21.0,-29.0
2025-11-10,INTC,INTEL ,Information Technology,Information Technology,59.0,22.0,-37.0
2025-11-10,INTU,INTUIT INC.,Information Technology,Information Technology,60.0,8.0,-52.0
2025-11-10,INVH,INVITATION HOMES INC.,Real Estate,Real Estate,8.0,3.0,-5.0
2025-11-10,IP,INTERNATIONAL PAPER COMPANY,Materials,Materials,-11.0,0.0,11.0
2025-11-10,IPG,THE INTERPUBLIC GROUP,Communication Services,Communication Services,82.0,14.0,-68.0
2025-11-10,IQV,IQVIA HOLDINGS INC,Health Care,Health Care,9.0,14.0,5.0
2025-11-10,IR,INGERSOLL RAND INC.,Industrials,Industrials,31.0,-5.0,-36.0
2025-11-10,IRM,IRON MOUNTAIN INC.,Real Estate,Real Estate,63.0,3.0,-60.0
2025-11-10,ISRG,"INTUITIVE SURGICAL, INC.",Health Care,Health Care,-48.0,-44.0,4.0
2025-11-10,IT,"GARTNER, INC.",Information Technology,Information Technology,-4.0,-39.0,-35.0
2025-11-10,ITW,ILLINOIS TOOL WORKS INC.,Industrials,Industrials,-47.0,-43.0,4.0
2025-11-10,IVZ,INVESCO LTD.,Financials,Financials,74.0,54.0,-20.0
2025-11-10,IWD,ISHARES:RUSS 1000 VL ETF,,Sector & Style ETFs,50.0,23.0,-27.0
2025-11-10,IWF,ISHARES:RUSS 1000 GR ETF,,Sector & Style ETFs,75.0,35.0,-40.0
2025-11-10,IWM,ISHARES:RUSS 2000 ETF,,Sector & Style ETFs,86.0,34.0,-52.0
2025-11-10,J,JACOBS SOLUTIONS INC.,Industrials,Industrials,22.0,26.0,4.0
2025-11-10,JBHT,"J. B. HUNT TRANSPORT SERVICES, INC.",Industrials,Industrials,-27.0,-44.0,-17.0
2025-11-10,JBL,JABIL INC.,Information Technology,Information Technology,29.0,16.0,-13.0
2025-11-10,JCI,JOHNSON CONTROLS INTERNATIONAL PLC,Industrials,Industrials,-22.0,-0.0,22.0
2025-11-10,JKHY,"JACK HENRY & ASSOCIATES, INC.",Financials,Financials,-85.0,-44.0,41.0
2025-11-10,JNJ,JOHNSON & JOHNSON,Health Care,Health Care,52.0,40.0,-12.0
2025-11-10,JNK,SPDR BBG HIGH YIELD BD,,Bonds,23.0,5.0,-18.0
2025-11-10,JPM,JPMORGAN CHASE & CO.,Financials,Financials,27.0,17.0,-10.0
2025-11-10,K,KELLANOVA,Consumer Staples,Consumer Staples,11.0,20.0,9.0
2025-11-10,KDP,KEURIG DR PEPPER INC.,Consumer Staples,Consumer Staples,-65.0,-12.0,53.0
2025-11-10,KEY,KEYCORP,Financials,Financials,-7.0,-15.0,-8.0
2025-11-10,KEYS,"KEYSIGHT TECHNOLOGIES, INC.",Information Technology,Information Technology,72.0,34.0,-38.0
2025-11-10,KHC,THE KRAFT HEINZ COMPANY,Consumer Staples,Consumer Staples,11.0,3.0,-8.0
2025-11-10,KIM,KIMCO REALTY .,Real Estate,Real Estate,33.0,44.0,11.0
2025-11-10,KKR,KKR & CO. INC.,Financials,Financials,-7.0,-5.0,2.0
2025-11-10,KLAC,KLA ,Information Technology,Information Technology,30.0,-13.0,-43.0
2025-11-10,KMB,KIMBERLY-CLARK ,Consumer Staples,Consumer Staples,0.0,0.0,0.0
2025-11-10,KMI,"KINDER MORGAN, INC.",Energy,Energy,25.0,11.0,-14.0
2025-11-10,KMX,"CARMAX, INC.",Consumer Discretionary,Consumer Discretionary,0.0,0.0,0.0
2025-11-10,KO,THE COCA-COLA COMPANY,Consumer Staples,Consumer Staples,-7.0,5.0,12.0
2025-11-10,KR,THE KROGER CO.,Consumer Staples,Consumer Staples,-24.0,34.0,58.0
2025-11-10,KVUE,KENVUE INC.,Consumer Staples,Consumer Staples,-36.0,-36.0,0.0
2025-11-10,L,LOEWS ,Financials,Financials,20.0,10.0,-10.0
2025-11-10,LDOS,"LEIDOS HOLDINGS, INC.",Industrials,Industrials,-8.0,-4.0,4.0
2025-11-10,LEN,LENNAR ,Consumer Discretionary,Consumer Discretionary,-53.0,-40.0,13.0
2025-11-10,LH,LABORATORY  OF AMERICA HOLDINGS,Health Care,Health Care,56.0,46.0,-10.0
2025-11-10,LHX,"L3HARRIS TECHNOLOGIES, INC.",Industrials,Industrials,1.0,-1.0,-2.0
2025-11-10,LII,LENNOX INTERNATIONAL INC.,Industrials,Industrials,-22.0,-21.0,1.0
2025-11-10,LIN,LINDE PUBLIC LIMITED COMPANY,Materials,Materials,17.0,20.0,3.0
2025-11-10,LKQ,LKQ ,Consumer Discretionary,Consumer Discretionary,-15.0,-16.0,-1.0
2025-11-10,LLY,ELI LILLY AND COMPANY,Health Care,Health Care,-7.0,-26.0,-19.0
2025-11-10,LMT,LOCKHEED MARTIN ,Industrials,Industrials,56.0,47.0,-9.0
2025-11-10,LNT,ALLIANT ENERGY ,Utilities,Utilities,36.0,44.0,8.0
2025-11-10,LOW,"LOWE'S COMPANIES, INC.",Consumer Discretionary,Consumer Discretionary,-18.0,11.0,29.0
2025-11-10,LQD,ISHARES:IBOXX $IG CORP,Bonds,Bonds,50.0,53.0,3.0
2025-11-10,LRCX,LAM RESEARCH ,Information Technology,Information Technology,66.0,23.0,-43.0
2025-11-10,LULU,LULULEMON ATHLETICA INC.,Consumer Discretionary,Consumer Discretionary,24.0,-8.0,-32.0
2025-11-10,LUV,SOUTHWEST AIRLINES CO.,Industrials,Industrials,40.0,14.0,-26.0
2025-11-10,LVS,LAS VEGAS SANDS CORP.,Consumer Discretionary,Consumer Discretionary,-65.0,-36.0,29.0
2025-11-10,LW,"LAMB WESTON HOLDINGS, INC.",Consumer Staples,Consumer Staples,47.0,36.0,-11.0
2025-11-10,LYB,LYONDELLBASELL INDUSTRIES NV,Materials,Materials,31.0,-7.0,-38.0
2025-11-10,LYV,"LIVE NATION ENTERTAINMENT, INC.",Communication Services,Communication Services,-47.0,-0.0,47.0
2025-11-10,MA,MASTERCARD INC..,Financials,Financials,-23.0,-5.0,18.0
2025-11-10,MAA,"MID-AMERICA APARTMENT COMMUNITIES, INC.",Real Estate,Real Estate,46.0,30.0,-16.0
2025-11-10,MAR,"MARRIOTT INTERNATIONAL, INC.",Consumer Discretionary,Consumer Discretionary,-64.0,-60.0,4.0
2025-11-10,MAS,MASCO ,Industrials,Industrials,20.0,25.0,5.0
2025-11-10,MCD,MCDONALD'S ,Consumer Discretionary,Consumer Discretionary,20.0,35.0,15.0
2025-11-10,MCHI,ISHARES:MSCI CHINA,,Foreign,46.0,29.0,-17.0
2025-11-10,MCHP,MICROCHIP TECHNOLOGY INC.,Information Technology,Information Technology,87.0,40.0,-47.0
2025-11-10,MCK,MCKESSON ,Health Care,Health Care,30.0,-27.0,-57.0
2025-11-10,MCO,MOODY'S ,Financials,Financials,-33.0,-22.0,11.0
2025-11-10,MDLZ,"MONDELEZ INTERNATIONAL, INC.",Consumer Staples,Consumer Staples,16.0,18.0,2.0
2025-11-10,MDT,MEDTRONIC PUBLIC LIMITED COMPANY,Health Care,Health Care,62.0,31.0,-31.0
2025-11-10,MDY,SPDR S&P MIDCAP 400 ETF,,Sector & Style ETFs,39.0,29.0,-10.0
2025-11-10,MET,"METLIFE, INC.",Financials,Financials,84.0,47.0,-37.0
2025-11-10,META,"META PLATFORMS, INC.",Communication Services,Communication Services,-17.0,0.0,17.0
2025-11-10,MGM,MGM RESORTS INTERNATIONAL,Consumer Discretionary,Consumer Discretionary,-55.0,-20.0,35.0
2025-11-10,MHK,"MOHAWK INDUSTRIES, INC.",Consumer Discretionary,Consumer Discretionary,-24.0,2.0,26.0
2025-11-10,MKC,"MCCORMICK & COMPANY, INC.",Consumer Staples,Consumer Staples,-16.0,22.0,38.0
2025-11-10,MLM,"MARTIN MARIETTA MATERIALS, INC.",Materials,Materials,47.0,20.0,-27.0
2025-11-10,MMC,"MARSH & MCLENNAN COMPANIES, INC.",Financials,Financials,-27.0,-7.0,20.0
2025-11-10,MMM,3M COMPANY,Industrials,Industrials,-32.0,2.0,34.0
2025-11-10,MNST,MONSTER BEVERAGE ,Consumer Staples,Consumer Staples,23.0,-0.0,-23.0
2025-11-10,MO,"ALTRIA GROUP, INC.",Consumer Staples,Consumer Staples,-71.0,0.0,71.0
2025-11-10,MOH,"MOLINA HEALTHCARE, INC.",Health Care,Health Care,9.0,-29.0,-38.0
2025-11-10,MOS,THE MOSAIC COMPANY,Materials,Materials,49.0,27.0,-22.0
2025-11-10,MP,MP MATERIALS CORP,,MR Discretion,-40.0,14.0,54.0
2025-11-10,MPC,MARATHON PETROLEUM ,Energy,Energy,16.0,-20.0,-36.0
2025-11-10,MPWR,"MONOLITHIC POWER SYSTEMS, INC.",Information Technology,Information Technology,53.0,26.0,-27.0
2025-11-10,MRK,"MERCK & CO., INC.",Health Care,Health Care,8.0,-10.0,-18.0
2025-11-10,MRNA,"MODERNA, INC.",Health Care,Health Care,66.0,8.0,-58.0
2025-11-10,MS,MORGAN STANLEY,Financials,Financials,42.0,11.0,-31.0
2025-11-10,MSCI,MSCI INC.,Financials,Financials,-11.0,-44.0,-33.0
2025-11-10,MSFT,MICROSOFT ,Information Technology,Information Technology,45.0,48.0,3.0
2025-11-10,MSI,"MOTOROLA SOLUTIONS, INC.",Information Technology,Information Technology,-18.0,0.0,18.0
2025-11-10,MTB,M&T BANK ,Financials,Financials,20.0,12.0,-8.0
2025-11-10,MTCH,"MATCH GROUP, INC.",Communication Services,Communication Services,-74.0,-35.0,39.0
2025-11-10,MTD,METTLER-TOLEDO INTERNATIONAL INC.,Health Care,Health Care,-51.0,-37.0,14.0
2025-11-10,MTUM,ISHARES:MSCI USA MOM FCT,,Sector & Style ETFs,136.0,54.0,-82.0
2025-11-10,MU,"MICRON TECHNOLOGY, INC.",Information Technology,Information Technology,44.0,-2.0,-46.0
2025-11-10,MUB,ISHARES:NATL MUNI BOND,,Bonds,41.0,7.0,-34.0
2025-11-10,NCLH,NORWEGIAN CRUISE LINE HOLDINGS LTD.,Consumer Discretionary,Consumer Discretionary,-26.0,0.0,26.0
2025-11-10,NDAQ,"NASDAQ, INC.",Financials,Financials,-4.0,-4.0,0.0
2025-11-10,NDSN,NORDSON ,Industrials,Industrials,8.0,-23.0,-31.0
2025-11-10,NDX,NASDAQ 100 INDEX,,Indices,60.0,9.0,-51.0
2025-11-10,NEE,"NEXTERA ENERGY, INC.",Utilities,Utilities,49.0,42.0,-7.0
2025-11-10,NEM,NEWMONT ,Materials,Materials,50.0,50.0,-0.0
2025-11-10,NFLX,"NETFLIX, INC.",Communication Services,Communication Services,-50.0,-25.0,25.0
2025-11-10,NI,NISOURCE INC.,Utilities,Utilities,28.0,38.0,10.0
2025-11-10,NKE,"NIKE, INC.",Consumer Discretionary,Consumer Discretionary,12.0,26.0,14.0
2025-11-10,NOC,NORTHROP GRUMMAN ,Industrials,Industrials,-28.0,-15.0,13.0
2025-11-10,NORW,GLBL X MSCI NORWAY ETF,,Foreign,42.0,24.0,-18.0
2025-11-10,NOV,NOV INC.,,MR Discretion,-17.0,-36.0,-19.0
2025-11-10,NOW,"SERVICENOW, INC.",Information Technology,Information Technology,57.0,31.0,-26.0
2025-11-10,NQ=F,NASDAQ 100 FUTURES,,Futures,-4.0,-55.0,-51.0
2025-11-10,NRG,"NRG ENERGY, INC.",Utilities,Utilities,61.0,64.0,3.0
2025-11-10,NSC,NORFOLK SOUTHERN ,Industrials,Industrials,111.0,64.0,-47.0
2025-11-10,NTAP,"NETAPP, INC.",Information Technology,Information Technology,66.0,6.0,-60.0
2025-11-10,NTRS,NORTHERN TRUST ,Financials,Financials,24.0,22.0,-2.0
2025-11-10,NUE,NUCOR ,Materials,Materials,-57.0,-34.0,23.0
2025-11-10,NVDA,NVIDIA ,Information Technology,Information Technology,61.0,44.0,-17.0
2025-11-10,NVR,"NVR, INC.",Consumer Discretionary,Consumer Discretionary,-31.0,-13.0,18.0
2025-11-10,NWSA,NEWS CORP.,Communication Services,Communication Services,11.0,-22.0,-33.0
2025-11-10,NXPI,NXP SEMICONDUCTORS NV,Information Technology,Information Technology,-16.0,-17.0,-1.0
2025-11-10,O,REALTY INCOME ,Real Estate,Real Estate,60.0,37.0,-23.0
2025-11-10,ODFL,"OLD DOMINION FREIGHT LINE, INC.",Industrials,Industrials,-19.0,-15.0,4.0
2025-11-10,OEF,ISHARES:S&P 100,,Sector & Style ETFs,-1.0,-41.0,-40.0
2025-11-10,OKE,"ONEOK, INC.",Energy,Energy,4.0,-14.0,-18.0
2025-11-10,OMC,OMNICOM GROUP INC.,Communication Services,Communication Services,70.0,14.0,-56.0
2025-11-10,ON,ON SEMICONDUCTOR ,Information Technology,Information Technology,51.0,-1.0,-52.0
2025-11-10,ORCL,ORACLE ,Information Technology,Information Technology,62.0,28.0,-34.0
2025-11-10,ORLY,"O'REILLY AUTOMOTIVE, INC.",Consumer Discretionary,Consumer Discretionary,59.0,54.0,-5.0
2025-11-10,OTIS,OTIS WORLDWIDE ,Industrials,Industrials,53.0,10.0,-43.0
2025-11-10,OXY,OCCIDENTAL PETROLEUM ,Energy,Energy,2.0,-27.0,-29.0
2025-11-10,PAM,PAMPA ENERGIA SA,,MR Discretion,-35.0,-24.0,11.0
2025-11-10,PANW,"PALO ALTO NETWORKS, INC.",Information Technology,Information Technology,1.0,-18.0,-19.0
2025-11-10,PAYC,"PAYCOM SOFTWARE, INC.",Industrials,Industrials,24.0,31.0,7.0
2025-11-10,PAYX,"PAYCHEX, INC.",Industrials,Industrials,47.0,36.0,-11.0
2025-11-10,PBR,BRAZILIAN PETROLEUM  - PETROBRAS,,MR Discretion,-1.0,-46.0,-45.0
2025-11-10,PCAR,PACCAR INC,Industrials,Industrials,-38.0,-35.0,3.0
2025-11-10,PCG,PG&E ,Utilities,Utilities,-53.0,-41.0,12.0
2025-11-10,PEG,PUBLIC SERVICE ENTERPRISE GROUP INC.,Utilities,Utilities,-34.0,-24.0,10.0
2025-11-10,PEP,"PEPSICO, INC.",Consumer Staples,Consumer Staples,-52.0,-5.0,47.0
2025-11-10,PFE,PFIZER INC.,Health Care,Health Care,22.0,12.0,-10.0
2025-11-10,PFF,ISHARES:PREF AND INC SEC,,Bonds,55.0,26.0,-29.0
2025-11-10,PFG,"PRINCIPAL FINANCIAL GROUP, INC.",Financials,Financials,38.0,-2.0,-40.0
2025-11-10,PG,THE PROCTER & GAMBLE COMPANY,Consumer Staples,Consumer Staples,-28.0,26.0,54.0
2025-11-10,PGR,THE PROGRESSIVE ,Financials,Financials,-23.0,-28.0,-5.0
2025-11-10,PH,PARKER-HANNIFIN ,Industrials,Industrials,-52.0,-50.0,2.0
2025-11-10,PHM,"PULTEGROUP, INC.",Consumer Discretionary,Consumer Discretionary,29.0,-18.0,-47.0
2025-11-10,PKG,PACKAGING  OF AMERICA,Materials,Materials,23.0,3.0,-20.0
2025-11-10,PLD,"PROLOGIS, INC.",Real Estate,Real Estate,-3.0,-23.0,-20.0
2025-11-10,PLTR,PALANTIR TECHNOLOGIES INC.,Information Technology,Information Technology,10.0,34.0,24.0
2025-11-10,PM,PHILIP MORRIS INTERNATIONAL INC.,Consumer Staples,Consumer Staples,-39.0,-22.0,17.0
2025-11-10,PNC,"THE PNC FINANCIAL SERVICES GROUP, INC.",Financials,Financials,-44.0,-5.0,39.0
2025-11-10,PNR,PENTAIR PUBLIC LIMITED COMPANY,Industrials,Industrials,9.0,-11.0,-20.0
2025-11-10,PNW,PINNACLE WEST CAPITAL ,Utilities,Utilities,-15.0,23.0,38.0
2025-11-10,PODD,INSULET ,Health Care,Health Care,34.0,24.0,-10.0
2025-11-10,POOL,POOL ,Consumer Discretionary,Consumer Discretionary,44.0,13.0,-31.0
2025-11-10,POWA,INVESCO BLOOMBERG PRICING POWER,,Sector & Style ETFs,22.0,26.0,4.0
2025-11-10,PPG,"PPG INDUSTRIES, INC.",Materials,Materials,-38.0,-34.0,4.0
2025-11-10,PPL,PPL ,Utilities,Utilities,7.0,39.0,32.0
2025-11-10,PPLT,ABRDN:PHYSICAL PLATINUM,,Commodities,56.0,29.0,-27.0
2025-11-10,PRU,"PRUDENTIAL FINANCIAL, INC.",Financials,Financials,-70.0,-66.0,4.0
2025-11-10,PSA,PUBLIC STORAGE.,Real Estate,Real Estate,-24.0,-9.0,15.0
2025-11-10,PSKY,PARAMOUNT SKYDANCE ,Communication Services,Communication Services,75.0,30.0,-45.0
2025-11-10,PSX,PHILLIPS 66,Energy,Energy,-5.0,-24.0,-19.0
2025-11-10,PTC,PTC INC.,Information Technology,Information Technology,4.0,44.0,40.0
2025-11-10,PWR,"QUANTA SERVICES, INC.",Industrials,Industrials,57.0,34.0,-23.0
2025-11-10,PYPL,"PAYPAL HOLDINGS, INC.",Financials,Financials,-22.0,30.0,52.0
2025-11-10,QAT,ISHARES:MSCI QATAR,,Foreign,-10.0,11.0,21.0
2025-11-10,QCOM,QUALCOMM INC.,Information Technology,Information Technology,42.0,35.0,-7.0
2025-11-10,QQQ,INVESCO QQQ TRUST 1,,Sector & Style ETFs,68.0,25.0,-43.0
2025-11-10,QUAL,ISHARES:MSCI USA QF,,Sector & Style ETFs,35.0,-5.0,-40.0
2025-11-10,RCL,ROYAL CARIBBEAN CRUISES LTD.,Consumer Discretionary,Consumer Discretionary,-35.0,0.0,35.0
2025-11-10,REG,REGENCY CENTERS ,Real Estate,Real Estate,23.0,35.0,12.0
2025-11-10,REGN,"REGENERON PHARMACEUTICALS, INC.",Health Care,Health Care,-52.0,-70.0,-18.0
2025-11-10,RF,REGIONS FINANCIAL ,Financials,Financials,24.0,38.0,14.0
2025-11-10,RIG,TRANSOCEAN LTD,,MR Discretion,-28.0,-26.0,2.0
2025-11-10,RJF,"RAYMOND JAMES FINANCIAL, INC.",Financials,Financials,40.0,53.0,13.0
2025-11-10,RL,RALPH LAUREN ,Consumer Discretionary,Consumer Discretionary,-34.0,-14.0,20.0
2025-11-10,RMD,RESMED INC.,Health Care,Health Care,-7.0,30.0,37.0
2025-11-10,ROK,"ROCKWELL AUTOMATION, INC.",Industrials,Industrials,-36.0,-46.0,-10.0
2025-11-10,ROKU,"ROKU, INC.",,MR Discretion,39.0,12.0,-27.0
2025-11-10,ROL,"ROLLINS, INC.",Industrials,Industrials,55.0,2.0,-53.0
2025-11-10,ROP,"ROPER TECHNOLOGIES, INC.",Information Technology,Information Technology,21.0,27.0,6.0
2025-11-10,ROST,"ROSS STORES, INC.",Consumer Discretionary,Consumer Discretionary,-46.0,-40.0,6.0
2025-11-10,RSG,"REPUBLIC SERVICES, INC.",Industrials,Industrials,3.0,28.0,25.0
2025-11-10,RSP,INVESCO S&P500 EWGHT,,Sector & Style ETFs,39.0,29.0,-10.0
2025-11-10,RTX,RTX ,Industrials,Industrials,-7.0,-3.0,4.0
2025-11-10,RUT,RUSSELL 2000 INDEX,,Indices,86.0,26.0,-60.0
2025-11-10,RVTY,"REVVITY, INC.",Health Care,Health Care,28.0,42.0,14.0
2025-11-10,SBAC,SBA COMMUNICATIONS ,Real Estate,Real Estate,-75.0,-19.0,56.0
2025-11-10,SBLK,STAR BULK CARRIERS CORP.,,MR Discretion,-37.0,-24.0,13.0
2025-11-10,SBUX,STARBUCKS ,Consumer Discretionary,Consumer Discretionary,-48.0,-54.0,-6.0
2025-11-10,SCHP,SCHWAB STR:US TIPS,,Bonds,38.0,53.0,15.0
2025-11-10,SCHW,THE CHARLES SCHWAB ,Financials,Financials,18.0,26.0,8.0
2025-11-10,SD,"SANDRIDGE ENERGY, INC.",,MR Discretion,-83.0,-52.0,31.0
2025-11-10,SDY,SPDR S&P DIVIDEND,,Sector & Style ETFs,16.0,20.0,4.0
2025-11-10,SHW,THE SHERWIN-WILLIAMS COMPANY,Materials,Materials,-77.0,-31.0,46.0
2025-11-10,SHY,ISHARES:1-3 TRS BD ETF,Bonds,Bonds,28.0,62.0,34.0
2025-11-10,SILJ,ETFMG PRIME JR SILVR MNR,,Commodities,54.0,37.0,-17.0
2025-11-10,SJM,THE J. M. SMUCKER COMPANY,Consumer Staples,Consumer Staples,-17.0,-14.0,3.0
2025-11-10,SLB,SCHLUMBERGER N.V.,Energy,Energy,-65.0,-66.0,-1.0
2025-11-10,SLV,ISHARES:SILVER TRUST,,Commodities,47.0,50.0,3.0
2025-11-10,SMCI,"SUPER MICRO COMPUTER, INC.",Information Technology,Information Technology,63.0,25.0,-38.0
2025-11-10,SMH,VANECK:SEMICONDUCTOR,,Sector & Style ETFs,29.0,-15.0,-44.0
2025-11-10,SNA,SNAP-ON INC.,Industrials,Industrials,26.0,-14.0,-40.0
2025-11-10,SNPS,"SYNOPSYS, INC.",Information Technology,Information Technology,-16.0,-16.0,0.0
2025-11-10,SO,THE SOUTHERN COMPANY,Utilities,Utilities,51.0,30.0,-21.0
2025-11-10,SOLV,SOLVENTUM ,Health Care,Health Care,-41.0,-38.0,3.0
2025-11-10,SOYB,TEUCRIUM:SOYBEAN,,Commodities,-72.0,-77.0,-5.0
2025-11-10,SPG,"SIMON PROPERTY GROUP, INC.",Real Estate,Real Estate,21.0,-7.0,-28.0
2025-11-10,SPGI,S&P GLOBAL INC.,Financials,Financials,-53.0,-53.0,0.0
2025-11-10,SPHB,INVESCO S&P500 HI BE,,Sector & Style ETFs,103.0,62.0,-41.0
2025-11-10,SPLV,INVESCO S&P500 LOWVL,,Sector & Style ETFs,17.0,18.0,1.0
2025-11-10,SPX,S&P 500 INDEX,,Indices,26.0,-22.0,-48.0
2025-11-10,SPY,SPDR S&P 500 ETF,,Sector & Style ETFs,22.0,-14.0,-36.0
2025-11-10,SRE,SEMPRA,Utilities,Utilities,62.0,29.0,-33.0
2025-11-10,STE,STERIS PUBLIC LIMITED COMPANY,Health Care,Health Care,-3.0,-60.0,-57.0
2025-11-10,STIP,ISHARES:0-5 TIPS BD ETF,Bonds,Bonds,31.0,53.0,22.0
2025-11-10,STLA,STELLANTIS NV,,MR Discretion,-64.0,-67.0,-3.0
2025-11-10,STLD,"STEEL DYNAMICS, INC.",Materials,Materials,45.0,17.0,-28.0
2025-11-10,STNG,SCORPIO TANKERS INC.,,MR Discretion,14.0,-10.0,-24.0
2025-11-10,STT,STATE STREET ,Financials,Financials,-16.0,-25.0,-9.0
2025-11-10,STX,SEAGATE TECHNOLOGY HOLDINGS,Information Technology,Information Technology,39.0,4.0,-35.0
2025-11-10,STZ,"CONSTELLATION BRANDS, INC.",Consumer Staples,Consumer Staples,-92.0,-63.0,29.0
2025-11-10,SW,SMURFIT WESTROCK PUBLIC LIMITED COMPANY,Materials,Materials,52.0,71.0,19.0
2025-11-10,SWK,"STANLEY BLACK & DECKER, INC.",Industrials,Industrials,17.0,-14.0,-31.0
2025-11-10,SWKS,"SKYWORKS SOLUTIONS, INC.",Information Technology,Information Technology,80.0,26.0,-54.0
2025-11-10,SYF,SYNCHRONY FINANCIAL,Financials,Financials,18.0,14.0,-4.0
2025-11-10,SYK,STRYKER ,Health Care,Health Care,32.0,44.0,12.0
2025-11-10,SYY,SYSCO ,Consumer Staples,Consumer Staples,32.0,23.0,-9.0
2025-11-10,T,AT&T INC.,Communication Services,Communication Services,27.0,10.0,-17.0
2025-11-10,TAGS,TEUCRIUM:AGRICULTURAL,,Commodities,-29.0,-33.0,-4.0
2025-11-10,TAP,MOLSON COORS BEVERAGE COMPANY,Consumer Staples,Consumer Staples,-74.0,-49.0,25.0
2025-11-10,TDG,TRANSDIGM GROUP INC.,Industrials,Industrials,33.0,-18.0,-51.0
2025-11-10,TDW,TIDEWATER INC.,,MR Discretion,10.0,-7.0,-17.0
2025-11-10,TDY,TELEDYNE TECHNOLOGIES INC.,Information Technology,Information Technology,55.0,7.0,-48.0
2025-11-10,TECH,BIO-TECHNE ,Health Care,Health Care,74.0,62.0,-12.0
2025-11-10,TECK,TECK RESOURCES LIMITED,,MR Discretion,58.0,12.0,-46.0
2025-11-10,TEL,TE CONNECTIVITY LTD,Information Technology,Information Technology,34.0,10.0,-24.0
2025-11-10,TER,"TERADYNE, INC.",Information Technology,Information Technology,18.0,6.0,-12.0
2025-11-10,TFC,TRUIST FINANCIAL ,Financials,Financials,-36.0,3.0,39.0
2025-11-10,TGT,TARGET ,Consumer Staples,Consumer Staples,-5.0,-11.0,-6.0
2025-11-10,THD,ISHARES:MSCI THAI,,Foreign,-1.0,-32.0,-31.0
2025-11-10,TIP,ISHARES:TIPS BD ETF,Bonds,Bonds,31.0,53.0,22.0
2025-11-10,TJX,"THE TJX COMPANIES, INC.",Consumer Discretionary,Consumer Discretionary,19.0,17.0,-2.0
2025-11-10,TKO,"TKO GROUP HOLDINGS, INC.",Communication Services,Communication Services,-16.0,-0.0,16.0
2025-11-10,TLT,ISHARES:20+ TRS BD ETF,Bonds,Bonds,60.0,44.0,-16.0
2025-11-10,TMO,THERMO FISHER SCIENTIFIC INC.,Health Care,Health Care,-29.0,-14.0,15.0
2025-11-10,TMUS,"T-MOBILE US, INC.",Communication Services,Communication Services,-3.0,25.0,28.0
2025-11-10,TNX,10 Y TSY YLD NDX,Yields,Yields,-66.0,-34.0,32.0
2025-11-10,TPL,TEXAS PACIFIC LAND ,Energy,Energy,-5.0,-27.0,-22.0
2025-11-10,TPR,"TAPESTRY, INC.",Consumer Discretionary,Consumer Discretionary,-29.0,0.0,29.0
2025-11-10,TRGP,TARGA RESOURCES CORP.,Energy,Energy,-65.0,-62.0,3.0
2025-11-10,TRMB,TRIMBLE INC.,Information Technology,Information Technology,31.0,22.0,-9.0
2025-11-10,TROW,"T. ROWE PRICE GROUP, INC.",Financials,Financials,-4.0,-5.0,-1.0
2025-11-10,TRV,"THE TRAVELERS COMPANIES, INC.",Financials,Financials,-60.0,-36.0,24.0
2025-11-10,TS,TENARIS SA,,MR Discretion,-46.0,-43.0,3.0
2025-11-10,TSCO,TRACTOR SUPPLY COMPANY,Consumer Discretionary,Consumer Discretionary,-20.0,17.0,37.0
2025-11-10,TSLA,"TESLA, INC.",Consumer Discretionary,Consumer Discretionary,19.0,-16.0,-35.0
2025-11-10,TSN,"TYSON FOODS, INC.",Consumer Staples,Consumer Staples,-32.0,4.0,36.0
2025-11-10,TT,TRANE TECHNOLOGIES PLC,Industrials,Industrials,-12.0,-1.0,11.0
2025-11-10,TTD,"THE TRADE DESK, INC.",Communication Services,Communication Services,-23.0,-9.0,14.0
2025-11-10,TTWO,"TAKE-TWO INTERACTIVE SOFTWARE, INC.",Communication Services,Communication Services,42.0,14.0,-28.0
2025-11-10,TUR,ISHARES:MSCI TURKEY,,Foreign,-25.0,-47.0,-22.0
2025-11-10,TXN,TEXAS INSTRUMENTS INC.,Information Technology,Information Technology,4.0,-8.0,-12.0
2025-11-10,TXT,TEXTRON INC.,Industrials,Industrials,-29.0,-69.0,-40.0
2025-11-10,TYL,"TYLER TECHNOLOGIES, INC.",Information Technology,Information Technology,49.0,14.0,-35.0
2025-11-10,TYX,30 Y TSY YLD NDX,Yields,Yields,-38.0,-1.0,37.0
2025-11-10,UAL,"UNITED AIRLINES HOLDINGS, INC.",Industrials,Industrials,41.0,23.0,-18.0
2025-11-10,UBER,"UBER TECHNOLOGIES, INC.",Industrials,Industrials,53.0,29.0,-24.0
2025-11-10,UDR,"UDR, INC.",Real Estate,Real Estate,8.0,3.0,-5.0
2025-11-10,UHS,"UNIVERSAL HEALTH SERVICES, INC.",Health Care,Health Care,23.0,3.0,-20.0
2025-11-10,ULTA,"ULTA BEAUTY, INC.",Consumer Discretionary,Consumer Discretionary,69.0,52.0,-17.0
2025-11-10,UNG,UNITED STATES NAT GAS,Energy Complex,Commodities,-60.0,-37.0,23.0
2025-11-10,UNH,UNITEDHEALTH GROUP INC.,Health Care,Health Care,40.0,-42.0,-82.0
2025-11-10,UNP,UNION PACIFIC ,Industrials,Industrials,48.0,-5.0,-53.0
2025-11-10,UPS,"UNITED PARCEL SERVICE, INC.",Industrials,Industrials,-54.0,-55.0,-1.0
2025-11-10,URA,GLBL X URANIUM ETF,,Commodities,74.0,47.0,-27.0
2025-11-10,URI,"UNITED RENTALS, INC.",Industrials,Industrials,-2.0,44.0,46.0
2025-11-10,URNM,SPROTT URANIUM MINERS,,MR Discretion,111.0,71.0,-40.0
2025-11-10,USB,U.S. BANCORP,Financials,Financials,-25.0,-41.0,-16.0
2025-11-10,USO,UNITED STATES OIL FUND,Energy Complex,Commodities,46.0,14.0,-32.0
2025-11-10,UUP,INVESCO DB USD IDX BL,USD,Currencies,9.0,-1.0,-10.0
2025-11-10,V,VISA INC.,Financials,Financials,9.0,40.0,31.0
2025-11-10,VAL,VALARIS LIMITED,,MR Discretion,-37.0,-47.0,-10.0
2025-11-10,VICI,VICI PROPERTIES INC.,Real Estate,Real Estate,-10.0,30.0,40.0
2025-11-10,VIX,CBOE MKT VOLATILITY IDX,,Volatility,27.0,48.0,21.0
2025-11-10,VLO,VALERO ENERGY ,Energy,Energy,29.0,-20.0,-49.0
2025-11-10,VLTO,VERALTO ,Industrials,Industrials,-59.0,-49.0,10.0
2025-11-10,VMC,VULCAN MATERIALS COMPANY,Materials,Materials,66.0,54.0,-12.0
2025-11-10,VNM,VANECK:VIETNAM,,Foreign,10.0,30.0,20.0
2025-11-10,VRSK,"VERISK ANALYTICS, INC.",Industrials,Industrials,20.0,20.0,0.0
2025-11-10,VRSN,"VERISIGN, INC.",Information Technology,Information Technology,57.0,49.0,-8.0
2025-11-10,VRTX,VERTEX PHARMACEUTICALS INC.,Health Care,Health Care,-15.0,-10.0,5.0
2025-11-10,VST,VISTRA CORP.,Utilities,Utilities,33.0,48.0,15.0
2025-11-10,VTR,"VENTAS, INC.",Real Estate,Real Estate,-41.0,-17.0,24.0
2025-11-10,VTRS,VIATRIS INC.,Health Care,Health Care,6.0,18.0,12.0
2025-11-10,VXN,CBOE NASDAQ MKT VOL NDX,,Volatility,33.0,37.0,4.0
2025-11-10,VZ,VERIZON COMMUNICATIONS INC.,Communication Services,Communication Services,-74.0,-32.0,42.0
2025-11-10,WAB,WESTINGHOUSE AIR BRAKE TECHNOLOGIES ,Industrials,Industrials,10.0,-9.0,-19.0
2025-11-10,WAT,WATERS ,Health Care,Health Care,-12.0,-23.0,-11.0
2025-11-10,WBD,"WARNER BROS. DISCOVERY, INC.",Communication Services,Communication Services,106.0,19.0,-87.0
2025-11-10,WDAY,"WORKDAY, INC.",Information Technology,Information Technology,61.0,4.0,-57.0
2025-11-10,WDC,WESTERN DIGITAL ,Information Technology,Information Technology,50.0,33.0,-17.0
2025-11-10,WEAT,TEUCRIUM:WHEAT,,Commodities,9.0,6.0,-3.0
2025-11-10,WEC,"WEC ENERGY GROUP, INC.",Utilities,Utilities,61.0,53.0,-8.0
2025-11-10,WELL,WELLTOWER INC.,Real Estate,Real Estate,-36.0,-18.0,18.0
2025-11-10,WFC,WELLS FARGO & COMPANY,Financials,Financials,-14.0,-9.0,5.0
2025-11-10,WM,"WASTE MANAGEMENT, INC.",Industrials,Industrials,-69.0,-26.0,43.0
2025-11-10,WMB,"THE WILLIAMS COMPANIES, INC.",Energy,Energy,89.0,56.0,-33.0
2025-11-10,WMT,WALMART INC.,Consumer Staples,Consumer Staples,102.0,46.0,-56.0
2025-11-10,WRB,W. R. BERKLEY ,Financials,Financials,-25.0,-7.0,18.0
2025-11-10,WSM,"WILLIAMS-SONOMA, INC.",Consumer Discretionary,Consumer Discretionary,-30.0,-39.0,-9.0
2025-11-10,WST,"WEST PHARMACEUTICAL SERVICES, INC.",Health Care,Health Care,19.0,-1.0,-20.0
2025-11-10,WTW,WILLIS TOWERS WATSON,Financials,Financials,41.0,27.0,-14.0
2025-11-10,WY,WEYERHAEUSER COMPANY,Real Estate,Real Estate,5.0,7.0,2.0
2025-11-10,WYNN,"WYNN RESORTS, LIMITED",Consumer Discretionary,Consumer Discretionary,10.0,-21.0,-31.0
2025-11-10,XEL,XCEL ENERGY INC.,Utilities,Utilities,103.0,52.0,-51.0
2025-11-10,XES,SPDR S&P OIL&GAS E&S,,MR Discretion,-21.0,-48.0,-27.0
2025-11-10,XLB,SEL SECTOR:MATRLS SPDR,,Sector & Style ETFs,-4.0,-20.0,-16.0
2025-11-10,XLC,SEL SECTOR:COMM SVC SPDR,,Sector & Style ETFs,122.0,47.0,-75.0
2025-11-10,XLE,SEL SECTOR:ENERGY SPDR,,Sector & Style ETFs,-3.0,-7.0,-4.0
2025-11-10,XLF,SEL SECTOR:FINL S SPDR,,Sector & Style ETFs,-27.0,-32.0,-5.0
2025-11-10,XLI,SEL SECTOR:INDUST SPDR,,Sector & Style ETFs,22.0,12.0,-10.0
2025-11-10,XLK,SEL SECTOR:TECH SPDR,,Sector & Style ETFs,90.0,34.0,-56.0
2025-11-10,XLP,SEL SECTOR:C STP SPDR,,Sector & Style ETFs,7.0,7.0,0.0
2025-11-10,XLRE,SEL SECTOR:RL EST SPDR,,Sector & Style ETFs,-55.0,-49.0,6.0
2025-11-10,XLU,SEL SECTOR:UTIL SPDR,,Sector & Style ETFs,34.0,53.0,19.0
2025-11-10,XLV,SEL SECTOR:H CARE SPDR,,Sector & Style ETFs,-28.0,-40.0,-12.0
2025-11-10,XLY,SEL SECTOR:C DSC SPDR,,Sector & Style ETFs,13.0,3.0,-10.0
2025-11-10,XOM,EXXON MOBIL ,Energy,Energy,12.0,-26.0,-38.0
2025-11-10,XOP,SPDR S&P OIL&GAS EXP,,MR Discretion,20.0,7.0,-13.0
2025-11-10,XYL,XYLEM INC.,Industrials,Industrials,-8.0,11.0,19.0
2025-11-10,XYZ,"BLOCK, INC.",Financials,Financials,47.0,64.0,17.0
2025-11-10,YUM,"YUM! BRANDS, INC.",Consumer Discretionary,Consumer Discretionary,-36.0,-52.0,-16.0
2025-11-10,ZBH,"ZIMMER BIOMET HOLDINGS, INC.",Health Care,Health Care,-9.0,0.0,9.0
2025-11-10,ZBRA,ZEBRA TECHNOLOGIES ,Information Technology,Information Technology,1.0,18.0,17.0
2025-11-10,ZTS,ZOETIS INC.,Health Care,Health Care,-50.0,0.0,50.0
