Date,Ticker,Ticker_name,Exposure,Category,model_score_mtd_change,current_model_score,previous_model_score
2025-12-15,A,"AGILENT TECHNOLOGIES, INC.",Health Care,Health Care,16.0,11.0,-5.0
2025-12-15,AAPL,APPLE INC.,Information Technology,Information Technology,8.0,14.0,6.0
2025-12-15,ABBV,ABBVIE INC.,Health Care,Health Care,68.0,39.0,-29.0
2025-12-15,ABNB,"AIRBNB, INC.",Consumer Discretionary,Consumer Discretionary,-39.0,-27.0,12.0
2025-12-15,ABT,ABBOTT LABORATORIES,Health Care,Health Care,3.0,-28.0,-31.0
2025-12-15,ACGL,ARCH CAPITAL GROUP LTD.,Financials,Financials,64.0,11.0,-53.0
2025-12-15,ACN,ACCENTURE PUBLIC LIMITED COMPANY,Information Technology,Information Technology,-7.0,-35.0,-28.0
2025-12-15,ADBE,ADOBE INC.,Information Technology,Information Technology,-38.0,-68.0,-30.0
2025-12-15,ADI,"ANALOG DEVICES, INC.",Information Technology,Information Technology,23.0,-20.0,-43.0
2025-12-15,ADM,ARCHER-DANIELS-MIDLAND COMPANY.,Consumer Staples,Consumer Staples,0.0,-32.0,-32.0
2025-12-15,ADP,"AUTOMATIC DATA PROCESSING, INC.",Industrials,Industrials,-71.0,-23.0,48.0
2025-12-15,ADSK,"AUTODESK, INC.",Information Technology,Information Technology,10.0,5.0,-5.0
2025-12-15,AEE,AMEREN ,Utilities,Utilities,-17.0,0.0,17.0
2025-12-15,AEP,"AMERICAN ELECTRIC POWER COMPANY, INC.",Utilities,Utilities,30.0,54.0,24.0
2025-12-15,AES,THE AES ,Utilities,Utilities,34.0,38.0,4.0
2025-12-15,AFL,AFLAC INC.,Financials,Financials,85.0,11.0,-74.0
2025-12-15,AIG,"AMERICAN INTERNATIONAL GROUP, INC.",Financials,Financials,-68.0,-60.0,8.0
2025-12-15,AIZ,"ASSURANT, INC.",Financials,Financials,54.0,-10.0,-64.0
2025-12-15,AJG,ARTHUR J. GALLAGHER & CO.,Financials,Financials,20.0,-10.0,-30.0
2025-12-15,AKAM,"AKAMAI TECHNOLOGIES, INC.",Information Technology,Information Technology,76.0,6.0,-70.0
2025-12-15,ALB,ALBEMARLE ,Materials,Materials,52.0,21.0,-31.0
2025-12-15,ALGN,"ALIGN TECHNOLOGY, INC.",Health Care,Health Care,-61.0,-64.0,-3.0
2025-12-15,ALL,THE ALLSTATE ,Financials,Financials,33.0,-10.0,-43.0
2025-12-15,ALLE,ALLEGION PUBLIC LIMITED COMPANY,Industrials,Industrials,-88.0,-64.0,24.0
2025-12-15,AMAT,"APPLIED MATERIALS, INC.",Information Technology,Information Technology,4.0,-16.0,-20.0
2025-12-15,AMCR,AMCOR PLC,Materials,Materials,68.0,4.0,-64.0
2025-12-15,AMD,"ADVANCED MICRO DEVICES, INC.",Information Technology,Information Technology,-29.0,-2.0,27.0
2025-12-15,AME,"AMETEK, INC.",Industrials,Industrials,30.0,-7.0,-37.0
2025-12-15,AMGN,AMGEN INC.,Health Care,Health Care,77.0,17.0,-60.0
2025-12-15,AMP,"AMERIPRISE FINANCIAL, INC.",Financials,Financials,-39.0,-70.0,-31.0
2025-12-15,AMT,AMERICAN TOWER ,Real Estate,Real Estate,6.0,-20.0,-26.0
2025-12-15,AMZN,"AMAZON.COM, INC.",Consumer Discretionary,Consumer Discretionary,24.0,40.0,16.0
2025-12-15,ANET,"ARISTA NETWORKS, INC.",Information Technology,Information Technology,40.0,40.0,0.0
2025-12-15,AON,AON PLC,Financials,Financials,-1.0,-27.0,-26.0
2025-12-15,AOS,A. O. SMITH ,Industrials,Industrials,-49.0,-54.0,-5.0
2025-12-15,APA,APA ,Energy,Energy,44.0,-58.0,-102.0
2025-12-15,APD,"AIR PRODUCTS AND CHEMICALS, INC.",Materials,Materials,82.0,20.0,-62.0
2025-12-15,APH,AMPHENOL ,Information Technology,Information Technology,20.0,63.0,43.0
2025-12-15,APO,"APOLLO GLOBAL MANAGEMENT, INC.",Financials,Financials,-20.0,-80.0,-60.0
2025-12-15,APP,APPLOVIN CORP,Communication Services,Communication Services,1.0,19.0,18.0
2025-12-15,APTV,APTIV PLC,Consumer Discretionary,Consumer Discretionary,-9.0,30.0,39.0
2025-12-15,ARE,"ALEXANDRIA REAL ESTATE EQUITIES, INC.",Real Estate,Real Estate,-1.0,-1.0,0.0
2025-12-15,ARES,ARES MANAGEMENT CORP,Financials,Financials,-54.0,-81.0,-27.0
2025-12-15,ASC,ARDMORE SHIPPING ,,MR Discretion,25.0,12.0,-13.0
2025-12-15,ATO,ATMOS ENERGY ,Utilities,Utilities,2.0,0.0,-2.0
2025-12-15,AVB,"AVALONBAY COMMUNITIES, INC.",Real Estate,Real Estate,-5.0,-48.0,-43.0
2025-12-15,AVGO,BROADCOM INC.,Information Technology,Information Technology,-44.0,-11.0,33.0
2025-12-15,AVY,AVERY DENNISON ,Materials,Materials,-38.0,-43.0,-5.0
2025-12-15,AWK,"AMERICAN WATER WORKS COMPANY, INC.",Utilities,Utilities,-28.0,-25.0,3.0
2025-12-15,AXON,"AXON ENTERPRISE, INC.",Industrials,Industrials,-3.0,-3.0,-0.0
2025-12-15,AXP,AMERICAN EXPRESS COMPANY,Financials,Financials,-65.0,-37.0,28.0
2025-12-15,AZO,"AUTOZONE, INC.",Consumer Discretionary,Consumer Discretionary,18.0,0.0,-18.0
2025-12-15,BA,THE BOEING COMPANY,Industrials,Industrials,-28.0,-20.0,8.0
2025-12-15,BAC,BANK OF AMERICA ,Financials,Financials,-44.0,-20.0,24.0
2025-12-15,BALL,BALL ,Materials,Materials,-23.0,-80.0,-57.0
2025-12-15,BAX,BAXTER INTERNATIONAL INC.,Health Care,Health Care,-42.0,-7.0,35.0
2025-12-15,BBY,"BEST BUY CO., INC.",Consumer Discretionary,Consumer Discretionary,-10.0,24.0,34.0
2025-12-15,BDX,"BECTON, DICKINSON AND COMPANY",Health Care,Health Care,9.0,7.0,-2.0
2025-12-15,BEN,"FRANKLIN RESOURCES, INC.",Financials,Financials,-11.0,-33.0,-22.0
2025-12-15,BF.B,BROWN-FORMAN ,Consumer Staples,Consumer Staples,-15.0,-37.0,-22.0
2025-12-15,BG,BUNGE LIMITED,Consumer Staples,Consumer Staples,105.0,47.0,-58.0
2025-12-15,BIIB,BIOGEN INC.,Health Care,Health Care,28.0,-2.0,-30.0
2025-12-15,BK,THE BANK OF NEW YORK MELLON ,Financials,Financials,8.0,22.0,14.0
2025-12-15,BKNG,BOOKING HOLDINGS INC.,Consumer Discretionary,Consumer Discretionary,-20.0,-41.0,-21.0
2025-12-15,BKR,BAKER HUGHES COMPANY,Energy,Energy,38.0,8.0,-30.0
2025-12-15,BLDR,"BUILDERS FIRSTSOURCE, INC.",Industrials,Industrials,0.0,-31.0,-31.0
2025-12-15,BLK,"BLACKROCK, INC.",Financials,Financials,-77.0,-37.0,40.0
2025-12-15,BMY,BRISTOL-MYERS SQUIBB COMPANY,Health Care,Health Care,-14.0,-23.0,-9.0
2025-12-15,BR,"BROADRIDGE FINANCIAL SOLUTIONS, INC.",Industrials,Industrials,6.0,-21.0,-27.0
2025-12-15,BRK.B,"BERKSHIRE HATHAWAY INC.,",Financials,Financials,93.0,29.0,-64.0
2025-12-15,BRO,"BROWN & BROWN, INC.",Financials,Financials,-16.0,-19.0,-3.0
2025-12-15,BSX,BOSTON SCIENTIFIC ,Health Care,Health Care,22.0,0.0,-22.0
2025-12-15,BTC=F,BITCOIN FUTURES,,Futures,14.0,14.0,0.0
2025-12-15,BTI,BRITISH AMERICAN TOBACCO P.L.C.,,MR Discretion,50.0,34.0,-16.0
2025-12-15,BTU,PEABODY ENERGY ,,MR Discretion,22.0,16.0,-6.0
2025-12-15,BX,BLACKSTONE INC,Financials,Financials,-48.0,-36.0,12.0
2025-12-15,BXP,"BOSTON PROPERTIES, INC.",Real Estate,Real Estate,2.0,-10.0,-12.0
2025-12-15,C,CITIGROUP INC.,Financials,Financials,-45.0,-23.0,22.0
2025-12-15,CAG,"CONAGRA BRANDS, INC.",Consumer Staples,Consumer Staples,-78.0,-85.0,-7.0
2025-12-15,CAH,"CARDINAL HEALTH, INC.",Health Care,Health Care,72.0,47.0,-25.0
2025-12-15,CALM,"CAL-MAINE FOODS, INC.",,MR Discretion,6.0,20.0,14.0
2025-12-15,CANE,TEUCRIUM:SUGAR,,Commodities,7.0,-2.0,-9.0
2025-12-15,CARR,CARRIER GLOBAL ,Industrials,Industrials,0.0,-5.0,-5.0
2025-12-15,CAT,CATERPILLAR INC.,Industrials,Industrials,8.0,42.0,34.0
2025-12-15,CB,CHUBB LTD,Financials,Financials,10.0,-60.0,-70.0
2025-12-15,CBOE,"CBOE GLOBAL MARKETS, INC.",Financials,Financials,37.0,-33.0,-70.0
2025-12-15,CBRE,"CBRE GROUP, INC.",Real Estate,Real Estate,-36.0,-34.0,2.0
2025-12-15,CCI,CROWN CASTLE INC.,Real Estate,Real Estate,-77.0,-15.0,62.0
2025-12-15,CCJ,CAMECO ,,MR Discretion,-28.0,6.0,34.0
2025-12-15,CCL,CARNIVAL CORP,Consumer Discretionary,Consumer Discretionary,-84.0,-63.0,21.0
2025-12-15,CDNS,"CADENCE DESIGN SYSTEMS, INC.",Information Technology,Information Technology,-30.0,-18.0,12.0
2025-12-15,CDW,CDW ,Information Technology,Information Technology,-56.0,-48.0,8.0
2025-12-15,CEG,CONSTELLATION ENERGY,Utilities,Utilities,-38.0,37.0,75.0
2025-12-15,CF,"CF INDUSTRIES HOLDINGS, INC.",Materials,Materials,-41.0,-13.0,28.0
2025-12-15,CFG,"CITIZENS FINANCIAL GROUP, INC.",Financials,Financials,-9.0,-18.0,-9.0
2025-12-15,CHD,"CHURCH & DWIGHT CO., INC.",Consumer Staples,Consumer Staples,-15.0,-36.0,-21.0
2025-12-15,CHRW,"C.H. ROBINSON WORLDWIDE, INC.",Industrials,Industrials,11.0,11.0,0.0
2025-12-15,CHTR,"CHARTER COMMUNICATIONS, INC.",Communication Services,Communication Services,-94.0,-46.0,48.0
2025-12-15,CI,THE CIGNA GROUP,Health Care,Health Care,14.0,-27.0,-41.0
2025-12-15,CINF,CINCINNATI FINANCIAL ,Financials,Financials,81.0,22.0,-59.0
2025-12-15,CIVI,"CIVITAS RESOURCES, INC.",,MR Discretion,-1.0,-47.0,-46.0
2025-12-15,CL,COLGATE-PALMOLIVE COMPANY,Consumer Staples,Consumer Staples,-7.0,-67.0,-60.0
2025-12-15,CLX,THE CLOROX COMPANY,Consumer Staples,Consumer Staples,-33.0,-22.0,11.0
2025-12-15,CMBT,CMB.TECH NV,,MR Discretion,55.0,35.0,-20.0
2025-12-15,CMCSA,COMCAST ,Communication Services,Communication Services,44.0,1.0,-43.0
2025-12-15,CME,CME GROUP INC.,Financials,Financials,83.0,56.0,-27.0
2025-12-15,CMG,"CHIPOTLE MEXICAN GRILL, INC.",Consumer Discretionary,Consumer Discretionary,-10.0,-36.0,-26.0
2025-12-15,CMI,CUMMINS INC.,Industrials,Industrials,25.0,-12.0,-37.0
2025-12-15,CMRE,COSTAMARE INC.,,MR Discretion,54.0,11.0,-43.0
2025-12-15,CMS,CMS ENERGY ,Utilities,Utilities,55.0,54.0,-1.0
2025-12-15,CNC,CENTENE ,Health Care,Health Care,44.0,-23.0,-67.0
2025-12-15,CNP,"CENTERPOINT ENERGY, INC.",Utilities,Utilities,44.0,48.0,4.0
2025-12-15,CNR,"CORE NATURAL RESOURCES, INC.",,MR Discretion,-39.0,-70.0,-31.0
2025-12-15,COF,CAPITAL ONE FINANCIAL ,Financials,Financials,-28.0,-60.0,-32.0
2025-12-15,COIN,"COINBASE GLOBAL, INC.",Financials,Financials,-44.0,-44.0,0.0
2025-12-15,COMT,ISHARES:GSCI COMM DYN RS,,Commodities,93.0,62.0,-31.0
2025-12-15,COO,"THE COOPER COMPANIES, INC.",Health Care,Health Care,-51.0,-60.0,-9.0
2025-12-15,COP,CONOCOPHILLIPS,Energy,Energy,-33.0,-53.0,-20.0
2025-12-15,COR,"CENCORA, INC.",Health Care,Health Care,46.0,0.0,-46.0
2025-12-15,CORN,TEUCRIUM:CORN,,Commodities,64.0,26.0,-38.0
2025-12-15,COST,COSTCO WHOLESALE ,Consumer Staples,Consumer Staples,-39.0,-25.0,14.0
2025-12-15,CPAY,"FLEETCOR TECHNOLOGIES, INC.",Financials,Financials,0.0,-70.0,-70.0
2025-12-15,CPB,CAMPBELL SOUP COMPANY,Consumer Staples,Consumer Staples,44.0,37.0,-7.0
2025-12-15,CPER,UNITED STATES COPPER IDX,,Commodities,0.0,24.0,24.0
2025-12-15,CPRT,"COPART, INC.",Industrials,Industrials,18.0,-5.0,-23.0
2025-12-15,CPT,CAMDEN PROPERTY TRUST,Real Estate,Real Estate,32.0,9.0,-23.0
2025-12-15,CRESY,CRESUD INC.,,MR Discretion,0.0,12.0,12.0
2025-12-15,CRL,CHARLES RIVER LABORATORIES,Health Care,Health Care,-15.0,-9.0,6.0
2025-12-15,CRM,"SALESFORCE, INC.",Information Technology,Information Technology,-63.0,-57.0,6.0
2025-12-15,CRWD,"CROWDSTRIKE HOLDINGS, INC.",Information Technology,Information Technology,-58.0,19.0,77.0
2025-12-15,CSCO,"CISCO SYSTEMS, INC.",Information Technology,Information Technology,-1.0,34.0,35.0
2025-12-15,CSGP,"COSTAR GROUP, INC.",Real Estate,Real Estate,-25.0,-13.0,12.0
2025-12-15,CSX,CSX ,Industrials,Industrials,-45.0,-33.0,12.0
2025-12-15,CTAS,CINTAS ,Industrials,Industrials,37.0,3.0,-34.0
2025-12-15,CTRA,COTERRA ENERGY INC.,Energy,Energy,80.0,-1.0,-81.0
2025-12-15,CTSH,COGNIZANT TECHNOLOGY SOLUTIONS ,Information Technology,Information Technology,7.0,-43.0,-50.0
2025-12-15,CTVA,"CORTEVA, INC.",Materials,Materials,36.0,22.0,-14.0
2025-12-15,CVS,CVS HEALTH ,Health Care,Health Care,-40.0,-15.0,25.0
2025-12-15,CVX,CHEVRON ,Energy,Energy,-24.0,8.0,32.0
2025-12-15,D,"DOMINION ENERGY, INC.",Utilities,Utilities,-3.0,26.0,29.0
2025-12-15,DAL,"DELTA AIR LINES, INC.",Industrials,Industrials,-2.0,-26.0,-24.0
2025-12-15,DASH,"DOORDASH, INC.",Consumer Discretionary,Consumer Discretionary,-57.0,-57.0,0.0
2025-12-15,DAY,CERIDIAN HCM HOLDING INC.,Industrials,Industrials,-16.0,-27.0,-11.0
2025-12-15,DBA,INVESCO DB MS AGRI,,Commodities,8.0,-5.0,-13.0
2025-12-15,DBB,INVESCO DB MS BMTL,,Commodities,23.0,29.0,6.0
2025-12-15,DBC,INVESCO DB CM IDX,,Commodities,64.0,44.0,-20.0
2025-12-15,DD,"DUPONT DE NEMOURS, INC.",Materials,Materials,6.0,6.0,0.0
2025-12-15,DDOG,"DATADOG, INC.",Information Technology,Information Technology,0.0,3.0,3.0
2025-12-15,DE,DEERE & COMPANY,Industrials,Industrials,-35.0,-27.0,8.0
2025-12-15,DECK,DECKERS OUTDOOR ,Consumer Discretionary,Consumer Discretionary,36.0,-26.0,-62.0
2025-12-15,DELL,DELL TECHNOLOGIES INC.,Information Technology,Information Technology,-19.0,11.0,30.0
2025-12-15,DG,DOLLAR GENERAL ,Consumer Staples,Consumer Staples,-31.0,-15.0,16.0
2025-12-15,DGX,QUEST DIAGNOSTICS INC.,Health Care,Health Care,47.0,6.0,-41.0
2025-12-15,DHI,"D.R. HORTON, INC.",Consumer Discretionary,Consumer Discretionary,-10.0,-41.0,-31.0
2025-12-15,DHR,DANAHER ,Health Care,Health Care,9.0,17.0,8.0
2025-12-15,DHT,"DHT HOLDINGS, INC.",,MR Discretion,-32.0,-33.0,-1.0
2025-12-15,DIA,SPDR DOW JONES INDUS AVG,,Sector & Style ETFs,-18.0,-46.0,-28.0
2025-12-15,DIS,THE WALT DISNEY COMPANY,Communication Services,Communication Services,-92.0,-28.0,64.0
2025-12-15,DJI,DOW JONES INDUSTRIAL AVERAGE INDEX,,Indices,-26.0,-44.0,-18.0
2025-12-15,DLR,"DIGITAL REALTY TRUST, INC.",Real Estate,Real Estate,16.0,29.0,13.0
2025-12-15,DLTR,"DOLLAR TREE, INC.",Consumer Staples,Consumer Staples,-24.0,-23.0,1.0
2025-12-15,DOC,"HEALTHDOC PROPERTIES, INC.",Real Estate,Real Estate,-8.0,-24.0,-16.0
2025-12-15,DOV,DOVER ,Industrials,Industrials,-26.0,-36.0,-10.0
2025-12-15,DOW,DOW INC.,Materials,Materials,-64.0,-93.0,-29.0
2025-12-15,DPZ,"DOMINO'S PIZZA, INC.",Consumer Discretionary,Consumer Discretionary,-23.0,-35.0,-12.0
2025-12-15,DRI,"DARDEN RESTAURANTS, INC.",Consumer Discretionary,Consumer Discretionary,-22.0,-2.0,20.0
2025-12-15,DTE,DTE ENERGY COMPANY,Utilities,Utilities,-19.0,24.0,43.0
2025-12-15,DUK,DUKE ENERGY ,Utilities,Utilities,5.0,0.0,-5.0
2025-12-15,DVA,DAVITA INC.,Health Care,Health Care,48.0,-5.0,-53.0
2025-12-15,DVN,DEVON ENERGY ,Energy,Energy,38.0,-15.0,-53.0
2025-12-15,DXCM,"DEXCOM, INC.",Health Care,Health Care,-66.0,-27.0,39.0
2025-12-15,EA,ELECTRONIC ARTS INC.,Communication Services,Communication Services,-8.0,4.0,12.0
2025-12-15,EBAY,EBAY INC.,Consumer Discretionary,Consumer Discretionary,7.0,34.0,27.0
2025-12-15,EC,ECOPETROL SA,,MR Discretion,86.0,28.0,-58.0
2025-12-15,ECH,ISHARES:MSCI CHILE,,Foreign,19.0,9.0,-10.0
2025-12-15,ECL,ECOLAB INC.,Materials,Materials,32.0,6.0,-26.0
2025-12-15,ED,"CONSOLIDATED EDISON, INC.",Utilities,Utilities,4.0,11.0,7.0
2025-12-15,EDEN,ISHARES:MSCI DENMARK,,Foreign,-4.0,-48.0,-44.0
2025-12-15,EDV,VANGUARD EXT DUR T;ETF,Bonds,Bonds,-41.0,7.0,48.0
2025-12-15,EFNL,ISHARES:MSCI FINLAND,,Foreign,-21.0,11.0,32.0
2025-12-15,EFX,EQUIFAX INC.,Industrials,Industrials,-66.0,-54.0,12.0
2025-12-15,EG,"EVEREST GROUP, LTD.",Financials,Financials,-62.0,-46.0,16.0
2025-12-15,EIDO,ISHARES:MSCI INDONESIA,,Foreign,-21.0,-41.0,-20.0
2025-12-15,EIRL,ISHARES:MSCI IRELAND,,Foreign,16.0,2.0,-14.0
2025-12-15,EIS,ISHARES:MSCI ISRAEL,,Foreign,24.0,59.0,35.0
2025-12-15,EIX,EDISON INTERNATIONAL,Utilities,Utilities,32.0,-13.0,-45.0
2025-12-15,EL,THE ESTEE LAUDER COMPANIES INC.,Consumer Staples,Consumer Staples,-76.0,-17.0,59.0
2025-12-15,ELV,"ELEVANCE HEALTH, INC.",Health Care,Health Care,-56.0,-33.0,23.0
2025-12-15,EME,"EMCOR GROUP, INC.",Industrials,Industrials,9.0,26.0,17.0
2025-12-15,EMN,EASTMAN CHEMICAL COMPANY,Materials,Materials,-24.0,-57.0,-33.0
2025-12-15,EMR,EMERSON ELECTRIC CO.,Industrials,Industrials,-32.0,-24.0,8.0
2025-12-15,ENZL,ISHARES:MSCI NEW ZLND,,Foreign,-51.0,-31.0,20.0
2025-12-15,EOG,"EOG RESOURCES, INC.",Energy,Energy,47.0,35.0,-12.0
2025-12-15,EPAM,"EPAM SYSTEMS, INC.",Information Technology,Information Technology,-14.0,-37.0,-23.0
2025-12-15,EPHE,ISHARES:MSCI PHILIPPINES,,Foreign,-7.0,-55.0,-48.0
2025-12-15,EPOL,ISHARES:MSCI POLAND,,Foreign,-66.0,-19.0,47.0
2025-12-15,EPU,ISHARES:MSCI PERU,,Foreign,-36.0,-1.0,35.0
2025-12-15,EQIX,"EQUINIX, INC.",Real Estate,Real Estate,-4.0,-21.0,-17.0
2025-12-15,EQR,EQUITY RESIDENTIAL,Real Estate,Real Estate,26.0,-24.0,-50.0
2025-12-15,EQT,EQT ,Energy,Energy,52.0,16.0,-36.0
2025-12-15,ERIE,ERIE INDEMNITY COMPANY,Financials,Financials,1.0,-31.0,-32.0
2025-12-15,ES,EVERSOURCE ENERGY,Utilities,Utilities,19.0,19.0,0.0
2025-12-15,ES=F,E-MINI S&P 500 FUTURES,,Futures,-21.0,-5.0,16.0
2025-12-15,ESS,"ESSEX PROPERTY TRUST, INC.",Real Estate,Real Estate,22.0,-48.0,-70.0
2025-12-15,ETN,EATON  PUBLIC LIMITED COMPANY,Industrials,Industrials,-10.0,11.0,21.0
2025-12-15,ETR,ENTERGY ,Utilities,Utilities,-24.0,0.0,24.0
2025-12-15,EVRG,"EVERGY, INC.",Utilities,Utilities,-50.0,0.0,50.0
2025-12-15,EW,EDWARDS LIFESCIENCES ,Health Care,Health Care,61.0,44.0,-17.0
2025-12-15,EWA,ISHARES:MSCI AUSTRALIA,,Foreign,-68.0,-50.0,18.0
2025-12-15,EWC,ISHARES:MSCI CANADA,,Foreign,-39.0,-20.0,19.0
2025-12-15,EWD,ISHARES:MSCI SWEDEN,,Foreign,-35.0,-20.0,15.0
2025-12-15,EWG,ISHARES:MSCI GERMANY,,Foreign,-45.0,-37.0,8.0
2025-12-15,EWH,ISHARES:MSCI HONG KONG,,Foreign,13.0,27.0,14.0
2025-12-15,EWI,ISHARES:MSCI ITALY,,Foreign,-54.0,-10.0,44.0
2025-12-15,EWJ,ISHARES:MSCI JAPAN,,Foreign,-10.0,-3.0,7.0
2025-12-15,EWK,ISHARES:MSCI BELGIUM,,Foreign,6.0,36.0,30.0
2025-12-15,EWL,ISHARES:MSCI SWITZERLAND,,Foreign,-3.0,-10.0,-7.0
2025-12-15,EWM,ISHARES:MSCI MALAYSIA,,Foreign,1.0,-13.0,-14.0
2025-12-15,EWN,ISHARES:MSCI NETHERLANDS,,Foreign,-19.0,35.0,54.0
2025-12-15,EWO,ISHARES:MSCI AUSTRIA,,Foreign,-17.0,-12.0,5.0
2025-12-15,EWP,ISHARES:MSCI SPAIN,,Foreign,-51.0,-9.0,42.0
2025-12-15,EWQ,ISHARES:MSCI FRANCE,,Foreign,-75.0,-20.0,55.0
2025-12-15,EWS,ISHARES:MSCI SINGAPORE,,Foreign,-44.0,31.0,75.0
2025-12-15,EWT,ISHARES:MSCI TAIWAN,,Foreign,-12.0,24.0,36.0
2025-12-15,EWU,ISHARES:MSCI UK,,Foreign,13.0,15.0,2.0
2025-12-15,EWW,ISHARES:MSCI MEXICO,,Foreign,-55.0,-30.0,25.0
2025-12-15,EWY,ISHARES:MSCI S KOREA,,Foreign,0.0,52.0,52.0
2025-12-15,EWZ,ISHARES:MSCI BRAZIL,,Foreign,61.0,7.0,-54.0
2025-12-15,EXC,EXELON ,Utilities,Utilities,-38.0,0.0,38.0
2025-12-15,EXE,EXPAND ENERGY ,Energy,Energy,73.0,3.0,-70.0
2025-12-15,EXPD,EXPEDITORS INTERNATIONAL OF WASHINGTON,Industrials,Industrials,20.0,-31.0,-51.0
2025-12-15,EXPE,"EXPEDIA GROUP, INC.",Consumer Discretionary,Consumer Discretionary,-40.0,-46.0,-6.0
2025-12-15,EXR,EXTRA SPACE STORAGE INC.,Real Estate,Real Estate,-25.0,-3.0,22.0
2025-12-15,F,FORD MOTOR COMPANY,Consumer Discretionary,Consumer Discretionary,33.0,33.0,0.0
2025-12-15,FANG,"DIAMONDBACK ENERGY, INC.",Energy,Energy,44.0,-20.0,-64.0
2025-12-15,FAST,FASTENAL COMPANY,Industrials,Industrials,-74.0,-57.0,17.0
2025-12-15,FCX,FREEPORT-MCMORAN INC.,Materials,Materials,18.0,-26.0,-44.0
2025-12-15,FDS,FACTSET RESEARCH SYSTEMS INC.,Financials,Financials,0.0,-53.0,-53.0
2025-12-15,FDX,FEDEX ,Industrials,Industrials,15.0,-20.0,-35.0
2025-12-15,FE,FIRSTENERGY CORP.,Utilities,Utilities,25.0,37.0,12.0
2025-12-15,FFIV,"F5, INC.",Information Technology,Information Technology,-99.0,-43.0,56.0
2025-12-15,FICO,FAIR ISAAC ,Information Technology,Information Technology,54.0,-5.0,-59.0
2025-12-15,FIS,FIDELITY NATIONAL INFORMATION SERVICES,Financials,Financials,24.0,-3.0,-27.0
2025-12-15,FISV,"FISERV, INC.",Financials,Financials,-23.0,-26.0,-3.0
2025-12-15,FITB,FIFTH THIRD BANCORP,Financials,Financials,-29.0,-43.0,-14.0
2025-12-15,FOXA,FOX ,Communication Services,Communication Services,47.0,10.0,-37.0
2025-12-15,FRO,FRONTLINE PLC,,MR Discretion,-69.0,-33.0,36.0
2025-12-15,FRT,FEDERAL REALTY INVESTMENT TRUST,Real Estate,Real Estate,17.0,-7.0,-24.0
2025-12-15,FSLR,"FIRST SOLAR, INC.",Information Technology,Information Technology,77.0,70.0,-7.0
2025-12-15,FTI,TECHNIPFMC PLC,,MR Discretion,52.0,-5.0,-57.0
2025-12-15,FTNT,"FORTINET, INC.",Information Technology,Information Technology,-13.0,-5.0,8.0
2025-12-15,FTV,FORTIVE ,Industrials,Industrials,-2.0,-56.0,-54.0
2025-12-15,FVX,5 YR TSY YLD NDX,Yields,Yields,-9.0,-18.0,-9.0
2025-12-15,FXA,INVESCO:AU DOLLAR,,Currencies,-6.0,-46.0,-40.0
2025-12-15,FXB,INVESCO:GBP STERLING,,Currencies,-56.0,-36.0,20.0
2025-12-15,FXC,INVESCO:CANADIAN DOLLAR,,Currencies,0.0,-24.0,-24.0
2025-12-15,FXE,INVESCO:EURO,,Currencies,-37.0,-1.0,36.0
2025-12-15,FXY,INVESCO:JAPANESE YEN,,Currencies,-17.0,-3.0,14.0
2025-12-15,GD,GENERAL DYNAMICS ,Industrials,Industrials,-14.0,40.0,54.0
2025-12-15,GDDY,GODADDY INC.,Information Technology,Information Technology,-3.0,-34.0,-31.0
2025-12-15,GDX,VANECK:GOLD MINERS,,Commodities,26.0,42.0,16.0
2025-12-15,GDXJ,VANECK:JR GOLD MINERS,,Commodities,17.0,33.0,16.0
2025-12-15,GE,GENERAL ELECTRIC COMPANY,Industrials,Industrials,-78.0,-13.0,65.0
2025-12-15,GEHC,GE HEALTHCARE TECHNOLOGIES INC.,Health Care,Health Care,-11.0,-35.0,-24.0
2025-12-15,GEN,GEN DIGITAL INC.,Information Technology,Information Technology,-56.0,-36.0,20.0
2025-12-15,GEOS,GEOSPACE TECHNOLOGIES ,,MR Discretion,55.0,55.0,-0.0
2025-12-15,GEV,GE VERNOVA INC.,Industrials,Industrials,0.0,-21.0,-21.0
2025-12-15,GGB,GERDAU SA,,MR Discretion,-27.0,-54.0,-27.0
2025-12-15,GILD,"GILEAD SCIENCES, INC.",Health Care,Health Care,22.0,23.0,1.0
2025-12-15,GIS,"GENERAL MILLS, INC.",Consumer Staples,Consumer Staples,-34.0,-52.0,-18.0
2025-12-15,GL,GLOBE LIFE INC.,Financials,Financials,-23.0,-43.0,-20.0
2025-12-15,GLATF,GLOBAL ATOMIC ,,MR Discretion,-14.0,-37.0,-23.0
2025-12-15,GLD,SPDR GOLD,Gold,Commodities,-16.0,26.0,42.0
2025-12-15,GLW,CORNING INC.,Information Technology,Information Technology,-19.0,18.0,37.0
2025-12-15,GM,GENERAL MOTORS COMPANY,Consumer Discretionary,Consumer Discretionary,-4.0,-17.0,-13.0
2025-12-15,GNK,GENCO SHIPPING & TRADING LIMITED,,MR Discretion,11.0,-13.0,-24.0
2025-12-15,GNRC,GENERAC HOLDINGS INC.,Industrials,Industrials,-107.0,-62.0,45.0
2025-12-15,GOOGL,ALPHABET INC.,Communication Services,Communication Services,-57.0,-32.0,25.0
2025-12-15,GPC,GENUINE PARTS COMPANY,Consumer Discretionary,Consumer Discretionary,-36.0,-23.0,13.0
2025-12-15,GPN,GLOBAL PAYMENTS INC.,Financials,Financials,-38.0,-9.0,29.0
2025-12-15,GREK,GLBL X MSCI GREECE,,Foreign,0.0,30.0,30.0
2025-12-15,GRMN,GARMIN LTD,Consumer Discretionary,Consumer Discretionary,-69.0,-45.0,24.0
2025-12-15,GS,"THE GOLDMAN SACHS GROUP, INC.",Financials,Financials,-53.0,-24.0,29.0
2025-12-15,GWW,"W.W. GRAINGER, INC.",Industrials,Industrials,-32.0,-71.0,-39.0
2025-12-15,HAL,HALLIBURTON COMPANY,Energy,Energy,19.0,-3.0,-22.0
2025-12-15,HAS,"HASBRO, INC.",Consumer Discretionary,Consumer Discretionary,37.0,43.0,6.0
2025-12-15,HBAN,HUNTINGTON BANCSHARES INC.,Financials,Financials,-17.0,-35.0,-18.0
2025-12-15,HCA,"HCA HEALTHCARE, INC.",Health Care,Health Care,13.0,22.0,9.0
2025-12-15,HD,"THE HOME DEPOT, INC.",Consumer Discretionary,Consumer Discretionary,-22.0,-22.0,0.0
2025-12-15,HIG,THE HARTFORD FINANCIAL SERVICES GROUP,Financials,Financials,33.0,-10.0,-43.0
2025-12-15,HII,"HUNTINGTON INGALLS INDUSTRIES, INC.",Industrials,Industrials,-34.0,-27.0,7.0
2025-12-15,HLT,HILTON WORLDWIDE HOLDINGS INC.,Consumer Discretionary,Consumer Discretionary,21.0,-36.0,-57.0
2025-12-15,HLX,"HELIX ENERGY SOLUTIONS GROUP, INC.",,MR Discretion,6.0,-20.0,-26.0
2025-12-15,HOLX,"HOLOGIC, INC.",Health Care,Health Care,-21.0,-48.0,-27.0
2025-12-15,HON,HONEYWELL INTERNATIONAL INC.,Industrials,Industrials,2.0,-20.0,-22.0
2025-12-15,HOOD,"ROBINHOOD MARKETS, INC.",Financials,Financials,0.0,0.0,0.0
2025-12-15,HPE,HEWLETT PACKARD ENTERPRISE COMPANY,Information Technology,Information Technology,-100.0,-37.0,63.0
2025-12-15,HPQ,HP INC.,Information Technology,Information Technology,0.0,-22.0,-22.0
2025-12-15,HRL,HORMEL FOODS ,Consumer Staples,Consumer Staples,-52.0,-45.0,7.0
2025-12-15,HSIC,"HENRY SCHEIN, INC.",Health Care,Health Care,31.0,-20.0,-51.0
2025-12-15,HST,"HOST HOTELS & RESORTS, INC.",Real Estate,Real Estate,98.0,-2.0,-100.0
2025-12-15,HSY,THE HERSHEY COMPANY,Consumer Staples,Consumer Staples,27.0,-17.0,-44.0
2025-12-15,HUBB,HUBBELL INC.,Industrials,Industrials,-75.0,-24.0,51.0
2025-12-15,HUM,HUMANA INC.,Health Care,Health Care,11.0,-7.0,-18.0
2025-12-15,HWM,HOWMET AEROSPACE INC.,Industrials,Industrials,-79.0,0.0,79.0
2025-12-15,HYD,VANECK:HIGH YIELD MUNI,,Bonds,-9.0,20.0,29.0
2025-12-15,HYG,ISHARES:IBOXX $HY CORP,Bonds,Bonds,0.0,-10.0,-10.0
2025-12-15,IBKR,"INTERACTIVE BROKERS GROUP, INC.",Financials,Financials,-16.0,47.0,63.0
2025-12-15,IBM,INTERNATIONAL BUSINESS MACHINES ,Information Technology,Information Technology,-36.0,-14.0,22.0
2025-12-15,ICE,"INTERCONTINENTAL EXCHANGE, INC.",Financials,Financials,10.0,-40.0,-50.0
2025-12-15,ICL,ICL GROUP LTD,,MR Discretion,60.0,60.0,0.0
2025-12-15,IDXX,"IDEXX LABORATORIES, INC.",Health Care,Health Care,-19.0,-25.0,-6.0
2025-12-15,IEF,ISHARES:7-10 TRS BD ETF,Bonds,Bonds,36.0,51.0,15.0
2025-12-15,IEX,IDEX ,Industrials,Industrials,9.0,-19.0,-28.0
2025-12-15,IFF,INTERNATIONAL FLAVORS & FRAGRANCES INC.,Materials,Materials,28.0,-32.0,-60.0
2025-12-15,INCY,INCYTE ,Health Care,Health Care,102.0,77.0,-25.0
2025-12-15,INDA,ISHARES:MSCI INDIA,,Foreign,-18.0,11.0,29.0
2025-12-15,INTC,INTEL ,Information Technology,Information Technology,4.0,2.0,-2.0
2025-12-15,INTU,INTUIT INC.,Information Technology,Information Technology,-98.0,-60.0,38.0
2025-12-15,INVH,INVITATION HOMES INC.,Real Estate,Real Estate,5.0,-5.0,-10.0
2025-12-15,IP,INTERNATIONAL PAPER COMPANY,Materials,Materials,-26.0,-41.0,-15.0
2025-12-15,IQV,IQVIA HOLDINGS INC,Health Care,Health Care,18.0,30.0,12.0
2025-12-15,IR,INGERSOLL RAND INC.,Industrials,Industrials,-32.0,-60.0,-28.0
2025-12-15,IRM,IRON MOUNTAIN INC.,Real Estate,Real Estate,-22.0,-22.0,0.0
2025-12-15,ISRG,"INTUITIVE SURGICAL, INC.",Health Care,Health Care,19.0,-5.0,-24.0
2025-12-15,IT,"GARTNER, INC.",Information Technology,Information Technology,8.0,-50.0,-58.0
2025-12-15,ITW,ILLINOIS TOOL WORKS INC.,Industrials,Industrials,-24.0,-81.0,-57.0
2025-12-15,IVZ,INVESCO LTD.,Financials,Financials,0.0,25.0,25.0
2025-12-15,IWD,ISHARES:RUSS 1000 VL ETF,,Sector & Style ETFs,-17.0,-16.0,1.0
2025-12-15,IWF,ISHARES:RUSS 1000 GR ETF,,Sector & Style ETFs,-11.0,36.0,47.0
2025-12-15,IWM,ISHARES:RUSS 2000 ETF,,Sector & Style ETFs,-57.0,-51.0,6.0
2025-12-15,J,JACOBS SOLUTIONS INC.,Industrials,Industrials,33.0,33.0,0.0
2025-12-15,JBHT,"J. B. HUNT TRANSPORT SERVICES, INC.",Industrials,Industrials,11.0,-35.0,-46.0
2025-12-15,JBL,JABIL INC.,Information Technology,Information Technology,-102.0,-27.0,75.0
2025-12-15,JCI,JOHNSON CONTROLS INTERNATIONAL PLC,Industrials,Industrials,70.0,54.0,-16.0
2025-12-15,JKHY,"JACK HENRY & ASSOCIATES, INC.",Financials,Financials,17.0,-53.0,-70.0
2025-12-15,JNJ,JOHNSON & JOHNSON,Health Care,Health Care,35.0,-2.0,-37.0
2025-12-15,JNK,SPDR BBG HIGH YIELD BD,,Bonds,0.0,-27.0,-27.0
2025-12-15,JPM,JPMORGAN CHASE & CO.,Financials,Financials,-36.0,-1.0,35.0
2025-12-15,KDP,KEURIG DR PEPPER INC.,Consumer Staples,Consumer Staples,-69.0,-53.0,16.0
2025-12-15,KEY,KEYCORP,Financials,Financials,-40.0,-60.0,-20.0
2025-12-15,KEYS,"KEYSIGHT TECHNOLOGIES, INC.",Information Technology,Information Technology,-8.0,-20.0,-12.0
2025-12-15,KHC,THE KRAFT HEINZ COMPANY,Consumer Staples,Consumer Staples,-3.0,-10.0,-7.0
2025-12-15,KIM,KIMCO REALTY .,Real Estate,Real Estate,-55.0,-10.0,45.0
2025-12-15,KKR,KKR & CO. INC.,Financials,Financials,-65.0,-79.0,-14.0
2025-12-15,KLAC,KLA ,Information Technology,Information Technology,-7.0,37.0,44.0
2025-12-15,KMB,KIMBERLY-CLARK ,Consumer Staples,Consumer Staples,-32.0,-5.0,27.0
2025-12-15,KMI,"KINDER MORGAN, INC.",Energy,Energy,39.0,21.0,-18.0
2025-12-15,KMX,"CARMAX, INC.",Consumer Discretionary,Consumer Discretionary,-28.0,-43.0,-15.0
2025-12-15,KO,THE COCA-COLA COMPANY,Consumer Staples,Consumer Staples,13.0,5.0,-8.0
2025-12-15,KR,THE KROGER CO.,Consumer Staples,Consumer Staples,-20.0,0.0,20.0
2025-12-15,KVUE,KENVUE INC.,Consumer Staples,Consumer Staples,24.0,-46.0,-70.0
2025-12-15,L,LOEWS ,Financials,Financials,67.0,30.0,-37.0
2025-12-15,LDOS,"LEIDOS HOLDINGS, INC.",Industrials,Industrials,6.0,38.0,32.0
2025-12-15,LEN,LENNAR ,Consumer Discretionary,Consumer Discretionary,19.0,-22.0,-41.0
2025-12-15,LH,LABORATORY  OF AMERICA HOLDINGS,Health Care,Health Care,40.0,14.0,-26.0
2025-12-15,LHX,"L3HARRIS TECHNOLOGIES, INC.",Industrials,Industrials,-20.0,34.0,54.0
2025-12-15,LII,LENNOX INTERNATIONAL INC.,Industrials,Industrials,-38.0,-52.0,-14.0
2025-12-15,LIN,LINDE PUBLIC LIMITED COMPANY,Materials,Materials,-50.0,-44.0,6.0
2025-12-15,LKQ,LKQ ,Consumer Discretionary,Consumer Discretionary,-25.0,-38.0,-13.0
2025-12-15,LLY,ELI LILLY AND COMPANY,Health Care,Health Care,15.0,-5.0,-20.0
2025-12-15,LMT,LOCKHEED MARTIN ,Industrials,Industrials,-109.0,-53.0,56.0
2025-12-15,LNT,ALLIANT ENERGY ,Utilities,Utilities,56.0,54.0,-2.0
2025-12-15,LOW,"LOWE'S COMPANIES, INC.",Consumer Discretionary,Consumer Discretionary,-55.0,-65.0,-10.0
2025-12-15,LQD,ISHARES:IBOXX $IG CORP,Bonds,Bonds,-25.0,5.0,30.0
2025-12-15,LRCX,LAM RESEARCH ,Information Technology,Information Technology,-28.0,33.0,61.0
2025-12-15,LULU,LULULEMON ATHLETICA INC.,Consumer Discretionary,Consumer Discretionary,-20.0,-27.0,-7.0
2025-12-15,LUV,SOUTHWEST AIRLINES CO.,Industrials,Industrials,8.0,-37.0,-45.0
2025-12-15,LVS,LAS VEGAS SANDS CORP.,Consumer Discretionary,Consumer Discretionary,88.0,45.0,-43.0
2025-12-15,LW,"LAMB WESTON HOLDINGS, INC.",Consumer Staples,Consumer Staples,-43.0,-30.0,13.0
2025-12-15,LYB,LYONDELLBASELL INDUSTRIES NV,Materials,Materials,-62.0,-64.0,-2.0
2025-12-15,LYV,"LIVE NATION ENTERTAINMENT, INC.",Communication Services,Communication Services,-48.0,-48.0,0.0
2025-12-15,MA,MASTERCARD INC..,Financials,Financials,-50.0,-47.0,3.0
2025-12-15,MAA,"MID-AMERICA APARTMENT COMMUNITIES, INC.",Real Estate,Real Estate,38.0,-12.0,-50.0
2025-12-15,MAR,"MARRIOTT INTERNATIONAL, INC.",Consumer Discretionary,Consumer Discretionary,28.0,-32.0,-60.0
2025-12-15,MAS,MASCO ,Industrials,Industrials,-52.0,-57.0,-5.0
2025-12-15,MCD,MCDONALD'S ,Consumer Discretionary,Consumer Discretionary,-17.0,-50.0,-33.0
2025-12-15,MCHI,ISHARES:MSCI CHINA,,Foreign,38.0,23.0,-15.0
2025-12-15,MCHP,MICROCHIP TECHNOLOGY INC.,Information Technology,Information Technology,-28.0,-27.0,1.0
2025-12-15,MCK,MCKESSON ,Health Care,Health Care,8.0,31.0,23.0
2025-12-15,MCO,MOODY'S ,Financials,Financials,-27.0,-37.0,-10.0
2025-12-15,MDLZ,"MONDELEZ INTERNATIONAL, INC.",Consumer Staples,Consumer Staples,-20.0,-38.0,-18.0
2025-12-15,MDT,MEDTRONIC PUBLIC LIMITED COMPANY,Health Care,Health Care,17.0,-6.0,-23.0
2025-12-15,MDY,SPDR S&P MIDCAP 400 ETF,,Sector & Style ETFs,-21.0,-57.0,-36.0
2025-12-15,MET,"METLIFE, INC.",Financials,Financials,-94.0,-50.0,44.0
2025-12-15,META,"META PLATFORMS, INC.",Communication Services,Communication Services,-64.0,-57.0,7.0
2025-12-15,MGM,MGM RESORTS INTERNATIONAL,Consumer Discretionary,Consumer Discretionary,16.0,-27.0,-43.0
2025-12-15,MHK,"MOHAWK INDUSTRIES, INC.",Consumer Discretionary,Consumer Discretionary,-43.0,-31.0,12.0
2025-12-15,MKC,"MCCORMICK & COMPANY, INC.",Consumer Staples,Consumer Staples,37.0,-14.0,-51.0
2025-12-15,MLM,"MARTIN MARIETTA MATERIALS, INC.",Materials,Materials,-32.0,-37.0,-5.0
2025-12-15,MMC,"MARSH & MCLENNAN COMPANIES, INC.",Financials,Financials,-1.0,-36.0,-35.0
2025-12-15,MMM,3M COMPANY,Industrials,Industrials,-13.0,40.0,53.0
2025-12-15,MNST,MONSTER BEVERAGE ,Consumer Staples,Consumer Staples,23.0,-8.0,-31.0
2025-12-15,MO,"ALTRIA GROUP, INC.",Consumer Staples,Consumer Staples,33.0,38.0,5.0
2025-12-15,MOH,"MOLINA HEALTHCARE, INC.",Health Care,Health Care,6.0,-9.0,-15.0
2025-12-15,MOS,THE MOSAIC COMPANY,Materials,Materials,-96.0,-32.0,64.0
2025-12-15,MP,MP MATERIALS CORP,,MR Discretion,-30.0,-17.0,13.0
2025-12-15,MPC,MARATHON PETROLEUM ,Energy,Energy,14.0,17.0,3.0
2025-12-15,MPWR,"MONOLITHIC POWER SYSTEMS, INC.",Information Technology,Information Technology,4.0,34.0,30.0
2025-12-15,MRK,"MERCK & CO., INC.",Health Care,Health Care,7.0,-10.0,-17.0
2025-12-15,MRNA,"MODERNA, INC.",Health Care,Health Care,-15.0,-9.0,6.0
2025-12-15,MS,MORGAN STANLEY,Financials,Financials,-18.0,6.0,24.0
2025-12-15,MSCI,MSCI INC.,Financials,Financials,-69.0,-33.0,36.0
2025-12-15,MSFT,MICROSOFT ,Information Technology,Information Technology,21.0,21.0,0.0
2025-12-15,MSI,"MOTOROLA SOLUTIONS, INC.",Information Technology,Information Technology,10.0,6.0,-4.0
2025-12-15,MTB,M&T BANK ,Financials,Financials,-30.0,-44.0,-14.0
2025-12-15,MTCH,"MATCH GROUP, INC.",Communication Services,Communication Services,27.0,4.0,-23.0
2025-12-15,MTD,METTLER-TOLEDO INTERNATIONAL INC.,Health Care,Health Care,23.0,35.0,12.0
2025-12-15,MTUM,ISHARES:MSCI USA MOM FCT,,Sector & Style ETFs,-36.0,-1.0,35.0
2025-12-15,MU,"MICRON TECHNOLOGY, INC.",Information Technology,Information Technology,-8.0,27.0,35.0
2025-12-15,MUB,ISHARES:NATL MUNI BOND,,Bonds,2.0,-1.0,-3.0
2025-12-15,NCLH,NORWEGIAN CRUISE LINE HOLDINGS LTD.,Consumer Discretionary,Consumer Discretionary,-44.0,-26.0,18.0
2025-12-15,NDAQ,"NASDAQ, INC.",Financials,Financials,-22.0,-24.0,-2.0
2025-12-15,NDSN,NORDSON ,Industrials,Industrials,-9.0,-12.0,-3.0
2025-12-15,NDX,NASDAQ 100 INDEX,,Indices,23.0,26.0,3.0
2025-12-15,NEE,"NEXTERA ENERGY, INC.",Utilities,Utilities,-3.0,22.0,25.0
2025-12-15,NEM,NEWMONT ,Materials,Materials,-18.0,0.0,18.0
2025-12-15,NFLX,"NETFLIX, INC.",Communication Services,Communication Services,0.0,0.0,0.0
2025-12-15,NI,NISOURCE INC.,Utilities,Utilities,-14.0,0.0,14.0
2025-12-15,NKE,"NIKE, INC.",Consumer Discretionary,Consumer Discretionary,-10.0,-7.0,3.0
2025-12-15,NOC,NORTHROP GRUMMAN ,Industrials,Industrials,-35.0,15.0,50.0
2025-12-15,NORW,GLBL X MSCI NORWAY ETF,,Foreign,-33.0,-18.0,15.0
2025-12-15,NOV,NOV INC.,,MR Discretion,38.0,-20.0,-58.0
2025-12-15,NOW,"SERVICENOW, INC.",Information Technology,Information Technology,-19.0,-33.0,-14.0
2025-12-15,NQ=F,NASDAQ 100 FUTURES,,Futures,3.0,-1.0,-4.0
2025-12-15,NRG,"NRG ENERGY, INC.",Utilities,Utilities,-19.0,56.0,75.0
2025-12-15,NSC,NORFOLK SOUTHERN ,Industrials,Industrials,-42.0,-10.0,32.0
2025-12-15,NTAP,"NETAPP, INC.",Information Technology,Information Technology,-34.0,-31.0,3.0
2025-12-15,NTRS,NORTHERN TRUST ,Financials,Financials,-49.0,-35.0,14.0
2025-12-15,NUE,NUCOR ,Materials,Materials,-5.0,-24.0,-19.0
2025-12-15,NVDA,NVIDIA ,Information Technology,Information Technology,16.0,19.0,3.0
2025-12-15,NVR,"NVR, INC.",Consumer Discretionary,Consumer Discretionary,-22.0,-48.0,-26.0
2025-12-15,NWSA,NEWS CORP.,Communication Services,Communication Services,-25.0,-21.0,4.0
2025-12-15,NXPI,NXP SEMICONDUCTORS NV,Information Technology,Information Technology,-67.0,-27.0,40.0
2025-12-15,O,REALTY INCOME ,Real Estate,Real Estate,-8.0,-9.0,-1.0
2025-12-15,ODFL,"OLD DOMINION FREIGHT LINE, INC.",Industrials,Industrials,-63.0,-60.0,3.0
2025-12-15,OEF,ISHARES:S&P 100,,Sector & Style ETFs,33.0,36.0,3.0
2025-12-15,OKE,"ONEOK, INC.",Energy,Energy,-9.0,-35.0,-26.0
2025-12-15,OMC,OMNICOM GROUP INC.,Communication Services,Communication Services,-81.0,-70.0,11.0
2025-12-15,ON,ON SEMICONDUCTOR ,Information Technology,Information Technology,-74.0,-51.0,23.0
2025-12-15,ORCL,ORACLE ,Information Technology,Information Technology,34.0,34.0,0.0
2025-12-15,ORLY,"O'REILLY AUTOMOTIVE, INC.",Consumer Discretionary,Consumer Discretionary,56.0,32.0,-24.0
2025-12-15,OTIS,OTIS WORLDWIDE ,Industrials,Industrials,18.0,-5.0,-23.0
2025-12-15,OXY,OCCIDENTAL PETROLEUM ,Energy,Energy,-17.0,-63.0,-46.0
2025-12-15,PAM,PAMPA ENERGIA SA,,MR Discretion,19.0,12.0,-7.0
2025-12-15,PANW,"PALO ALTO NETWORKS, INC.",Information Technology,Information Technology,21.0,21.0,0.0
2025-12-15,PAYC,"PAYCOM SOFTWARE, INC.",Industrials,Industrials,9.0,38.0,29.0
2025-12-15,PAYX,"PAYCHEX, INC.",Industrials,Industrials,-98.0,-40.0,58.0
2025-12-15,PBR,BRAZILIAN PETROLEUM  - PETROBRAS,,MR Discretion,16.0,-38.0,-54.0
2025-12-15,PCAR,PACCAR INC,Industrials,Industrials,-25.0,-81.0,-56.0
2025-12-15,PCG,PG&E ,Utilities,Utilities,16.0,-10.0,-26.0
2025-12-15,PEG,PUBLIC SERVICE ENTERPRISE GROUP INC.,Utilities,Utilities,12.0,11.0,-1.0
2025-12-15,PEP,"PEPSICO, INC.",Consumer Staples,Consumer Staples,-27.0,-21.0,6.0
2025-12-15,PFE,PFIZER INC.,Health Care,Health Care,6.0,-31.0,-37.0
2025-12-15,PFF,ISHARES:PREF AND INC SEC,,Bonds,-44.0,-20.0,24.0
2025-12-15,PFG,"PRINCIPAL FINANCIAL GROUP, INC.",Financials,Financials,-43.0,-37.0,6.0
2025-12-15,PG,THE PROCTER & GAMBLE COMPANY,Consumer Staples,Consumer Staples,-21.0,-43.0,-22.0
2025-12-15,PGR,THE PROGRESSIVE ,Financials,Financials,20.0,-23.0,-43.0
2025-12-15,PH,PARKER-HANNIFIN ,Industrials,Industrials,11.0,-30.0,-41.0
2025-12-15,PHM,"PULTEGROUP, INC.",Consumer Discretionary,Consumer Discretionary,-20.0,-31.0,-11.0
2025-12-15,PKG,PACKAGING  OF AMERICA,Materials,Materials,-12.0,-47.0,-35.0
2025-12-15,PLD,"PROLOGIS, INC.",Real Estate,Real Estate,-4.0,-24.0,-20.0
2025-12-15,PLTR,PALANTIR TECHNOLOGIES INC.,Information Technology,Information Technology,29.0,29.0,0.0
2025-12-15,PM,PHILIP MORRIS INTERNATIONAL INC.,Consumer Staples,Consumer Staples,34.0,-11.0,-45.0
2025-12-15,PNC,"THE PNC FINANCIAL SERVICES GROUP, INC.",Financials,Financials,-21.0,-35.0,-14.0
2025-12-15,PNR,PENTAIR PUBLIC LIMITED COMPANY,Industrials,Industrials,-7.0,-22.0,-15.0
2025-12-15,PNW,PINNACLE WEST CAPITAL ,Utilities,Utilities,26.0,22.0,-4.0
2025-12-15,PODD,INSULET ,Health Care,Health Care,39.0,60.0,21.0
2025-12-15,POOL,POOL ,Consumer Discretionary,Consumer Discretionary,-44.0,-5.0,39.0
2025-12-15,POWA,INVESCO BLOOMBERG PRICING POWER,,Sector & Style ETFs,-32.0,-12.0,20.0
2025-12-15,PPG,"PPG INDUSTRIES, INC.",Materials,Materials,-20.0,-53.0,-33.0
2025-12-15,PPL,PPL ,Utilities,Utilities,-30.0,0.0,30.0
2025-12-15,PPLT,ABRDN:PHYSICAL PLATINUM,,Commodities,0.0,45.0,45.0
2025-12-15,PRU,"PRUDENTIAL FINANCIAL, INC.",Financials,Financials,10.0,-60.0,-70.0
2025-12-15,PSA,PUBLIC STORAGE.,Real Estate,Real Estate,-37.0,-15.0,22.0
2025-12-15,PSKY,PARAMOUNT SKYDANCE ,Communication Services,Communication Services,-36.0,11.0,47.0
2025-12-15,PSX,PHILLIPS 66,Energy,Energy,17.0,-20.0,-37.0
2025-12-15,PTC,PTC INC.,Information Technology,Information Technology,-15.0,-15.0,0.0
2025-12-15,PWR,"QUANTA SERVICES, INC.",Industrials,Industrials,-8.0,45.0,53.0
2025-12-15,PYPL,"PAYPAL HOLDINGS, INC.",Financials,Financials,-2.0,26.0,28.0
2025-12-15,QAT,ISHARES:MSCI QATAR,,Foreign,-30.0,-3.0,27.0
2025-12-15,QCOM,QUALCOMM INC.,Information Technology,Information Technology,-58.0,-48.0,10.0
2025-12-15,QQQ,INVESCO QQQ TRUST 1,,Sector & Style ETFs,6.0,-1.0,-7.0
2025-12-15,QUAL,ISHARES:MSCI USA QF,,Sector & Style ETFs,-53.0,-20.0,33.0
2025-12-15,RCL,ROYAL CARIBBEAN CRUISES LTD.,Consumer Discretionary,Consumer Discretionary,-36.0,-36.0,0.0
2025-12-15,REG,REGENCY CENTERS ,Real Estate,Real Estate,42.0,11.0,-31.0
2025-12-15,REGN,"REGENERON PHARMACEUTICALS, INC.",Health Care,Health Care,2.0,-34.0,-36.0
2025-12-15,RF,REGIONS FINANCIAL ,Financials,Financials,-35.0,-21.0,14.0
2025-12-15,RIG,TRANSOCEAN LTD,,MR Discretion,39.0,-22.0,-61.0
2025-12-15,RJF,"RAYMOND JAMES FINANCIAL, INC.",Financials,Financials,-52.0,-14.0,38.0
2025-12-15,RL,RALPH LAUREN ,Consumer Discretionary,Consumer Discretionary,36.0,30.0,-6.0
2025-12-15,RMD,RESMED INC.,Health Care,Health Care,-44.0,3.0,47.0
2025-12-15,ROK,"ROCKWELL AUTOMATION, INC.",Industrials,Industrials,41.0,-16.0,-57.0
2025-12-15,ROKU,"ROKU, INC.",,MR Discretion,-93.0,-57.0,36.0
2025-12-15,ROL,"ROLLINS, INC.",Industrials,Industrials,52.0,18.0,-34.0
2025-12-15,ROP,"ROPER TECHNOLOGIES, INC.",Information Technology,Information Technology,-4.0,-18.0,-14.0
2025-12-15,ROST,"ROSS STORES, INC.",Consumer Discretionary,Consumer Discretionary,16.0,-44.0,-60.0
2025-12-15,RSG,"REPUBLIC SERVICES, INC.",Industrials,Industrials,9.0,-48.0,-57.0
2025-12-15,RSP,INVESCO S&P500 EWGHT,,Sector & Style ETFs,-29.0,-41.0,-12.0
2025-12-15,RTX,RTX ,Industrials,Industrials,-14.0,38.0,52.0
2025-12-15,RUT,RUSSELL 2000 INDEX,,Indices,-67.0,-51.0,16.0
2025-12-15,RVTY,"REVVITY, INC.",Health Care,Health Care,24.0,15.0,-9.0
2025-12-15,SBAC,SBA COMMUNICATIONS ,Real Estate,Real Estate,-25.0,-10.0,15.0
2025-12-15,SBLK,STAR BULK CARRIERS CORP.,,MR Discretion,64.0,62.0,-2.0
2025-12-15,SBUX,STARBUCKS ,Consumer Discretionary,Consumer Discretionary,60.0,-3.0,-63.0
2025-12-15,SCHP,SCHWAB STR:US TIPS,,Bonds,5.0,36.0,31.0
2025-12-15,SCHW,THE CHARLES SCHWAB ,Financials,Financials,-3.0,20.0,23.0
2025-12-15,SD,"SANDRIDGE ENERGY, INC.",,MR Discretion,71.0,17.0,-54.0
2025-12-15,SDY,SPDR S&P DIVIDEND,,Sector & Style ETFs,-40.0,-57.0,-17.0
2025-12-15,SHW,THE SHERWIN-WILLIAMS COMPANY,Materials,Materials,-37.0,-25.0,12.0
2025-12-15,SHY,ISHARES:1-3 TRS BD ETF,Bonds,Bonds,46.0,50.0,4.0
2025-12-15,SILJ,ETFMG PRIME JR SILVR MNR,,Commodities,9.0,26.0,17.0
2025-12-15,SJM,THE J. M. SMUCKER COMPANY,Consumer Staples,Consumer Staples,-38.0,-31.0,7.0
2025-12-15,SLB,SCHLUMBERGER N.V.,Energy,Energy,-7.0,-17.0,-10.0
2025-12-15,SLV,ISHARES:SILVER TRUST,,Commodities,34.0,42.0,8.0
2025-12-15,SMCI,"SUPER MICRO COMPUTER, INC.",Information Technology,Information Technology,-3.0,-16.0,-13.0
2025-12-15,SMH,VANECK:SEMICONDUCTOR,,Sector & Style ETFs,-12.0,21.0,33.0
2025-12-15,SNA,SNAP-ON INC.,Industrials,Industrials,-59.0,-91.0,-32.0
2025-12-15,SNDK,SANDISK CORPORATION,Information Technology,Information Technology,-12.0,26.0,38.0
2025-12-15,SNPS,"SYNOPSYS, INC.",Information Technology,Information Technology,-19.0,-24.0,-5.0
2025-12-15,SO,THE SOUTHERN COMPANY,Utilities,Utilities,-19.0,28.0,47.0
2025-12-15,SOLV,SOLVENTUM ,Health Care,Health Care,-30.0,-57.0,-27.0
2025-12-15,SOYB,TEUCRIUM:SOYBEAN,,Commodities,68.0,44.0,-24.0
2025-12-15,SPG,"SIMON PROPERTY GROUP, INC.",Real Estate,Real Estate,35.0,-21.0,-56.0
2025-12-15,SPGI,S&P GLOBAL INC.,Financials,Financials,44.0,-10.0,-54.0
2025-12-15,SPHB,INVESCO S&P500 HI BE,,Sector & Style ETFs,-86.0,-57.0,29.0
2025-12-15,SPLV,INVESCO S&P500 LOWVL,,Sector & Style ETFs,34.0,-5.0,-39.0
2025-12-15,SPX,S&P 500 INDEX,,Indices,20.0,2.0,-18.0
2025-12-15,SPY,SPDR S&P 500 ETF,,Sector & Style ETFs,23.0,-5.0,-28.0
2025-12-15,SRE,SEMPRA,Utilities,Utilities,-53.0,-25.0,28.0
2025-12-15,STE,STERIS PUBLIC LIMITED COMPANY,Health Care,Health Care,48.0,-22.0,-70.0
2025-12-15,STIP,ISHARES:0-5 TIPS BD ETF,Bonds,Bonds,17.0,51.0,34.0
2025-12-15,STLA,STELLANTIS NV,,MR Discretion,-60.0,-80.0,-20.0
2025-12-15,STLD,"STEEL DYNAMICS, INC.",Materials,Materials,-26.0,-45.0,-19.0
2025-12-15,STNG,SCORPIO TANKERS INC.,,MR Discretion,-47.0,-18.0,29.0
2025-12-15,STT,STATE STREET ,Financials,Financials,-9.0,-22.0,-13.0
2025-12-15,STX,SEAGATE TECHNOLOGY HOLDINGS,Information Technology,Information Technology,24.0,42.0,18.0
2025-12-15,STZ,"CONSTELLATION BRANDS, INC.",Consumer Staples,Consumer Staples,-44.0,-46.0,-2.0
2025-12-15,SW,SMURFIT WESTROCK PUBLIC LIMITED COMPANY,Materials,Materials,-35.0,-53.0,-18.0
2025-12-15,SWK,"STANLEY BLACK & DECKER, INC.",Industrials,Industrials,-108.0,-102.0,6.0
2025-12-15,SWKS,"SKYWORKS SOLUTIONS, INC.",Information Technology,Information Technology,-36.0,-47.0,-11.0
2025-12-15,SYF,SYNCHRONY FINANCIAL,Financials,Financials,-24.0,-41.0,-17.0
2025-12-15,SYK,STRYKER ,Health Care,Health Care,17.0,-5.0,-22.0
2025-12-15,SYY,SYSCO ,Consumer Staples,Consumer Staples,38.0,6.0,-32.0
2025-12-15,T,AT&T INC.,Communication Services,Communication Services,-9.0,-11.0,-2.0
2025-12-15,TAGS,TEUCRIUM:AGRICULTURAL,,Commodities,28.0,-5.0,-33.0
2025-12-15,TAP,MOLSON COORS BEVERAGE COMPANY,Consumer Staples,Consumer Staples,-40.0,-77.0,-37.0
2025-12-15,TDG,TRANSDIGM GROUP INC.,Industrials,Industrials,30.0,-6.0,-36.0
2025-12-15,TDW,TIDEWATER INC.,,MR Discretion,-20.0,-58.0,-38.0
2025-12-15,TDY,TELEDYNE TECHNOLOGIES INC.,Information Technology,Information Technology,-23.0,-1.0,22.0
2025-12-15,TECH,BIO-TECHNE ,Health Care,Health Care,4.0,24.0,20.0
2025-12-15,TECK,TECK RESOURCES LIMITED,,MR Discretion,13.0,-11.0,-24.0
2025-12-15,TEL,TE CONNECTIVITY LTD,Information Technology,Information Technology,-37.0,26.0,63.0
2025-12-15,TER,"TERADYNE, INC.",Information Technology,Information Technology,24.0,19.0,-5.0
2025-12-15,TFC,TRUIST FINANCIAL ,Financials,Financials,-40.0,-60.0,-20.0
2025-12-15,TGT,TARGET ,Consumer Staples,Consumer Staples,2.0,-36.0,-38.0
2025-12-15,THD,ISHARES:MSCI THAI,,Foreign,-62.0,-26.0,36.0
2025-12-15,TIP,ISHARES:TIPS BD ETF,Bonds,Bonds,5.0,36.0,31.0
2025-12-15,TJX,"THE TJX COMPANIES, INC.",Consumer Discretionary,Consumer Discretionary,12.0,-37.0,-49.0
2025-12-15,TKO,"TKO GROUP HOLDINGS, INC.",Communication Services,Communication Services,-9.0,-9.0,0.0
2025-12-15,TLT,ISHARES:20+ TRS BD ETF,Bonds,Bonds,-57.0,7.0,64.0
2025-12-15,TMO,THERMO FISHER SCIENTIFIC INC.,Health Care,Health Care,43.0,60.0,17.0
2025-12-15,TMUS,"T-MOBILE US, INC.",Communication Services,Communication Services,0.0,-3.0,-3.0
2025-12-15,TNX,10 Y TSY YLD NDX,Yields,Yields,28.0,-18.0,-46.0
2025-12-15,TPL,TEXAS PACIFIC LAND ,Energy,Energy,-55.0,-89.0,-34.0
2025-12-15,TPR,"TAPESTRY, INC.",Consumer Discretionary,Consumer Discretionary,-45.0,3.0,48.0
2025-12-15,TRGP,TARGA RESOURCES CORP.,Energy,Energy,46.0,-24.0,-70.0
2025-12-15,TRMB,TRIMBLE INC.,Information Technology,Information Technology,43.0,26.0,-17.0
2025-12-15,TROW,"T. ROWE PRICE GROUP, INC.",Financials,Financials,-51.0,-48.0,3.0
2025-12-15,TRV,"THE TRAVELERS COMPANIES, INC.",Financials,Financials,28.0,2.0,-26.0
2025-12-15,TS,TENARIS SA,,MR Discretion,46.0,36.0,-10.0
2025-12-15,TSCO,TRACTOR SUPPLY COMPANY,Consumer Discretionary,Consumer Discretionary,3.0,10.0,7.0
2025-12-15,TSLA,"TESLA, INC.",Consumer Discretionary,Consumer Discretionary,-53.0,-37.0,16.0
2025-12-15,TSN,"TYSON FOODS, INC.",Consumer Staples,Consumer Staples,28.0,-9.0,-37.0
2025-12-15,TT,TRANE TECHNOLOGIES PLC,Industrials,Industrials,30.0,77.0,47.0
2025-12-15,TTD,"THE TRADE DESK, INC.",Communication Services,Communication Services,15.0,-5.0,-20.0
2025-12-15,TTWO,"TAKE-TWO INTERACTIVE SOFTWARE, INC.",Communication Services,Communication Services,-5.0,-5.0,0.0
2025-12-15,TUR,ISHARES:MSCI TURKEY,,Foreign,-27.0,-53.0,-26.0
2025-12-15,TXN,TEXAS INSTRUMENTS INC.,Information Technology,Information Technology,-37.0,-51.0,-14.0
2025-12-15,TXT,TEXTRON INC.,Industrials,Industrials,-17.0,-53.0,-36.0
2025-12-15,TYL,"TYLER TECHNOLOGIES, INC.",Information Technology,Information Technology,2.0,-3.0,-5.0
2025-12-15,TYX,30 Y TSY YLD NDX,Yields,Yields,53.0,-18.0,-71.0
2025-12-15,UAL,"UNITED AIRLINES HOLDINGS, INC.",Industrials,Industrials,20.0,8.0,-12.0
2025-12-15,UBER,"UBER TECHNOLOGIES, INC.",Industrials,Industrials,48.0,48.0,0.0
2025-12-15,UDR,"UDR, INC.",Real Estate,Real Estate,-25.0,-51.0,-26.0
2025-12-15,UHS,"UNIVERSAL HEALTH SERVICES, INC.",Health Care,Health Care,42.0,-1.0,-43.0
2025-12-15,ULTA,"ULTA BEAUTY, INC.",Consumer Discretionary,Consumer Discretionary,-84.0,-58.0,26.0
2025-12-15,UNG,UNITED STATES NAT GAS,Energy Complex,Commodities,80.0,70.0,-10.0
2025-12-15,UNH,UNITEDHEALTH GROUP INC.,Health Care,Health Care,-83.0,-63.0,20.0
2025-12-15,UNP,UNION PACIFIC ,Industrials,Industrials,-51.0,-60.0,-9.0
2025-12-15,UPS,"UNITED PARCEL SERVICE, INC.",Industrials,Industrials,-42.0,-72.0,-30.0
2025-12-15,URA,GLBL X URANIUM ETF,,Commodities,14.0,44.0,30.0
2025-12-15,URI,"UNITED RENTALS, INC.",Industrials,Industrials,-85.0,-22.0,63.0
2025-12-15,URNM,SPROTT URANIUM MINERS,,MR Discretion,-37.0,5.0,42.0
2025-12-15,USB,U.S. BANCORP,Financials,Financials,-57.0,-60.0,-3.0
2025-12-15,USO,UNITED STATES OIL FUND,Energy Complex,Commodities,46.0,36.0,-10.0
2025-12-15,UUP,INVESCO DB USD IDX BL,USD,Currencies,63.0,36.0,-27.0
2025-12-15,V,VISA INC.,Financials,Financials,-26.0,-47.0,-21.0
2025-12-15,VAL,VALARIS LIMITED,,MR Discretion,103.0,72.0,-31.0
2025-12-15,VICI,VICI PROPERTIES INC.,Real Estate,Real Estate,-34.0,22.0,56.0
2025-12-15,VIX,CBOE MKT VOLATILITY IDX,,Volatility,53.0,31.0,-22.0
2025-12-15,VLO,VALERO ENERGY ,Energy,Energy,84.0,26.0,-58.0
2025-12-15,VLTO,VERALTO ,Industrials,Industrials,-10.0,-48.0,-38.0
2025-12-15,VMC,VULCAN MATERIALS COMPANY,Materials,Materials,-60.0,-40.0,20.0
2025-12-15,VNM,VANECK:VIETNAM,,Foreign,-13.0,25.0,38.0
2025-12-15,VRSK,"VERISK ANALYTICS, INC.",Industrials,Industrials,29.0,-21.0,-50.0
2025-12-15,VRSN,"VERISIGN, INC.",Information Technology,Information Technology,-21.0,14.0,35.0
2025-12-15,VRTX,VERTEX PHARMACEUTICALS INC.,Health Care,Health Care,-9.0,-28.0,-19.0
2025-12-15,VST,VISTRA CORP.,Utilities,Utilities,-61.0,-3.0,58.0
2025-12-15,VTR,"VENTAS, INC.",Real Estate,Real Estate,114.0,66.0,-48.0
2025-12-15,VTRS,VIATRIS INC.,Health Care,Health Care,4.0,-23.0,-27.0
2025-12-15,VXN,CBOE NASDAQ MKT VOL NDX,,Volatility,20.0,31.0,11.0
2025-12-15,VZ,VERIZON COMMUNICATIONS INC.,Communication Services,Communication Services,40.0,-5.0,-45.0
2025-12-15,WAB,WESTINGHOUSE AIR BRAKE TECHNOLOGIES ,Industrials,Industrials,-35.0,-2.0,33.0
2025-12-15,WAT,WATERS ,Health Care,Health Care,41.0,4.0,-37.0
2025-12-15,WBD,"WARNER BROS. DISCOVERY, INC.",Communication Services,Communication Services,-22.0,-23.0,-1.0
2025-12-15,WDAY,"WORKDAY, INC.",Information Technology,Information Technology,-10.0,-22.0,-12.0
2025-12-15,WDC,WESTERN DIGITAL ,Information Technology,Information Technology,0.0,18.0,18.0
2025-12-15,WEAT,TEUCRIUM:WHEAT,,Commodities,-20.0,14.0,34.0
2025-12-15,WEC,"WEC ENERGY GROUP, INC.",Utilities,Utilities,24.0,0.0,-24.0
2025-12-15,WELL,WELLTOWER INC.,Real Estate,Real Estate,83.0,41.0,-42.0
2025-12-15,WFC,WELLS FARGO & COMPANY,Financials,Financials,0.0,-16.0,-16.0
2025-12-15,WM,"WASTE MANAGEMENT, INC.",Industrials,Industrials,-24.0,-50.0,-26.0
2025-12-15,WMB,"THE WILLIAMS COMPANIES, INC.",Energy,Energy,15.0,-13.0,-28.0
2025-12-15,WMT,WALMART INC.,Consumer Staples,Consumer Staples,-33.0,-65.0,-32.0
2025-12-15,WRB,W. R. BERKLEY ,Financials,Financials,21.0,0.0,-21.0
2025-12-15,WSM,"WILLIAMS-SONOMA, INC.",Consumer Discretionary,Consumer Discretionary,-33.0,-5.0,28.0
2025-12-15,WST,"WEST PHARMACEUTICAL SERVICES, INC.",Health Care,Health Care,-47.0,-62.0,-15.0
2025-12-15,WTW,WILLIS TOWERS WATSON,Financials,Financials,-35.0,-28.0,7.0
2025-12-15,WY,WEYERHAEUSER COMPANY,Real Estate,Real Estate,-62.0,-50.0,12.0
2025-12-15,WYNN,"WYNN RESORTS, LIMITED",Consumer Discretionary,Consumer Discretionary,117.0,42.0,-75.0
2025-12-15,XEL,XCEL ENERGY INC.,Utilities,Utilities,-6.0,31.0,37.0
2025-12-15,XES,SPDR S&P OIL&GAS E&S,,MR Discretion,0.0,-31.0,-31.0
2025-12-15,XLB,SEL SECTOR:MATRLS SPDR,,Sector & Style ETFs,-44.0,-43.0,1.0
2025-12-15,XLC,SEL SECTOR:COMM SVC SPDR,,Sector & Style ETFs,-34.0,-14.0,20.0
2025-12-15,XLE,SEL SECTOR:ENERGY SPDR,,Sector & Style ETFs,69.0,47.0,-22.0
2025-12-15,XLF,SEL SECTOR:FINL S SPDR,,Sector & Style ETFs,-21.0,-35.0,-14.0
2025-12-15,XLI,SEL SECTOR:INDUST SPDR,,Sector & Style ETFs,-48.0,-53.0,-5.0
2025-12-15,XLK,SEL SECTOR:TECH SPDR,,Sector & Style ETFs,-46.0,8.0,54.0
2025-12-15,XLP,SEL SECTOR:C STP SPDR,,Sector & Style ETFs,-14.0,-40.0,-26.0
2025-12-15,XLRE,SEL SECTOR:RL EST SPDR,,Sector & Style ETFs,7.0,4.0,-3.0
2025-12-15,XLU,SEL SECTOR:UTIL SPDR,,Sector & Style ETFs,-53.0,0.0,53.0
2025-12-15,XLV,SEL SECTOR:H CARE SPDR,,Sector & Style ETFs,40.0,10.0,-30.0
2025-12-15,XLY,SEL SECTOR:C DSC SPDR,,Sector & Style ETFs,-2.0,-24.0,-22.0
2025-12-15,XOM,EXXON MOBIL ,Energy,Energy,66.0,48.0,-18.0
2025-12-15,XOP,SPDR S&P OIL&GAS EXP,,MR Discretion,37.0,-13.0,-50.0
2025-12-15,XYL,XYLEM INC.,Industrials,Industrials,65.0,56.0,-9.0
2025-12-15,XYZ,"BLOCK, INC.",Financials,Financials,-73.0,-41.0,32.0
2025-12-15,YUM,"YUM! BRANDS, INC.",Consumer Discretionary,Consumer Discretionary,30.0,-30.0,-60.0
2025-12-15,ZBH,"ZIMMER BIOMET HOLDINGS, INC.",Health Care,Health Care,-27.0,-10.0,17.0
2025-12-15,ZBRA,ZEBRA TECHNOLOGIES ,Information Technology,Information Technology,-68.0,-82.0,-14.0
2025-12-15,ZTS,ZOETIS INC.,Health Care,Health Care,-51.0,-7.0,44.0
