Ticker,Ticker_name,Category,Date,model_score,previous_model_score,model_score_daily_change
HYD,VANECK:HIGH YIELD MUNI,Bonds,2026-01-20,35.0,-24.0,59.0
TLT,ISHARES:20+ TRS BD ETF,Bonds,2026-01-20,29.0,-31.0,60.0
MUB,ISHARES:NATL MUNI BOND,Bonds,2026-01-20,29.0,11.0,18.0
IEF,ISHARES:7-10 TRS BD ETF,Bonds,2026-01-20,9.0,-12.0,21.0
TIP,ISHARES:TIPS BD ETF,Bonds,2026-01-20,9.0,-23.0,32.0
STIP,ISHARES:0-5 TIPS BD ETF,Bonds,2026-01-20,4.0,4.0,0.0
EDV,VANGUARD EXT DUR T;ETF,Bonds,2026-01-20,-4.0,-37.0,33.0
HYG,ISHARES:IBOXX $HY CORP,Bonds,2026-01-20,-10.0,-40.0,30.0
SCHP,SCHWAB STR:US TIPS,Bonds,2026-01-20,-16.0,7.0,-23.0
PFF,ISHARES:PREF AND INC SEC,Bonds,2026-01-20,-20.0,-26.0,6.0
LQD,ISHARES:IBOXX $IG CORP,Bonds,2026-01-20,-33.0,-5.0,-28.0
SHY,ISHARES:1-3 TRS BD ETF,Bonds,2026-01-20,-38.0,-38.0,0.0
JNK,SPDR BBG HIGH YIELD BD,Bonds,2026-01-20,-43.0,-43.0,0.0
CORN,TEUCRIUM:CORN,Commodities,2026-01-20,62.0,-10.0,72.0
GDXJ,VANECK:JR GOLD MINERS,Commodities,2026-01-20,54.0,-10.0,64.0
GDX,VANECK:GOLD MINERS,Commodities,2026-01-20,50.0,26.0,24.0
TAGS,TEUCRIUM:AGRICULTURAL,Commodities,2026-01-20,25.0,-7.0,32.0
DBB,INVESCO DB MS BMTL,Commodities,2026-01-20,24.0,4.0,20.0
SLV,ISHARES:SILVER TRUST,Commodities,2026-01-20,20.0,37.0,-17.0
SILJ,ETFMG PRIME JR SILVR MNR,Commodities,2026-01-20,16.0,16.0,0.0
CPER,UNITED STATES COPPER IDX,Commodities,2026-01-20,14.0,14.0,0.0
SOYB,TEUCRIUM:SOYBEAN,Commodities,2026-01-20,11.0,11.0,0.0
PPLT,ABRDN:PHYSICAL PLATINUM,Commodities,2026-01-20,9.0,26.0,-17.0
GLD,SPDR GOLD,Commodities,2026-01-20,5.0,-16.0,21.0
UNG,UNITED STATES NAT GAS,Commodities,2026-01-20,5.0,11.0,-6.0
WEAT,TEUCRIUM:WHEAT,Commodities,2026-01-20,-7.0,-24.0,17.0
DBA,INVESCO DB MS AGRI,Commodities,2026-01-20,-12.0,-12.0,0.0
CANE,TEUCRIUM:SUGAR,Commodities,2026-01-20,-12.0,-17.0,5.0
URA,GLBL X URANIUM ETF,Commodities,2026-01-20,-23.0,-40.0,17.0
COMT,ISHARES:GSCI COMM DYN RS,Commodities,2026-01-20,-27.0,9.0,-36.0
USO,UNITED STATES OIL FUND,Commodities,2026-01-20,-29.0,-26.0,-3.0
DBC,INVESCO DB CM IDX,Commodities,2026-01-20,-36.0,-2.0,-34.0
T,AT&T INC.,Communication Services,2026-01-20,56.0,48.0,8.0
TKO,"TKO GROUP HOLDINGS, INC.",Communication Services,2026-01-20,54.0,8.0,46.0
TTWO,"TAKE-TWO INTERACTIVE SOFTWARE, INC.",Communication Services,2026-01-20,41.0,31.0,10.0
WBD,"WARNER BROS. DISCOVERY, INC.",Communication Services,2026-01-20,16.0,51.0,-35.0
DIS,THE WALT DISNEY COMPANY,Communication Services,2026-01-20,13.0,3.0,10.0
VZ,VERIZON COMMUNICATIONS INC.,Communication Services,2026-01-20,13.0,12.0,1.0
CHTR,"CHARTER COMMUNICATIONS, INC.",Communication Services,2026-01-20,9.0,-32.0,41.0
FOXA,FOX ,Communication Services,2026-01-20,7.0,7.0,0.0
PSKY,PARAMOUNT SKYDANCE ,Communication Services,2026-01-20,2.0,-11.0,13.0
CMCSA,COMCAST ,Communication Services,2026-01-20,-1.0,4.0,-5.0
GOOGL,ALPHABET INC.,Communication Services,2026-01-20,-10.0,27.0,-37.0
TMUS,"T-MOBILE US, INC.",Communication Services,2026-01-20,-10.0,-3.0,-7.0
MTCH,"MATCH GROUP, INC.",Communication Services,2026-01-20,-11.0,36.0,-47.0
OMC,OMNICOM GROUP INC.,Communication Services,2026-01-20,-17.0,-10.0,-7.0
NWSA,NEWS CORP.,Communication Services,2026-01-20,-17.0,-21.0,4.0
NFLX,"NETFLIX, INC.",Communication Services,2026-01-20,-22.0,-20.0,-2.0
LYV,"LIVE NATION ENTERTAINMENT, INC.",Communication Services,2026-01-20,-26.0,-14.0,-12.0
EA,ELECTRONIC ARTS INC.,Communication Services,2026-01-20,-30.0,-5.0,-25.0
TTD,"THE TRADE DESK, INC.",Communication Services,2026-01-20,-34.0,-47.0,13.0
META,"META PLATFORMS, INC.",Communication Services,2026-01-20,-43.0,-56.0,13.0
BBY,"BEST BUY CO., INC.",Consumer Discretionary,2026-01-20,48.0,-32.0,80.0
CVNA,CARVANA CO.,Consumer Discretionary,2026-01-20,47.0,37.0,10.0
TJX,"THE TJX COMPANIES, INC.",Consumer Discretionary,2026-01-20,43.0,37.0,6.0
YUM,"YUM! BRANDS, INC.",Consumer Discretionary,2026-01-20,35.0,-36.0,71.0
DPZ,"DOMINO'S PIZZA, INC.",Consumer Discretionary,2026-01-20,31.0,28.0,3.0
EXPE,"EXPEDIA GROUP, INC.",Consumer Discretionary,2026-01-20,23.0,60.0,-37.0
MGM,MGM RESORTS INTERNATIONAL,Consumer Discretionary,2026-01-20,23.0,-18.0,41.0
APTV,APTIV PLC,Consumer Discretionary,2026-01-20,19.0,19.0,0.0
AMZN,"AMAZON.COM, INC.",Consumer Discretionary,2026-01-20,18.0,3.0,15.0
TPR,"TAPESTRY, INC.",Consumer Discretionary,2026-01-20,16.0,34.0,-18.0
GM,GENERAL MOTORS COMPANY,Consumer Discretionary,2026-01-20,15.0,51.0,-36.0
LULU,LULULEMON ATHLETICA INC.,Consumer Discretionary,2026-01-20,14.0,-10.0,24.0
F,FORD MOTOR COMPANY,Consumer Discretionary,2026-01-20,14.0,60.0,-46.0
ABNB,"AIRBNB, INC.",Consumer Discretionary,2026-01-20,13.0,7.0,6.0
LVS,LAS VEGAS SANDS CORP.,Consumer Discretionary,2026-01-20,13.0,36.0,-23.0
DASH,"DOORDASH, INC.",Consumer Discretionary,2026-01-20,12.0,17.0,-5.0
BKNG,BOOKING HOLDINGS INC.,Consumer Discretionary,2026-01-20,12.0,-8.0,20.0
MCD,MCDONALD'S ,Consumer Discretionary,2026-01-20,9.0,11.0,-2.0
DECK,DECKERS OUTDOOR ,Consumer Discretionary,2026-01-20,8.0,-18.0,26.0
RCL,ROYAL CARIBBEAN CRUISES LTD.,Consumer Discretionary,2026-01-20,7.0,-5.0,12.0
SBUX,STARBUCKS ,Consumer Discretionary,2026-01-20,6.0,1.0,5.0
PHM,"PULTEGROUP, INC.",Consumer Discretionary,2026-01-20,3.0,-28.0,31.0
EBAY,EBAY INC.,Consumer Discretionary,2026-01-20,3.0,15.0,-12.0
TSCO,TRACTOR SUPPLY COMPANY,Consumer Discretionary,2026-01-20,3.0,12.0,-9.0
CCL,CARNIVAL CORP,Consumer Discretionary,2026-01-20,-1.0,-43.0,42.0
MAR,"MARRIOTT INTERNATIONAL, INC.",Consumer Discretionary,2026-01-20,-5.0,-36.0,31.0
RL,RALPH LAUREN ,Consumer Discretionary,2026-01-20,-6.0,40.0,-46.0
NCLH,NORWEGIAN CRUISE LINE HOLDINGS LTD.,Consumer Discretionary,2026-01-20,-8.0,-32.0,24.0
GRMN,GARMIN LTD,Consumer Discretionary,2026-01-20,-9.0,-35.0,26.0
NVR,"NVR, INC.",Consumer Discretionary,2026-01-20,-13.0,-34.0,21.0
HAS,"HASBRO, INC.",Consumer Discretionary,2026-01-20,-14.0,45.0,-59.0
AZO,"AUTOZONE, INC.",Consumer Discretionary,2026-01-20,-14.0,-21.0,7.0
WYNN,"WYNN RESORTS, LIMITED",Consumer Discretionary,2026-01-20,-15.0,55.0,-70.0
ROST,"ROSS STORES, INC.",Consumer Discretionary,2026-01-20,-17.0,-22.0,5.0
DHI,"D.R. HORTON, INC.",Consumer Discretionary,2026-01-20,-22.0,-19.0,-3.0
TSLA,"TESLA, INC.",Consumer Discretionary,2026-01-20,-26.0,35.0,-61.0
WSM,"WILLIAMS-SONOMA, INC.",Consumer Discretionary,2026-01-20,-28.0,1.0,-29.0
ORLY,"O'REILLY AUTOMOTIVE, INC.",Consumer Discretionary,2026-01-20,-31.0,-5.0,-26.0
ULTA,"ULTA BEAUTY, INC.",Consumer Discretionary,2026-01-20,-37.0,-23.0,-14.0
HLT,HILTON WORLDWIDE HOLDINGS INC.,Consumer Discretionary,2026-01-20,-39.0,-27.0,-12.0
NKE,"NIKE, INC.",Consumer Discretionary,2026-01-20,-39.0,6.0,-45.0
LOW,"LOWE'S COMPANIES, INC.",Consumer Discretionary,2026-01-20,-41.0,-43.0,2.0
GPC,GENUINE PARTS COMPANY,Consumer Discretionary,2026-01-20,-46.0,-8.0,-38.0
HD,"THE HOME DEPOT, INC.",Consumer Discretionary,2026-01-20,-54.0,-41.0,-13.0
DRI,"DARDEN RESTAURANTS, INC.",Consumer Discretionary,2026-01-20,-57.0,-43.0,-14.0
POOL,POOL ,Consumer Discretionary,2026-01-20,-77.0,-2.0,-75.0
CMG,"CHIPOTLE MEXICAN GRILL, INC.",Consumer Discretionary,2026-01-20,-78.0,-50.0,-28.0
LEN,LENNAR ,Consumer Discretionary,2026-01-20,-94.0,-68.0,-26.0
MKC,"MCCORMICK & COMPANY, INC.",Consumer Staples,2026-01-20,25.0,25.0,0.0
HSY,THE HERSHEY COMPANY,Consumer Staples,2026-01-20,24.0,4.0,20.0
DG,DOLLAR GENERAL ,Consumer Staples,2026-01-20,22.0,25.0,-3.0
LW,"LAMB WESTON HOLDINGS, INC.",Consumer Staples,2026-01-20,18.0,56.0,-38.0
SYY,SYSCO ,Consumer Staples,2026-01-20,15.0,-24.0,39.0
WMT,WALMART INC.,Consumer Staples,2026-01-20,14.0,17.0,-3.0
PEP,"PEPSICO, INC.",Consumer Staples,2026-01-20,6.0,-9.0,15.0
KMB,KIMBERLY-CLARK ,Consumer Staples,2026-01-20,-1.0,9.0,-10.0
BG,BUNGE LIMITED,Consumer Staples,2026-01-20,-2.0,-39.0,37.0
PM,PHILIP MORRIS INTERNATIONAL INC.,Consumer Staples,2026-01-20,-5.0,-7.0,2.0
KR,THE KROGER CO.,Consumer Staples,2026-01-20,-5.0,-5.0,0.0
CPB,CAMPBELL SOUP COMPANY,Consumer Staples,2026-01-20,-6.0,-27.0,21.0
GIS,"GENERAL MILLS, INC.",Consumer Staples,2026-01-20,-8.0,40.0,-48.0
EL,THE ESTEE LAUDER COMPANIES INC.,Consumer Staples,2026-01-20,-9.0,-35.0,26.0
KO,THE COCA-COLA COMPANY,Consumer Staples,2026-01-20,-10.0,30.0,-40.0
KVUE,KENVUE INC.,Consumer Staples,2026-01-20,-12.0,-10.0,-2.0
CAG,"CONAGRA BRANDS, INC.",Consumer Staples,2026-01-20,-13.0,-13.0,0.0
MNST,MONSTER BEVERAGE ,Consumer Staples,2026-01-20,-14.0,6.0,-20.0
ADM,ARCHER-DANIELS-MIDLAND COMPANY.,Consumer Staples,2026-01-20,-16.0,13.0,-29.0
MO,"ALTRIA GROUP, INC.",Consumer Staples,2026-01-20,-17.0,-17.0,0.0
KDP,KEURIG DR PEPPER INC.,Consumer Staples,2026-01-20,-26.0,14.0,-40.0
STZ,"CONSTELLATION BRANDS, INC.",Consumer Staples,2026-01-20,-27.0,-60.0,33.0
DLTR,"DOLLAR TREE, INC.",Consumer Staples,2026-01-20,-27.0,-16.0,-11.0
SJM,THE J. M. SMUCKER COMPANY,Consumer Staples,2026-01-20,-28.0,6.0,-34.0
TGT,TARGET ,Consumer Staples,2026-01-20,-35.0,-2.0,-33.0
CHD,"CHURCH & DWIGHT CO., INC.",Consumer Staples,2026-01-20,-35.0,-20.0,-15.0
CL,COLGATE-PALMOLIVE COMPANY,Consumer Staples,2026-01-20,-35.0,-60.0,25.0
PG,THE PROCTER & GAMBLE COMPANY,Consumer Staples,2026-01-20,-36.0,-10.0,-26.0
BF.B,BROWN-FORMAN ,Consumer Staples,2026-01-20,-38.0,4.0,-42.0
TSN,"TYSON FOODS, INC.",Consumer Staples,2026-01-20,-40.0,-3.0,-37.0
HRL,HORMEL FOODS ,Consumer Staples,2026-01-20,-40.0,6.0,-46.0
TAP,MOLSON COORS BEVERAGE COMPANY,Consumer Staples,2026-01-20,-43.0,6.0,-49.0
COST,COSTCO WHOLESALE ,Consumer Staples,2026-01-20,-43.0,-64.0,21.0
KHC,THE KRAFT HEINZ COMPANY,Consumer Staples,2026-01-20,-45.0,34.0,-79.0
CLX,THE CLOROX COMPANY,Consumer Staples,2026-01-20,-53.0,-9.0,-44.0
MDLZ,"MONDELEZ INTERNATIONAL, INC.",Consumer Staples,2026-01-20,-57.0,-27.0,-30.0
FXC,INVESCO:CANADIAN DOLLAR,Currencies,2026-01-20,35.0,32.0,3.0
FXB,INVESCO:GBP STERLING,Currencies,2026-01-20,26.0,26.0,0.0
UUP,INVESCO DB USD IDX BL,Currencies,2026-01-20,8.0,39.0,-31.0
FXY,INVESCO:JAPANESE YEN,Currencies,2026-01-20,4.0,-23.0,27.0
FXE,INVESCO:EURO,Currencies,2026-01-20,3.0,-33.0,36.0
FXA,INVESCO:AU DOLLAR,Currencies,2026-01-20,-35.0,-20.0,-15.0
EQT,EQT ,Energy,2026-01-20,40.0,-35.0,75.0
EXE,EXPAND ENERGY ,Energy,2026-01-20,32.0,20.0,12.0
APA,APA ,Energy,2026-01-20,25.0,-2.0,27.0
DVN,DEVON ENERGY ,Energy,2026-01-20,18.0,12.0,6.0
WMB,"THE WILLIAMS COMPANIES, INC.",Energy,2026-01-20,15.0,-2.0,17.0
KMI,"KINDER MORGAN, INC.",Energy,2026-01-20,12.0,-2.0,14.0
TRGP,TARGA RESOURCES CORP.,Energy,2026-01-20,7.0,2.0,5.0
MPC,MARATHON PETROLEUM ,Energy,2026-01-20,3.0,-5.0,8.0
BKR,BAKER HUGHES COMPANY,Energy,2026-01-20,-16.0,-17.0,1.0
XOM,EXXON MOBIL ,Energy,2026-01-20,-16.0,-37.0,21.0
FANG,"DIAMONDBACK ENERGY, INC.",Energy,2026-01-20,-22.0,6.0,-28.0
CTRA,COTERRA ENERGY INC.,Energy,2026-01-20,-23.0,22.0,-45.0
OKE,"ONEOK, INC.",Energy,2026-01-20,-27.0,-22.0,-5.0
TPL,TEXAS PACIFIC LAND ,Energy,2026-01-20,-28.0,-27.0,-1.0
EOG,"EOG RESOURCES, INC.",Energy,2026-01-20,-32.0,-32.0,0.0
CVX,CHEVRON ,Energy,2026-01-20,-37.0,-35.0,-2.0
COP,CONOCOPHILLIPS,Energy,2026-01-20,-37.0,-11.0,-26.0
PSX,PHILLIPS 66,Energy,2026-01-20,-37.0,-28.0,-9.0
VLO,VALERO ENERGY ,Energy,2026-01-20,-47.0,-3.0,-44.0
OXY,OCCIDENTAL PETROLEUM ,Energy,2026-01-20,-51.0,-51.0,0.0
SLB,SCHLUMBERGER N.V.,Energy,2026-01-20,-69.0,-37.0,-32.0
HAL,HALLIBURTON COMPANY,Energy,2026-01-20,-73.0,-51.0,-22.0
WFC,WELLS FARGO & COMPANY,Financials,2026-01-20,71.0,18.0,53.0
AON,AON PLC,Financials,2026-01-20,46.0,36.0,10.0
JPM,JPMORGAN CHASE & CO.,Financials,2026-01-20,44.0,-20.0,64.0
BAC,BANK OF AMERICA ,Financials,2026-01-20,44.0,-10.0,54.0
BK,THE BANK OF NEW YORK MELLON ,Financials,2026-01-20,44.0,34.0,10.0
IVZ,INVESCO LTD.,Financials,2026-01-20,42.0,-6.0,48.0
NDAQ,"NASDAQ, INC.",Financials,2026-01-20,35.0,-5.0,40.0
SCHW,THE CHARLES SCHWAB ,Financials,2026-01-20,35.0,-5.0,40.0
MA,MASTERCARD INC..,Financials,2026-01-20,35.0,-33.0,68.0
V,VISA INC.,Financials,2026-01-20,35.0,-6.0,41.0
WTW,WILLIS TOWERS WATSON,Financials,2026-01-20,32.0,13.0,19.0
GL,GLOBE LIFE INC.,Financials,2026-01-20,31.0,-10.0,41.0
JKHY,"JACK HENRY & ASSOCIATES, INC.",Financials,2026-01-20,29.0,-3.0,32.0
USB,U.S. BANCORP,Financials,2026-01-20,29.0,49.0,-20.0
ACGL,ARCH CAPITAL GROUP LTD.,Financials,2026-01-20,26.0,28.0,-2.0
MS,MORGAN STANLEY,Financials,2026-01-20,26.0,3.0,23.0
HOOD,"ROBINHOOD MARKETS, INC.",Financials,2026-01-20,24.0,53.0,-29.0
APO,"APOLLO GLOBAL MANAGEMENT, INC.",Financials,2026-01-20,23.0,-5.0,28.0
EG,"EVEREST GROUP, LTD.",Financials,2026-01-20,23.0,23.0,0.0
IBKR,"INTERACTIVE BROKERS GROUP, INC.",Financials,2026-01-20,22.0,1.0,21.0
FIS,FIDELITY NATIONAL INFORMATION SERVICES,Financials,2026-01-20,20.0,-17.0,37.0
CINF,CINCINNATI FINANCIAL ,Financials,2026-01-20,20.0,63.0,-43.0
PFG,"PRINCIPAL FINANCIAL GROUP, INC.",Financials,2026-01-20,20.0,55.0,-35.0
COF,CAPITAL ONE FINANCIAL ,Financials,2026-01-20,18.0,44.0,-26.0
SYF,SYNCHRONY FINANCIAL,Financials,2026-01-20,18.0,70.0,-52.0
GS,"THE GOLDMAN SACHS GROUP, INC.",Financials,2026-01-20,16.0,29.0,-13.0
AXP,AMERICAN EXPRESS COMPANY,Financials,2026-01-20,15.0,56.0,-41.0
PRU,"PRUDENTIAL FINANCIAL, INC.",Financials,2026-01-20,13.0,47.0,-34.0
XYZ,"BLOCK, INC.",Financials,2026-01-20,13.0,-14.0,27.0
RF,REGIONS FINANCIAL ,Financials,2026-01-20,11.0,47.0,-36.0
CB,CHUBB LTD,Financials,2026-01-20,9.0,28.0,-19.0
WRB,W. R. BERKLEY ,Financials,2026-01-20,6.0,-16.0,22.0
ARES,ARES MANAGEMENT CORP,Financials,2026-01-20,5.0,12.0,-7.0
TFC,TRUIST FINANCIAL ,Financials,2026-01-20,5.0,45.0,-40.0
AFL,AFLAC INC.,Financials,2026-01-20,4.0,4.0,0.0
COIN,"COINBASE GLOBAL, INC.",Financials,2026-01-20,4.0,-14.0,18.0
AMP,"AMERIPRISE FINANCIAL, INC.",Financials,2026-01-20,3.0,-28.0,31.0
BX,BLACKSTONE INC,Financials,2026-01-20,3.0,-12.0,15.0
KKR,KKR & CO. INC.,Financials,2026-01-20,2.0,16.0,-14.0
GPN,GLOBAL PAYMENTS INC.,Financials,2026-01-20,1.0,-35.0,36.0
ALL,THE ALLSTATE ,Financials,2026-01-20,-0.0,41.0,-41.0
AIG,"AMERICAN INTERNATIONAL GROUP, INC.",Financials,2026-01-20,0.0,0.0,0.0
TRV,"THE TRAVELERS COMPANIES, INC.",Financials,2026-01-20,-0.0,31.0,-31.0
KEY,KEYCORP,Financials,2026-01-20,-1.0,6.0,-7.0
TROW,"T. ROWE PRICE GROUP, INC.",Financials,2026-01-20,-2.0,-37.0,35.0
PYPL,"PAYPAL HOLDINGS, INC.",Financials,2026-01-20,-3.0,4.0,-7.0
HBAN,HUNTINGTON BANCSHARES INC.,Financials,2026-01-20,-3.0,15.0,-18.0
MET,"METLIFE, INC.",Financials,2026-01-20,-3.0,18.0,-21.0
NTRS,NORTHERN TRUST ,Financials,2026-01-20,-8.0,19.0,-27.0
AIZ,"ASSURANT, INC.",Financials,2026-01-20,-8.0,44.0,-52.0
STT,STATE STREET ,Financials,2026-01-20,-9.0,47.0,-56.0
CBOE,"CBOE GLOBAL MARKETS, INC.",Financials,2026-01-20,-9.0,-26.0,17.0
MSCI,MSCI INC.,Financials,2026-01-20,-11.0,-20.0,9.0
MCO,MOODY'S ,Financials,2026-01-20,-11.0,-57.0,46.0
BEN,"FRANKLIN RESOURCES, INC.",Financials,2026-01-20,-12.0,-17.0,5.0
BLK,"BLACKROCK, INC.",Financials,2026-01-20,-12.0,-32.0,20.0
SPGI,S&P GLOBAL INC.,Financials,2026-01-20,-13.0,-54.0,41.0
PGR,THE PROGRESSIVE ,Financials,2026-01-20,-14.0,37.0,-51.0
CFG,"CITIZENS FINANCIAL GROUP, INC.",Financials,2026-01-20,-16.0,62.0,-78.0
L,LOEWS ,Financials,2026-01-20,-18.0,6.0,-24.0
C,CITIGROUP INC.,Financials,2026-01-20,-19.0,-19.0,0.0
MTB,M&T BANK ,Financials,2026-01-20,-20.0,-30.0,10.0
FITB,FIFTH THIRD BANCORP,Financials,2026-01-20,-20.0,6.0,-26.0
BRO,"BROWN & BROWN, INC.",Financials,2026-01-20,-21.0,-21.0,0.0
ERIE,ERIE INDEMNITY COMPANY,Financials,2026-01-20,-21.0,-48.0,27.0
AJG,ARTHUR J. GALLAGHER & CO.,Financials,2026-01-20,-26.0,-14.0,-12.0
RJF,"RAYMOND JAMES FINANCIAL, INC.",Financials,2026-01-20,-28.0,-37.0,9.0
HIG,THE HARTFORD FINANCIAL SERVICES GROUP,Financials,2026-01-20,-31.0,5.0,-36.0
BRK.B,"BERKSHIRE HATHAWAY INC.,",Financials,2026-01-20,-33.0,6.0,-39.0
MMC,"MARSH & MCLENNAN COMPANIES, INC.",Financials,2026-01-20,-34.0,26.0,-60.0
PNC,"THE PNC FINANCIAL SERVICES GROUP, INC.",Financials,2026-01-20,-37.0,-12.0,-25.0
FDS,FACTSET RESEARCH SYSTEMS INC.,Financials,2026-01-20,-42.0,-28.0,-14.0
FISV,"FISERV, INC.",Financials,2026-01-20,-42.0,-27.0,-15.0
CPAY,"FLEETCOR TECHNOLOGIES, INC.",Financials,2026-01-20,-43.0,-63.0,20.0
CME,CME GROUP INC.,Financials,2026-01-20,-53.0,-28.0,-25.0
ICE,"INTERCONTINENTAL EXCHANGE, INC.",Financials,2026-01-20,-53.0,-41.0,-12.0
EWQ,ISHARES:MSCI FRANCE,Foreign,2026-01-20,65.0,-10.0,75.0
EIS,ISHARES:MSCI ISRAEL,Foreign,2026-01-20,46.0,-3.0,49.0
EWG,ISHARES:MSCI GERMANY,Foreign,2026-01-20,35.0,-24.0,59.0
GREK,GLBL X MSCI GREECE,Foreign,2026-01-20,29.0,14.0,15.0
MCHI,ISHARES:MSCI CHINA,Foreign,2026-01-20,22.0,-6.0,28.0
ECH,ISHARES:MSCI CHILE,Foreign,2026-01-20,19.0,27.0,-8.0
EWM,ISHARES:MSCI MALAYSIA,Foreign,2026-01-20,10.0,-45.0,55.0
VNM,VANECK:VIETNAM,Foreign,2026-01-20,9.0,-12.0,21.0
EWS,ISHARES:MSCI SINGAPORE,Foreign,2026-01-20,8.0,14.0,-6.0
ENZL,ISHARES:MSCI NEW ZLND,Foreign,2026-01-20,7.0,-48.0,55.0
EWP,ISHARES:MSCI SPAIN,Foreign,2026-01-20,6.0,5.0,1.0
EWY,ISHARES:MSCI S KOREA,Foreign,2026-01-20,3.0,-23.0,26.0
EWI,ISHARES:MSCI ITALY,Foreign,2026-01-20,0.0,2.0,-2.0
EWH,ISHARES:MSCI HONG KONG,Foreign,2026-01-20,-1.0,-9.0,8.0
EPU,ISHARES:MSCI PERU,Foreign,2026-01-20,-1.0,3.0,-4.0
EFNL,ISHARES:MSCI FINLAND,Foreign,2026-01-20,-8.0,-3.0,-5.0
EWL,ISHARES:MSCI SWITZERLAND,Foreign,2026-01-20,-10.0,-41.0,31.0
QAT,ISHARES:MSCI QATAR,Foreign,2026-01-20,-12.0,-35.0,23.0
EWC,ISHARES:MSCI CANADA,Foreign,2026-01-20,-14.0,12.0,-26.0
EWU,ISHARES:MSCI UK,Foreign,2026-01-20,-17.0,-23.0,6.0
EWA,ISHARES:MSCI AUSTRALIA,Foreign,2026-01-20,-20.0,-53.0,33.0
EWO,ISHARES:MSCI AUSTRIA,Foreign,2026-01-20,-20.0,4.0,-24.0
EIDO,ISHARES:MSCI INDONESIA,Foreign,2026-01-20,-20.0,-8.0,-12.0
NORW,GLBL X MSCI NORWAY ETF,Foreign,2026-01-20,-21.0,-34.0,13.0
EWJ,ISHARES:MSCI JAPAN,Foreign,2026-01-20,-24.0,-43.0,19.0
EIRL,ISHARES:MSCI IRELAND,Foreign,2026-01-20,-25.0,-13.0,-12.0
INDA,ISHARES:MSCI INDIA,Foreign,2026-01-20,-25.0,-74.0,49.0
EPOL,ISHARES:MSCI POLAND,Foreign,2026-01-20,-33.0,21.0,-54.0
EDEN,ISHARES:MSCI DENMARK,Foreign,2026-01-20,-34.0,-61.0,27.0
TUR,ISHARES:MSCI TURKEY,Foreign,2026-01-20,-39.0,-2.0,-37.0
EWZ,ISHARES:MSCI BRAZIL,Foreign,2026-01-20,-45.0,-24.0,-21.0
EWK,ISHARES:MSCI BELGIUM,Foreign,2026-01-20,-50.0,6.0,-56.0
EWN,ISHARES:MSCI NETHERLANDS,Foreign,2026-01-20,-51.0,-53.0,2.0
EPHE,ISHARES:MSCI PHILIPPINES,Foreign,2026-01-20,-58.0,-51.0,-7.0
EWD,ISHARES:MSCI SWEDEN,Foreign,2026-01-20,-66.0,-53.0,-13.0
THD,ISHARES:MSCI THAI,Foreign,2026-01-20,-68.0,-22.0,-46.0
EWT,ISHARES:MSCI TAIWAN,Foreign,2026-01-20,-69.0,-27.0,-42.0
EWW,ISHARES:MSCI MEXICO,Foreign,2026-01-20,-77.0,-23.0,-54.0
NQ=F,NASDAQ 100 FUTURES,Futures,2026-01-20,28.0,-64.0,92.0
ES=F,E-MINI S&P 500 FUTURES,Futures,2026-01-20,14.0,-48.0,62.0
BTC=F,BITCOIN FUTURES,Futures,2026-01-20,-49.0,-45.0,-4.0
ABBV,ABBVIE INC.,Health Care,2026-01-20,64.0,13.0,51.0
ABT,ABBOTT LABORATORIES,Health Care,2026-01-20,47.0,19.0,28.0
MDT,MEDTRONIC PUBLIC LIMITED COMPANY,Health Care,2026-01-20,47.0,54.0,-7.0
REGN,"REGENERON PHARMACEUTICALS, INC.",Health Care,2026-01-20,45.0,14.0,31.0
LLY,ELI LILLY AND COMPANY,Health Care,2026-01-20,44.0,-9.0,53.0
HSIC,"HENRY SCHEIN, INC.",Health Care,2026-01-20,42.0,-28.0,70.0
GEHC,GE HEALTHCARE TECHNOLOGIES INC.,Health Care,2026-01-20,40.0,-26.0,66.0
BIIB,BIOGEN INC.,Health Care,2026-01-20,39.0,20.0,19.0
STE,STERIS PUBLIC LIMITED COMPANY,Health Care,2026-01-20,35.0,-20.0,55.0
BMY,BRISTOL-MYERS SQUIBB COMPANY,Health Care,2026-01-20,33.0,1.0,32.0
MTD,METTLER-TOLEDO INTERNATIONAL INC.,Health Care,2026-01-20,28.0,6.0,22.0
A,"AGILENT TECHNOLOGIES, INC.",Health Care,2026-01-20,26.0,43.0,-17.0
VRTX,VERTEX PHARMACEUTICALS INC.,Health Care,2026-01-20,26.0,14.0,12.0
CAH,"CARDINAL HEALTH, INC.",Health Care,2026-01-20,25.0,25.0,0.0
WST,"WEST PHARMACEUTICAL SERVICES, INC.",Health Care,2026-01-20,25.0,23.0,2.0
PODD,INSULET ,Health Care,2026-01-20,24.0,24.0,0.0
ISRG,"INTUITIVE SURGICAL, INC.",Health Care,2026-01-20,18.0,15.0,3.0
IDXX,"IDEXX LABORATORIES, INC.",Health Care,2026-01-20,18.0,53.0,-35.0
GILD,"GILEAD SCIENCES, INC.",Health Care,2026-01-20,16.0,44.0,-28.0
ZBH,"ZIMMER BIOMET HOLDINGS, INC.",Health Care,2026-01-20,15.0,2.0,13.0
EW,EDWARDS LIFESCIENCES ,Health Care,2026-01-20,14.0,26.0,-12.0
SOLV,SOLVENTUM ,Health Care,2026-01-20,11.0,18.0,-7.0
HCA,"HCA HEALTHCARE, INC.",Health Care,2026-01-20,8.0,40.0,-32.0
WAT,WATERS ,Health Care,2026-01-20,4.0,14.0,-10.0
COR,"CENCORA, INC.",Health Care,2026-01-20,2.0,19.0,-17.0
UHS,"UNIVERSAL HEALTH SERVICES, INC.",Health Care,2026-01-20,-0.0,0.0,-0.0
DVA,DAVITA INC.,Health Care,2026-01-20,0.0,18.0,-18.0
JNJ,JOHNSON & JOHNSON,Health Care,2026-01-20,-1.0,33.0,-34.0
IQV,IQVIA HOLDINGS INC,Health Care,2026-01-20,-2.0,6.0,-8.0
MOH,"MOLINA HEALTHCARE, INC.",Health Care,2026-01-20,-2.0,-2.0,0.0
COO,"THE COOPER COMPANIES, INC.",Health Care,2026-01-20,-5.0,-26.0,21.0
BSX,BOSTON SCIENTIFIC ,Health Care,2026-01-20,-9.0,-1.0,-8.0
HOLX,"HOLOGIC, INC.",Health Care,2026-01-20,-10.0,6.0,-16.0
RMD,RESMED INC.,Health Care,2026-01-20,-14.0,-40.0,26.0
MCK,MCKESSON ,Health Care,2026-01-20,-16.0,20.0,-36.0
INCY,INCYTE ,Health Care,2026-01-20,-16.0,-1.0,-15.0
HUM,HUMANA INC.,Health Care,2026-01-20,-18.0,1.0,-19.0
CI,THE CIGNA GROUP,Health Care,2026-01-20,-18.0,-3.0,-15.0
PFE,PFIZER INC.,Health Care,2026-01-20,-19.0,-49.0,30.0
BDX,"BECTON, DICKINSON AND COMPANY",Health Care,2026-01-20,-24.0,-7.0,-17.0
ALGN,"ALIGN TECHNOLOGY, INC.",Health Care,2026-01-20,-24.0,-7.0,-17.0
MRK,"MERCK & CO., INC.",Health Care,2026-01-20,-24.0,-48.0,24.0
AMGN,AMGEN INC.,Health Care,2026-01-20,-26.0,-5.0,-21.0
SYK,STRYKER ,Health Care,2026-01-20,-28.0,6.0,-34.0
DGX,QUEST DIAGNOSTICS INC.,Health Care,2026-01-20,-28.0,-10.0,-18.0
TMO,THERMO FISHER SCIENTIFIC INC.,Health Care,2026-01-20,-30.0,-16.0,-14.0
ELV,"ELEVANCE HEALTH, INC.",Health Care,2026-01-20,-30.0,-40.0,10.0
CVS,CVS HEALTH ,Health Care,2026-01-20,-31.0,-1.0,-30.0
LH,LABORATORY  OF AMERICA HOLDINGS,Health Care,2026-01-20,-33.0,-12.0,-21.0
DHR,DANAHER ,Health Care,2026-01-20,-38.0,-23.0,-15.0
RVTY,"REVVITY, INC.",Health Care,2026-01-20,-39.0,-17.0,-22.0
CNC,CENTENE ,Health Care,2026-01-20,-43.0,-43.0,0.0
BAX,BAXTER INTERNATIONAL INC.,Health Care,2026-01-20,-45.0,23.0,-68.0
VTRS,VIATRIS INC.,Health Care,2026-01-20,-48.0,-41.0,-7.0
CRL,CHARLES RIVER LABORATORIES,Health Care,2026-01-20,-48.0,-40.0,-8.0
DXCM,"DEXCOM, INC.",Health Care,2026-01-20,-49.0,-7.0,-42.0
ZTS,ZOETIS INC.,Health Care,2026-01-20,-52.0,-36.0,-16.0
UNH,UNITEDHEALTH GROUP INC.,Health Care,2026-01-20,-52.0,-5.0,-47.0
MRNA,"MODERNA, INC.",Health Care,2026-01-20,-69.0,-37.0,-32.0
TECH,BIO-TECHNE ,Health Care,2026-01-20,-72.0,-8.0,-64.0
NDX,NASDAQ 100 INDEX,Indices,2026-01-20,28.0,-22.0,50.0
SPX,S&P 500 INDEX,Indices,2026-01-20,-16.0,-74.0,58.0
DJI,DOW JONES INDUSTRIAL AVG INDEX,Indices,2026-01-20,-34.0,-48.0,14.0
DXY,US DOLLAR INDEX,Indices,2026-01-20,-48.0,-34.0,-14.0
RUT,RUSSELL 2000 INDEX,Indices,2026-01-20,-51.0,-34.0,-17.0
NSC,NORFOLK SOUTHERN ,Industrials,2026-01-20,71.0,12.0,59.0
LDOS,"LEIDOS HOLDINGS, INC.",Industrials,2026-01-20,35.0,34.0,1.0
XYL,XYLEM INC.,Industrials,2026-01-20,35.0,-17.0,52.0
GEV,GE VERNOVA INC.,Industrials,2026-01-20,32.0,-34.0,66.0
PAYX,"PAYCHEX, INC.",Industrials,2026-01-20,25.0,12.0,13.0
CHRW,"C.H. ROBINSON WORLDWIDE, INC.",Industrials,2026-01-20,21.0,19.0,2.0
UAL,"UNITED AIRLINES HOLDINGS, INC.",Industrials,2026-01-20,20.0,30.0,-10.0
UNP,UNION PACIFIC ,Industrials,2026-01-20,20.0,31.0,-11.0
LUV,SOUTHWEST AIRLINES CO.,Industrials,2026-01-20,17.0,9.0,8.0
DAL,"DELTA AIR LINES, INC.",Industrials,2026-01-20,16.0,44.0,-28.0
CAT,CATERPILLAR INC.,Industrials,2026-01-20,14.0,16.0,-2.0
EFX,EQUIFAX INC.,Industrials,2026-01-20,13.0,-3.0,16.0
ADP,"AUTOMATIC DATA PROCESSING, INC.",Industrials,2026-01-20,13.0,20.0,-7.0
FTV,FORTIVE ,Industrials,2026-01-20,13.0,-3.0,16.0
PAYC,"PAYCOM SOFTWARE, INC.",Industrials,2026-01-20,11.0,22.0,-11.0
RTX,RTX ,Industrials,2026-01-20,10.0,-17.0,27.0
GE,GENERAL ELECTRIC COMPANY,Industrials,2026-01-20,8.0,24.0,-16.0
WM,"WASTE MANAGEMENT, INC.",Industrials,2026-01-20,7.0,-27.0,34.0
CMI,CUMMINS INC.,Industrials,2026-01-20,7.0,6.0,1.0
ROK,"ROCKWELL AUTOMATION, INC.",Industrials,2026-01-20,5.0,-20.0,25.0
JCI,JOHNSON CONTROLS INTERNATIONAL PLC,Industrials,2026-01-20,0.0,0.0,0.0
FIX,"COMFORT SYSTEMS USA, INC.",Industrials,2026-01-20,-3.0,26.0,-29.0
ALLE,ALLEGION PUBLIC LIMITED COMPANY,Industrials,2026-01-20,-5.0,3.0,-8.0
ROL,"ROLLINS, INC.",Industrials,2026-01-20,-8.0,6.0,-14.0
VRSK,"VERISK ANALYTICS, INC.",Industrials,2026-01-20,-9.0,-9.0,0.0
CSX,CSX ,Industrials,2026-01-20,-10.0,-10.0,0.0
FDX,FEDEX ,Industrials,2026-01-20,-12.0,-19.0,7.0
MMM,3M COMPANY,Industrials,2026-01-20,-12.0,16.0,-28.0
OTIS,OTIS WORLDWIDE ,Industrials,2026-01-20,-13.0,-2.0,-11.0
PWR,"QUANTA SERVICES, INC.",Industrials,2026-01-20,-14.0,-15.0,1.0
EME,"EMCOR GROUP, INC.",Industrials,2026-01-20,-14.0,-19.0,5.0
LHX,"L3HARRIS TECHNOLOGIES, INC.",Industrials,2026-01-20,-16.0,-51.0,35.0
EMR,EMERSON ELECTRIC CO.,Industrials,2026-01-20,-16.0,-40.0,24.0
LII,LENNOX INTERNATIONAL INC.,Industrials,2026-01-20,-18.0,-43.0,25.0
UPS,"UNITED PARCEL SERVICE, INC.",Industrials,2026-01-20,-20.0,-6.0,-14.0
EXPD,EXPEDITORS INTERNATIONAL OF WASHINGTON,Industrials,2026-01-20,-20.0,-31.0,11.0
JBHT,"J. B. HUNT TRANSPORT SERVICES, INC.",Industrials,2026-01-20,-20.0,-45.0,25.0
RSG,"REPUBLIC SERVICES, INC.",Industrials,2026-01-20,-21.0,-6.0,-15.0
PNR,PENTAIR PUBLIC LIMITED COMPANY,Industrials,2026-01-20,-22.0,-36.0,14.0
FAST,FASTENAL COMPANY,Industrials,2026-01-20,-22.0,-12.0,-10.0
LMT,LOCKHEED MARTIN ,Industrials,2026-01-20,-23.0,-37.0,14.0
AXON,"AXON ENTERPRISE, INC.",Industrials,2026-01-20,-23.0,-41.0,18.0
PH,PARKER-HANNIFIN ,Industrials,2026-01-20,-24.0,-43.0,19.0
J,JACOBS SOLUTIONS INC.,Industrials,2026-01-20,-26.0,-35.0,9.0
HWM,HOWMET AEROSPACE INC.,Industrials,2026-01-20,-26.0,17.0,-43.0
AME,"AMETEK, INC.",Industrials,2026-01-20,-27.0,-43.0,16.0
ETN,EATON  PUBLIC LIMITED COMPANY,Industrials,2026-01-20,-27.0,-19.0,-8.0
BR,"BROADRIDGE FINANCIAL SOLUTIONS, INC.",Industrials,2026-01-20,-28.0,-2.0,-26.0
CPRT,"COPART, INC.",Industrials,2026-01-20,-28.0,-17.0,-11.0
TXT,TEXTRON INC.,Industrials,2026-01-20,-28.0,-33.0,5.0
HII,"HUNTINGTON INGALLS INDUSTRIES, INC.",Industrials,2026-01-20,-30.0,-30.0,0.0
DOV,DOVER ,Industrials,2026-01-20,-31.0,-36.0,5.0
UBER,"UBER TECHNOLOGIES, INC.",Industrials,2026-01-20,-31.0,-31.0,0.0
URI,"UNITED RENTALS, INC.",Industrials,2026-01-20,-33.0,-35.0,2.0
CARR,CARRIER GLOBAL ,Industrials,2026-01-20,-33.0,-40.0,7.0
GD,GENERAL DYNAMICS ,Industrials,2026-01-20,-33.0,-57.0,24.0
SWK,"STANLEY BLACK & DECKER, INC.",Industrials,2026-01-20,-33.0,-26.0,-7.0
WAB,WESTINGHOUSE AIR BRAKE TECHNOLOGIES ,Industrials,2026-01-20,-34.0,-43.0,9.0
DAY,"DAYFORCE, INC.",Industrials,2026-01-20,-35.0,-22.0,-13.0
HUBB,HUBBELL INC.,Industrials,2026-01-20,-37.0,-43.0,6.0
NOC,NORTHROP GRUMMAN ,Industrials,2026-01-20,-37.0,-37.0,0.0
TT,TRANE TECHNOLOGIES PLC,Industrials,2026-01-20,-39.0,-14.0,-25.0
ODFL,"OLD DOMINION FREIGHT LINE, INC.",Industrials,2026-01-20,-40.0,-26.0,-14.0
VLTO,VERALTO ,Industrials,2026-01-20,-42.0,-31.0,-11.0
ITW,ILLINOIS TOOL WORKS INC.,Industrials,2026-01-20,-43.0,-50.0,7.0
DE,DEERE & COMPANY,Industrials,2026-01-20,-43.0,-17.0,-26.0
IR,INGERSOLL RAND INC.,Industrials,2026-01-20,-43.0,-26.0,-17.0
PCAR,PACCAR INC,Industrials,2026-01-20,-43.0,-26.0,-17.0
BA,THE BOEING COMPANY,Industrials,2026-01-20,-43.0,-53.0,10.0
HON,HONEYWELL INTERNATIONAL INC.,Industrials,2026-01-20,-46.0,-20.0,-26.0
GWW,"W.W. GRAINGER, INC.",Industrials,2026-01-20,-48.0,-23.0,-25.0
AOS,A. O. SMITH ,Industrials,2026-01-20,-49.0,-41.0,-8.0
GNRC,GENERAC HOLDINGS INC.,Industrials,2026-01-20,-56.0,-36.0,-20.0
NDSN,NORDSON ,Industrials,2026-01-20,-56.0,-56.0,0.0
TDG,TRANSDIGM GROUP INC.,Industrials,2026-01-20,-56.0,-39.0,-17.0
IEX,IDEX ,Industrials,2026-01-20,-64.0,-26.0,-38.0
MAS,MASCO ,Industrials,2026-01-20,-70.0,1.0,-71.0
BLDR,"BUILDERS FIRSTSOURCE, INC.",Industrials,2026-01-20,-70.0,-27.0,-43.0
SNA,SNAP-ON INC.,Industrials,2026-01-20,-77.0,-27.0,-50.0
CTAS,CINTAS ,Industrials,2026-01-20,-90.0,-67.0,-23.0
STX,SEAGATE TECHNOLOGY HOLDINGS,Information Technology,2026-01-20,58.0,33.0,25.0
WDC,WESTERN DIGITAL ,Information Technology,2026-01-20,58.0,33.0,25.0
GEN,GEN DIGITAL INC.,Information Technology,2026-01-20,36.0,47.0,-11.0
FICO,FAIR ISAAC ,Information Technology,2026-01-20,31.0,-32.0,63.0
FSLR,"FIRST SOLAR, INC.",Information Technology,2026-01-20,31.0,37.0,-6.0
CSCO,"CISCO SYSTEMS, INC.",Information Technology,2026-01-20,30.0,54.0,-24.0
ORCL,ORACLE ,Information Technology,2026-01-20,29.0,-3.0,32.0
WDAY,"WORKDAY, INC.",Information Technology,2026-01-20,28.0,-11.0,39.0
ROP,"ROPER TECHNOLOGIES, INC.",Information Technology,2026-01-20,26.0,1.0,25.0
EPAM,"EPAM SYSTEMS, INC.",Information Technology,2026-01-20,25.0,25.0,0.0
SWKS,"SKYWORKS SOLUTIONS, INC.",Information Technology,2026-01-20,25.0,48.0,-23.0
MU,"MICRON TECHNOLOGY, INC.",Information Technology,2026-01-20,21.0,-11.0,32.0
ANET,"ARISTA NETWORKS, INC.",Information Technology,2026-01-20,21.0,3.0,18.0
TER,"TERADYNE, INC.",Information Technology,2026-01-20,19.0,19.0,0.0
DELL,DELL TECHNOLOGIES INC.,Information Technology,2026-01-20,14.0,6.0,8.0
CTSH,COGNIZANT TECHNOLOGY SOLUTIONS ,Information Technology,2026-01-20,13.0,15.0,-2.0
GLW,CORNING INC.,Information Technology,2026-01-20,11.0,9.0,2.0
QCOM,QUALCOMM INC.,Information Technology,2026-01-20,11.0,13.0,-2.0
CDNS,"CADENCE DESIGN SYSTEMS, INC.",Information Technology,2026-01-20,8.0,3.0,5.0
ADSK,"AUTODESK, INC.",Information Technology,2026-01-20,6.0,-51.0,57.0
SMCI,"SUPER MICRO COMPUTER, INC.",Information Technology,2026-01-20,3.0,-7.0,10.0
CDW,CDW ,Information Technology,2026-01-20,3.0,-14.0,17.0
IBM,INTERNATIONAL BUSINESS MACHINES ,Information Technology,2026-01-20,2.0,3.0,-1.0
SNDK,SANDISK CORPORATION,Information Technology,2026-01-20,2.0,14.0,-12.0
INTU,INTUIT INC.,Information Technology,2026-01-20,0.0,11.0,-11.0
GDDY,GODADDY INC.,Information Technology,2026-01-20,-0.0,-54.0,54.0
DDOG,"DATADOG, INC.",Information Technology,2026-01-20,-1.0,5.0,-6.0
TDY,TELEDYNE TECHNOLOGIES INC.,Information Technology,2026-01-20,-2.0,-22.0,20.0
AKAM,"AKAMAI TECHNOLOGIES, INC.",Information Technology,2026-01-20,-3.0,-17.0,14.0
AVGO,BROADCOM INC.,Information Technology,2026-01-20,-3.0,-16.0,13.0
PTC,PTC INC.,Information Technology,2026-01-20,-3.0,-17.0,14.0
VRSN,"VERISIGN, INC.",Information Technology,2026-01-20,-5.0,-5.0,0.0
Q,"QNITY ELECTRONICS, INC.",Information Technology,2026-01-20,-6.0,-6.0,0.0
AAPL,APPLE INC.,Information Technology,2026-01-20,-7.0,19.0,-26.0
APP,APPLOVIN CORP,Information Technology,2026-01-20,-7.0,-7.0,0.0
TYL,"TYLER TECHNOLOGIES, INC.",Information Technology,2026-01-20,-9.0,3.0,-12.0
HPE,HEWLETT PACKARD ENTERPRISE COMPANY,Information Technology,2026-01-20,-10.0,32.0,-42.0
IT,"GARTNER, INC.",Information Technology,2026-01-20,-10.0,-18.0,8.0
KLAC,KLA ,Information Technology,2026-01-20,-10.0,-23.0,13.0
MSFT,MICROSOFT ,Information Technology,2026-01-20,-11.0,17.0,-28.0
ADBE,ADOBE INC.,Information Technology,2026-01-20,-11.0,-3.0,-8.0
LRCX,LAM RESEARCH ,Information Technology,2026-01-20,-11.0,-32.0,21.0
HPQ,HP INC.,Information Technology,2026-01-20,-11.0,-41.0,30.0
KEYS,"KEYSIGHT TECHNOLOGIES, INC.",Information Technology,2026-01-20,-12.0,-6.0,-6.0
FFIV,"F5, INC.",Information Technology,2026-01-20,-13.0,-14.0,1.0
TRMB,TRIMBLE INC.,Information Technology,2026-01-20,-13.0,18.0,-31.0
AMAT,"APPLIED MATERIALS, INC.",Information Technology,2026-01-20,-14.0,-17.0,3.0
TEL,TE CONNECTIVITY LTD,Information Technology,2026-01-20,-16.0,15.0,-31.0
NTAP,"NETAPP, INC.",Information Technology,2026-01-20,-16.0,-17.0,1.0
MPWR,"MONOLITHIC POWER SYSTEMS, INC.",Information Technology,2026-01-20,-16.0,-2.0,-14.0
NVDA,NVIDIA ,Information Technology,2026-01-20,-16.0,-13.0,-3.0
CRWD,"CROWDSTRIKE HOLDINGS, INC.",Information Technology,2026-01-20,-16.0,-40.0,24.0
MSI,"MOTOROLA SOLUTIONS, INC.",Information Technology,2026-01-20,-17.0,-20.0,3.0
ACN,ACCENTURE PUBLIC LIMITED COMPANY,Information Technology,2026-01-20,-17.0,-36.0,19.0
APH,AMPHENOL ,Information Technology,2026-01-20,-20.0,-6.0,-14.0
PLTR,PALANTIR TECHNOLOGIES INC.,Information Technology,2026-01-20,-20.0,69.0,-89.0
AMD,"ADVANCED MICRO DEVICES, INC.",Information Technology,2026-01-20,-20.0,-12.0,-8.0
NXPI,NXP SEMICONDUCTORS NV,Information Technology,2026-01-20,-24.0,-37.0,13.0
NOW,"SERVICENOW, INC.",Information Technology,2026-01-20,-26.0,-26.0,0.0
PANW,"PALO ALTO NETWORKS, INC.",Information Technology,2026-01-20,-26.0,-21.0,-5.0
TXN,TEXAS INSTRUMENTS INC.,Information Technology,2026-01-20,-28.0,6.0,-34.0
CRM,"SALESFORCE, INC.",Information Technology,2026-01-20,-29.0,-2.0,-27.0
ZBRA,ZEBRA TECHNOLOGIES ,Information Technology,2026-01-20,-34.0,-2.0,-32.0
ADI,"ANALOG DEVICES, INC.",Information Technology,2026-01-20,-35.0,-14.0,-21.0
INTC,INTEL ,Information Technology,2026-01-20,-39.0,-23.0,-16.0
ON,ON SEMICONDUCTOR ,Information Technology,2026-01-20,-45.0,-24.0,-21.0
FTNT,"FORTINET, INC.",Information Technology,2026-01-20,-52.0,6.0,-58.0
SNPS,"SYNOPSYS, INC.",Information Technology,2026-01-20,-57.0,-40.0,-17.0
JBL,JABIL INC.,Information Technology,2026-01-20,-58.0,-20.0,-38.0
MCHP,MICROCHIP TECHNOLOGY INC.,Information Technology,2026-01-20,-102.0,-40.0,-62.0
BTI,BRITISH AMERICAN TOBACCO P.L.C.,MR Discretion,2026-01-20,61.0,29.0,32.0
CIVI,"CIVITAS RESOURCES, INC.",MR Discretion,2026-01-20,29.0,-23.0,52.0
CMRE,COSTAMARE INC.,MR Discretion,2026-01-20,28.0,42.0,-14.0
XOP,SPDR S&P OIL&GAS EXP,MR Discretion,2026-01-20,14.0,-10.0,24.0
SD,"SANDRIDGE ENERGY, INC.",MR Discretion,2026-01-20,10.0,-15.0,25.0
PAM,PAMPA ENERGIA SA,MR Discretion,2026-01-20,5.0,-3.0,8.0
STLA,STELLANTIS NV,MR Discretion,2026-01-20,4.0,-11.0,15.0
CRESY,CRESUD INC.,MR Discretion,2026-01-20,3.0,-21.0,24.0
EC,ECOPETROL SA,MR Discretion,2026-01-20,-2.0,-17.0,15.0
GNK,GENCO SHIPPING & TRADING LIMITED,MR Discretion,2026-01-20,-3.0,-20.0,17.0
CALM,"CAL-MAINE FOODS, INC.",MR Discretion,2026-01-20,-4.0,-16.0,12.0
ICL,ICL GROUP LTD,MR Discretion,2026-01-20,-5.0,-1.0,-4.0
MP,MP MATERIALS CORP,MR Discretion,2026-01-20,-8.0,-16.0,8.0
URNM,SPROTT URANIUM MINERS,MR Discretion,2026-01-20,-9.0,-36.0,27.0
GLATF,GLOBAL ATOMIC ,MR Discretion,2026-01-20,-10.0,3.0,-13.0
ROKU,"ROKU, INC.",MR Discretion,2026-01-20,-12.0,36.0,-48.0
TECK,TECK RESOURCES LIMITED,MR Discretion,2026-01-20,-16.0,-54.0,38.0
BTU,PEABODY ENERGY ,MR Discretion,2026-01-20,-22.0,-8.0,-14.0
ASC,ARDMORE SHIPPING ,MR Discretion,2026-01-20,-28.0,6.0,-34.0
DHT,"DHT HOLDINGS, INC.",MR Discretion,2026-01-20,-33.0,33.0,-66.0
PBR,BRAZILIAN PETROLEUM  - PETROBRAS,MR Discretion,2026-01-20,-36.0,-33.0,-3.0
GGB,GERDAU SA,MR Discretion,2026-01-20,-37.0,-22.0,-15.0
CCJ,CAMECO ,MR Discretion,2026-01-20,-39.0,-36.0,-3.0
CNR,"CORE NATURAL RESOURCES, INC.",MR Discretion,2026-01-20,-40.0,-22.0,-18.0
TDW,TIDEWATER INC.,MR Discretion,2026-01-20,-40.0,-36.0,-4.0
FTI,TECHNIPFMC PLC,MR Discretion,2026-01-20,-43.0,-26.0,-17.0
CMBT,CMB.TECH NV,MR Discretion,2026-01-20,-48.0,-37.0,-11.0
NOV,NOV INC.,MR Discretion,2026-01-20,-54.0,-22.0,-32.0
SBLK,STAR BULK CARRIERS CORP.,MR Discretion,2026-01-20,-60.0,-24.0,-36.0
TS,TENARIS SA,MR Discretion,2026-01-20,-60.0,-20.0,-40.0
XES,SPDR S&P OIL&GAS E&S,MR Discretion,2026-01-20,-64.0,-26.0,-38.0
GEOS,GEOSPACE TECHNOLOGIES ,MR Discretion,2026-01-20,-64.0,-43.0,-21.0
FRO,FRONTLINE PLC,MR Discretion,2026-01-20,-68.0,-68.0,0.0
VAL,VALARIS LIMITED,MR Discretion,2026-01-20,-79.0,-3.0,-76.0
RIG,TRANSOCEAN LTD,MR Discretion,2026-01-20,-81.0,-24.0,-57.0
STNG,SCORPIO TANKERS INC.,MR Discretion,2026-01-20,-85.0,-10.0,-75.0
HLX,"HELIX ENERGY SOLUTIONS GROUP, INC.",MR Discretion,2026-01-20,-85.0,-77.0,-8.0
CRH,CRH PUBLIC LIMITED COMPANY,Materials,2026-01-20,50.0,-19.0,69.0
STLD,"STEEL DYNAMICS, INC.",Materials,2026-01-20,47.0,40.0,7.0
NEM,NEWMONT ,Materials,2026-01-20,36.0,-14.0,50.0
AMCR,AMCOR PLC,Materials,2026-01-20,27.0,8.0,19.0
CTVA,"CORTEVA, INC.",Materials,2026-01-20,8.0,-6.0,14.0
DD,"DUPONT DE NEMOURS, INC.",Materials,2026-01-20,6.0,17.0,-11.0
AVY,AVERY DENNISON ,Materials,2026-01-20,-1.0,-40.0,39.0
VMC,VULCAN MATERIALS COMPANY,Materials,2026-01-20,-13.0,-37.0,24.0
ALB,ALBEMARLE ,Materials,2026-01-20,-14.0,13.0,-27.0
PKG,PACKAGING  OF AMERICA,Materials,2026-01-20,-23.0,-43.0,20.0
NUE,NUCOR ,Materials,2026-01-20,-24.0,-12.0,-12.0
MLM,"MARTIN MARIETTA MATERIALS, INC.",Materials,2026-01-20,-25.0,-48.0,23.0
CF,"CF INDUSTRIES HOLDINGS, INC.",Materials,2026-01-20,-28.0,-17.0,-11.0
FCX,FREEPORT-MCMORAN INC.,Materials,2026-01-20,-30.0,-30.0,0.0
APD,"AIR PRODUCTS AND CHEMICALS, INC.",Materials,2026-01-20,-34.0,-53.0,19.0
PPG,"PPG INDUSTRIES, INC.",Materials,2026-01-20,-35.0,-26.0,-9.0
BALL,BALL ,Materials,2026-01-20,-40.0,-53.0,13.0
SHW,THE SHERWIN-WILLIAMS COMPANY,Materials,2026-01-20,-43.0,-35.0,-8.0
LYB,LYONDELLBASELL INDUSTRIES NV,Materials,2026-01-20,-46.0,-9.0,-37.0
IP,INTERNATIONAL PAPER COMPANY,Materials,2026-01-20,-54.0,-35.0,-19.0
DOW,DOW INC.,Materials,2026-01-20,-56.0,-26.0,-30.0
ECL,ECOLAB INC.,Materials,2026-01-20,-57.0,-40.0,-17.0
LIN,LINDE PUBLIC LIMITED COMPANY,Materials,2026-01-20,-61.0,-56.0,-5.0
MOS,THE MOSAIC COMPANY,Materials,2026-01-20,-66.0,-61.0,-5.0
SW,SMURFIT WESTROCK PUBLIC LIMITED COMPANY,Materials,2026-01-20,-70.0,-43.0,-27.0
IFF,INTERNATIONAL FLAVORS & FRAGRANCES INC.,Materials,2026-01-20,-85.0,-26.0,-59.0
WELL,WELLTOWER INC.,Real Estate,2026-01-20,45.0,57.0,-12.0
VTR,"VENTAS, INC.",Real Estate,2026-01-20,39.0,63.0,-24.0
MAA,"MID-AMERICA APARTMENT COMMUNITIES, INC.",Real Estate,2026-01-20,35.0,-3.0,38.0
BXP,"BOSTON PROPERTIES, INC.",Real Estate,2026-01-20,12.0,-24.0,36.0
CPT,CAMDEN PROPERTY TRUST,Real Estate,2026-01-20,11.0,-10.0,21.0
SPG,"SIMON PROPERTY GROUP, INC.",Real Estate,2026-01-20,8.0,15.0,-7.0
CSGP,"COSTAR GROUP, INC.",Real Estate,2026-01-20,3.0,-3.0,6.0
SBAC,SBA COMMUNICATIONS ,Real Estate,2026-01-20,-2.0,-28.0,26.0
CBRE,"CBRE GROUP, INC.",Real Estate,2026-01-20,-9.0,7.0,-16.0
KIM,KIMCO REALTY .,Real Estate,2026-01-20,-9.0,-7.0,-2.0
HST,"HOST HOTELS & RESORTS, INC.",Real Estate,2026-01-20,-10.0,-27.0,17.0
INVH,INVITATION HOMES INC.,Real Estate,2026-01-20,-12.0,-12.0,0.0
ESS,"ESSEX PROPERTY TRUST, INC.",Real Estate,2026-01-20,-14.0,-44.0,30.0
PLD,"PROLOGIS, INC.",Real Estate,2026-01-20,-20.0,-34.0,14.0
UDR,"UDR, INC.",Real Estate,2026-01-20,-33.0,-33.0,0.0
EQIX,"EQUINIX, INC.",Real Estate,2026-01-20,-33.0,-43.0,10.0
FRT,FEDERAL REALTY INVESTMENT TRUST,Real Estate,2026-01-20,-36.0,-2.0,-34.0
WY,WEYERHAEUSER COMPANY,Real Estate,2026-01-20,-43.0,-35.0,-8.0
IRM,IRON MOUNTAIN INC.,Real Estate,2026-01-20,-43.0,-26.0,-17.0
AVB,"AVALONBAY COMMUNITIES, INC.",Real Estate,2026-01-20,-43.0,-53.0,10.0
ARE,"ALEXANDRIA REAL ESTATE EQUITIES, INC.",Real Estate,2026-01-20,-43.0,-9.0,-34.0
PSA,PUBLIC STORAGE.,Real Estate,2026-01-20,-50.0,-17.0,-33.0
REG,REGENCY CENTERS ,Real Estate,2026-01-20,-50.0,-20.0,-30.0
DOC,"HEALTHDOC PROPERTIES, INC.",Real Estate,2026-01-20,-53.0,-9.0,-44.0
EQR,EQUITY RESIDENTIAL,Real Estate,2026-01-20,-54.0,-37.0,-17.0
VICI,VICI PROPERTIES INC.,Real Estate,2026-01-20,-57.0,-28.0,-29.0
O,REALTY INCOME ,Real Estate,2026-01-20,-60.0,-2.0,-58.0
DLR,"DIGITAL REALTY TRUST, INC.",Real Estate,2026-01-20,-61.0,-26.0,-35.0
AMT,AMERICAN TOWER ,Real Estate,2026-01-20,-63.0,-20.0,-43.0
CCI,CROWN CASTLE INC.,Real Estate,2026-01-20,-64.0,-28.0,-36.0
EXR,EXTRA SPACE STORAGE INC.,Real Estate,2026-01-20,-70.0,-36.0,-34.0
XLY,SEL SECTOR:C DSC SPDR,Sector & Style ETFs,2026-01-20,52.0,3.0,49.0
QQQ,INVESCO QQQ TRUST 1,Sector & Style ETFs,2026-01-20,46.0,-8.0,54.0
XLC,SEL SECTOR:COMM SVC SPDR,Sector & Style ETFs,2026-01-20,28.0,14.0,14.0
XLK,SEL SECTOR:TECH SPDR,Sector & Style ETFs,2026-01-20,26.0,-14.0,40.0
XLF,SEL SECTOR:FINL S SPDR,Sector & Style ETFs,2026-01-20,18.0,44.0,-26.0
DIA,SPDR DOW JONES INDUS AVG,Sector & Style ETFs,2026-01-20,8.0,-36.0,44.0
XLU,SEL SECTOR:UTIL SPDR,Sector & Style ETFs,2026-01-20,7.0,7.0,0.0
SPHB,INVESCO S&P500 HI BE,Sector & Style ETFs,2026-01-20,5.0,-20.0,25.0
XLV,SEL SECTOR:H CARE SPDR,Sector & Style ETFs,2026-01-20,4.0,4.0,0.0
QUAL,ISHARES:MSCI USA QF,Sector & Style ETFs,2026-01-20,3.0,-64.0,67.0
OEF,ISHARES:S&P 100,Sector & Style ETFs,2026-01-20,2.0,-47.0,49.0
IWF,ISHARES:RUSS 1000 GR ETF,Sector & Style ETFs,2026-01-20,2.0,-47.0,49.0
XLRE,SEL SECTOR:RL EST SPDR,Sector & Style ETFs,2026-01-20,1.0,-2.0,3.0
SPY,SPDR S&P 500 ETF,Sector & Style ETFs,2026-01-20,0.0,-66.0,66.0
POWA,INVESCO BLOOMBERG PRICING POWER,Sector & Style ETFs,2026-01-20,-3.0,-26.0,23.0
MTUM,ISHARES:MSCI USA MOM FCT,Sector & Style ETFs,2026-01-20,-5.0,-67.0,62.0
RSP,INVESCO S&P500 EWGHT,Sector & Style ETFs,2026-01-20,-13.0,-70.0,57.0
SMH,VANECK:SEMICONDUCTOR,Sector & Style ETFs,2026-01-20,-24.0,-10.0,-14.0
IWD,ISHARES:RUSS 1000 VL ETF,Sector & Style ETFs,2026-01-20,-24.0,-43.0,19.0
SPLV,INVESCO S&P500 LOWVL,Sector & Style ETFs,2026-01-20,-24.0,-23.0,-1.0
XLI,SEL SECTOR:INDUST SPDR,Sector & Style ETFs,2026-01-20,-33.0,-43.0,10.0
XLB,SEL SECTOR:MATRLS SPDR,Sector & Style ETFs,2026-01-20,-35.0,-80.0,45.0
SDY,SPDR S&P DIVIDEND,Sector & Style ETFs,2026-01-20,-35.0,-20.0,-15.0
MDY,SPDR S&P MIDCAP 400 ETF,Sector & Style ETFs,2026-01-20,-40.0,-9.0,-31.0
IWM,ISHARES:RUSS 2000 ETF,Sector & Style ETFs,2026-01-20,-43.0,-26.0,-17.0
XLE,SEL SECTOR:ENERGY SPDR,Sector & Style ETFs,2026-01-20,-46.0,-6.0,-40.0
XLP,SEL SECTOR:C STP SPDR,Sector & Style ETFs,2026-01-20,-57.0,-41.0,-16.0
ATO,ATMOS ENERGY ,Utilities,2026-01-20,50.0,22.0,28.0
NRG,"NRG ENERGY, INC.",Utilities,2026-01-20,48.0,11.0,37.0
PEG,PUBLIC SERVICE ENTERPRISE GROUP INC.,Utilities,2026-01-20,34.0,24.0,10.0
AES,THE AES ,Utilities,2026-01-20,34.0,8.0,26.0
ETR,ENTERGY ,Utilities,2026-01-20,28.0,-2.0,30.0
SRE,SEMPRA,Utilities,2026-01-20,16.0,-7.0,23.0
NEE,"NEXTERA ENERGY, INC.",Utilities,2026-01-20,14.0,10.0,4.0
AEP,"AMERICAN ELECTRIC POWER COMPANY, INC.",Utilities,2026-01-20,14.0,2.0,12.0
CEG,CONSTELLATION ENERGY,Utilities,2026-01-20,14.0,11.0,3.0
EXC,EXELON ,Utilities,2026-01-20,10.0,-4.0,14.0
CNP,"CENTERPOINT ENERGY, INC.",Utilities,2026-01-20,3.0,-3.0,6.0
AWK,"AMERICAN WATER WORKS COMPANY, INC.",Utilities,2026-01-20,3.0,-10.0,13.0
CMS,CMS ENERGY ,Utilities,2026-01-20,-5.0,-14.0,9.0
EVRG,"EVERGY, INC.",Utilities,2026-01-20,-6.0,-2.0,-4.0
LNT,ALLIANT ENERGY ,Utilities,2026-01-20,-6.0,24.0,-30.0
PCG,PG&E ,Utilities,2026-01-20,-8.0,-47.0,39.0
VST,VISTRA CORP.,Utilities,2026-01-20,-11.0,-11.0,0.0
PNW,PINNACLE WEST CAPITAL ,Utilities,2026-01-20,-14.0,-17.0,3.0
XEL,XCEL ENERGY INC.,Utilities,2026-01-20,-14.0,-14.0,0.0
AEE,AMEREN ,Utilities,2026-01-20,-16.0,-8.0,-8.0
WEC,"WEC ENERGY GROUP, INC.",Utilities,2026-01-20,-18.0,-18.0,0.0
D,"DOMINION ENERGY, INC.",Utilities,2026-01-20,-18.0,5.0,-23.0
PPL,PPL ,Utilities,2026-01-20,-26.0,-26.0,0.0
ES,EVERSOURCE ENERGY,Utilities,2026-01-20,-31.0,-10.0,-21.0
EIX,EDISON INTERNATIONAL,Utilities,2026-01-20,-32.0,-41.0,9.0
DTE,DTE ENERGY COMPANY,Utilities,2026-01-20,-33.0,-41.0,8.0
SO,THE SOUTHERN COMPANY,Utilities,2026-01-20,-34.0,-31.0,-3.0
FE,FIRSTENERGY CORP.,Utilities,2026-01-20,-34.0,-22.0,-12.0
NI,NISOURCE INC.,Utilities,2026-01-20,-38.0,-4.0,-34.0
ED,"CONSOLIDATED EDISON, INC.",Utilities,2026-01-20,-43.0,-19.0,-24.0
DUK,DUKE ENERGY ,Utilities,2026-01-20,-43.0,-21.0,-22.0
VXN,CBOE NASDAQ MKT VOL NDX,Volatility,2026-01-20,-14.0,32.0,-46.0
VIX,CBOE MKT VOLATILITY IDX,Volatility,2026-01-20,-22.0,-4.0,-18.0
TYX,30 Y TSY YLD NDX,Yields,2026-01-20,-31.0,4.0,-35.0
TNX,10 Y TSY YLD NDX,Yields,2026-01-20,-34.0,-31.0,-3.0
FVX,5 YR TSY YLD NDX,Yields,2026-01-20,-51.0,-34.0,-17.0
