Ticker,Ticker_name,Category,Date,Close,day_pct_change,week_pct_change,month_pct_change,quarter_pct_change
EDV,VANGUARD EXT DUR T;ETF,Bonds,2025-12-02,67.62,0.0007,-0.0176,-0.0176,-0.0121
HYD,VANECK:HIGH YIELD MUNI,Bonds,2025-12-02,50.81,-0.0024,-0.0057,-0.0057,-0.0018
HYG,ISHARES:IBOXX $HY CORP,Bonds,2025-12-02,80.62,0.0019,-0.0046,-0.0046,-0.007
IEF,ISHARES:7-10 TRS BD ETF,Bonds,2025-12-02,96.77,0.0008,-0.0075,-0.0075,0.0032
JNK,SPDR BBG HIGH YIELD BD,Bonds,2025-12-02,97.11,0.0015,-0.0055,-0.0055,-0.009
LQD,ISHARES:IBOXX $IG CORP,Bonds,2025-12-02,110.92,0.0006,-0.0084,-0.0084,-0.0049
MUB,ISHARES:NATL MUNI BOND,Bonds,2025-12-02,106.81,-0.0006,-0.0058,-0.0058,0.003
PFF,ISHARES:PREF AND INC SEC,Bonds,2025-12-02,30.83,0.0059,-0.0039,-0.0039,-0.025
SCHP,SCHWAB STR:US TIPS,Bonds,2025-12-02,26.74,0.0004,-0.0063,-0.0063,-0.0078
SHY,ISHARES:1-3 TRS BD ETF,Bonds,2025-12-02,82.81,0.0006,-0.0032,-0.0032,-0.0018
STIP,ISHARES:0-5 TIPS BD ETF,Bonds,2025-12-02,102.68,0.0002,-0.0039,-0.0039,-0.0066
TIP,ISHARES:TIPS BD ETF,Bonds,2025-12-02,110.53,0.0003,-0.0066,-0.0066,-0.0062
TLT,ISHARES:20+ TRS BD ETF,Bonds,2025-12-02,88.81,0.0005,-0.0155,-0.0155,-0.0063
CANE,TEUCRIUM:SUGAR,Commodities,2025-12-02,9.62,0.0116,-0.0143,-0.0143,-0.0925
COMT,ISHARES:GSCI COMM DYN RS,Commodities,2025-12-02,26.88,-0.0037,-0.0035,-0.0035,0.0011
CORN,TEUCRIUM:CORN,Commodities,2025-12-02,18.05,0.008,0.0043,0.0043,0.0344
CPER,UNITED STATES COPPER IDX,Commodities,2025-12-02,32.14,-0.0046,-0.0043,-0.0043,0.0713
DBA,INVESCO DB MS AGRI,Commodities,2025-12-02,26.41,0.0046,-0.0004,-0.0004,-0.0131
DBB,INVESCO DB MS BMTL,Commodities,2025-12-02,21.89,-0.0055,-0.0041,-0.0041,0.0657
DBC,INVESCO DB CM IDX,Commodities,2025-12-02,23.02,-0.0043,-0.0017,-0.0017,0.0217
GDX,VANECK:GOLD MINERS,Commodities,2025-12-02,81.61,-0.0146,-0.0195,-0.0195,0.0682
GDXJ,VANECK:JR GOLD MINERS,Commodities,2025-12-02,107.29,-0.0091,-0.0182,-0.0182,0.0834
GLD,SPDR GOLD,Commodities,2025-12-02,387.24,-0.0064,-0.0016,-0.0016,0.0894
PPLT,ABRDN:PHYSICAL PLATINUM,Commodities,2025-12-02,149.7,-0.0112,-0.0189,-0.0189,0.0477
SILJ,ETFMG PRIME JR SILVR MNR,Commodities,2025-12-02,26.04,-0.0015,-0.0019,-0.0019,0.1278
SLV,ISHARES:SILVER TRUST,Commodities,2025-12-02,53.13,0.0116,0.0375,0.0375,0.254
SOYB,TEUCRIUM:SOYBEAN,Commodities,2025-12-02,23.43,-0.0017,-0.0072,-0.0072,0.0918
TAGS,TEUCRIUM:AGRICULTURAL,Commodities,2025-12-02,23.5745,0.0061,-0.0013,-0.0013,0.0092
UNG,UNITED STATES NAT GAS,Commodities,2025-12-02,14.96,-0.0164,0.0156,0.0156,0.1446
URA,GLBL X URANIUM ETF,Commodities,2025-12-02,45.26,0.024,-0.0004,-0.0004,-0.0506
USO,UNITED STATES OIL FUND,Commodities,2025-12-02,70.2,-0.0121,-0.0122,-0.0122,-0.0481
WEAT,TEUCRIUM:WHEAT,Commodities,2025-12-02,20.91,0.0082,0.0034,0.0034,0.0175
APP,APPLOVIN CORP,Communication Services,2025-12-02,653.0,0.0472,0.0893,0.0893,-0.0912
CHTR,"CHARTER COMMUNICATIONS, INC.",Communication Services,2025-12-02,197.72,0.004,-0.012,-0.012,-0.2813
CMCSA,COMCAST ,Communication Services,2025-12-02,27.02,0.0166,0.0124,0.0124,-0.14
DIS,THE WALT DISNEY COMPANY,Communication Services,2025-12-02,104.83,-0.0182,0.0034,0.0034,-0.0845
EA,ELECTRONIC ARTS INC.,Communication Services,2025-12-02,203.24,0.0031,0.006,0.006,0.0076
FOXA,FOX ,Communication Services,2025-12-02,66.25,-0.0021,0.0115,0.0115,0.0506
GOOGL,ALPHABET INC.,Communication Services,2025-12-02,315.81,0.0029,-0.0136,-0.0136,0.2991
LYV,"LIVE NATION ENTERTAINMENT, INC.",Communication Services,2025-12-02,128.54,-0.0195,-0.0221,-0.0221,-0.2133
META,"META PLATFORMS, INC.",Communication Services,2025-12-02,647.1,0.0097,-0.0013,-0.0013,-0.1188
MTCH,"MATCH GROUP, INC.",Communication Services,2025-12-02,33.7,-0.0015,0.0117,0.0117,-0.0459
NFLX,"NETFLIX, INC.",Communication Services,2025-12-02,109.35,0.002,0.0165,0.0165,-0.0879
NWSA,NEWS CORP.,Communication Services,2025-12-02,25.4,-0.0047,-0.0109,-0.0109,-0.1729
OMC,OMNICOM GROUP INC.,Communication Services,2025-12-02,72.47,0.0064,0.0119,0.0119,-0.1111
PSKY,PARAMOUNT SKYDANCE ,Communication Services,2025-12-02,15.82,0.007,-0.0125,-0.0125,-0.1638
T,AT&T INC.,Communication Services,2025-12-02,25.52,-0.0105,-0.0192,-0.0192,-0.0963
TKO,"TKO GROUP HOLDINGS, INC.",Communication Services,2025-12-02,194.64,0.0034,0.0039,0.0039,-0.0362
TMUS,"T-MOBILE US, INC.",Communication Services,2025-12-02,210.13,0.0169,0.0054,0.0054,-0.1222
TTD,"THE TRADE DESK, INC.",Communication Services,2025-12-02,39.95,0.0093,0.0099,0.0099,-0.1849
TTWO,"TAKE-TWO INTERACTIVE SOFTWARE, INC.",Communication Services,2025-12-02,246.83,-0.0101,0.0031,0.0031,-0.0446
VZ,VERIZON COMMUNICATIONS INC.,Communication Services,2025-12-02,40.61,-0.0032,-0.0122,-0.0122,-0.076
WBD,"WARNER BROS. DISCOVERY, INC.",Communication Services,2025-12-02,24.53,0.0277,0.0221,0.0221,0.256
ABNB,"AIRBNB, INC.",Consumer Discretionary,2025-12-02,118.5,-0.0025,0.0129,0.0129,-0.024
AMZN,"AMAZON.COM, INC.",Consumer Discretionary,2025-12-02,234.42,0.0023,0.0051,0.0051,0.0676
APTV,APTIV PLC,Consumer Discretionary,2025-12-02,77.48,0.007,-0.0009,-0.0009,-0.1014
AZO,"AUTOZONE, INC.",Consumer Discretionary,2025-12-02,3826.77,-0.0305,-0.0323,-0.0323,-0.108
BBY,"BEST BUY CO., INC.",Consumer Discretionary,2025-12-02,74.89,-0.0304,-0.0554,-0.0554,-0.0097
BKNG,BOOKING HOLDINGS INC.,Consumer Discretionary,2025-12-02,5135.07,0.0497,0.0448,0.0448,-0.0489
CCL,CARNIVAL CORP,Consumer Discretionary,2025-12-02,25.84,-0.0035,0.0023,0.0023,-0.1062
CMG,"CHIPOTLE MEXICAN GRILL, INC.",Consumer Discretionary,2025-12-02,34.14,-0.0029,-0.011,-0.011,-0.1289
DASH,"DOORDASH, INC.",Consumer Discretionary,2025-12-02,216.98,0.0555,0.0938,0.0938,-0.2023
DECK,DECKERS OUTDOOR ,Consumer Discretionary,2025-12-02,91.77,-0.0027,0.0425,0.0425,-0.0947
DHI,"D.R. HORTON, INC.",Consumer Discretionary,2025-12-02,158.46,0.0069,-0.0035,-0.0035,-0.065
DPZ,"DOMINO'S PIZZA, INC.",Consumer Discretionary,2025-12-02,424.64,0.0019,0.0119,0.0119,-0.0164
DRI,"DARDEN RESTAURANTS, INC.",Consumer Discretionary,2025-12-02,174.64,0.004,-0.0275,-0.0275,-0.0826
EBAY,EBAY INC.,Consumer Discretionary,2025-12-02,82.91,0.0022,0.0014,0.0014,-0.0884
EXPE,"EXPEDIA GROUP, INC.",Consumer Discretionary,2025-12-02,263.7,0.0183,0.0313,0.0313,0.2337
F,FORD MOTOR COMPANY,Consumer Discretionary,2025-12-02,12.96,-0.0152,-0.0241,-0.0241,0.0836
GM,GENERAL MOTORS COMPANY,Consumer Discretionary,2025-12-02,73.66,0.0097,0.0019,0.0019,0.2081
GPC,GENUINE PARTS COMPANY,Consumer Discretionary,2025-12-02,128.95,-0.0077,-0.0111,-0.0111,-0.0696
GRMN,GARMIN LTD,Consumer Discretionary,2025-12-02,197.18,0.0015,0.0095,0.0095,-0.1992
HAS,"HASBRO, INC.",Consumer Discretionary,2025-12-02,81.65,-0.0126,-0.0115,-0.0115,0.0765
HD,"THE HOME DEPOT, INC.",Consumer Discretionary,2025-12-02,354.03,-0.0092,-0.0081,-0.0081,-0.1263
HLT,HILTON WORLDWIDE HOLDINGS INC.,Consumer Discretionary,2025-12-02,281.18,-0.0066,-0.0135,-0.0135,0.0838
KMX,"CARMAX, INC.",Consumer Discretionary,2025-12-02,38.71,0.0039,0.0013,0.0013,-0.1373
LEN,LENNAR ,Consumer Discretionary,2025-12-02,129.73,-0.0038,-0.012,-0.012,0.0293
LKQ,LKQ ,Consumer Discretionary,2025-12-02,29.18,-0.0098,-0.0172,-0.0172,-0.0445
LOW,"LOWE'S COMPANIES, INC.",Consumer Discretionary,2025-12-02,243.17,-0.0131,0.0028,0.0028,-0.0324
LULU,LULULEMON ATHLETICA INC.,Consumer Discretionary,2025-12-02,182.4,-0.0001,-0.0097,-0.0097,0.0251
LVS,LAS VEGAS SANDS CORP.,Consumer Discretionary,2025-12-02,68.51,-0.0141,0.0051,0.0051,0.2737
MAR,"MARRIOTT INTERNATIONAL, INC.",Consumer Discretionary,2025-12-02,304.65,0.004,-0.0005,-0.0005,0.1698
MCD,MCDONALD'S ,Consumer Discretionary,2025-12-02,300.72,-0.0094,-0.0356,-0.0356,-0.0104
MGM,MGM RESORTS INTERNATIONAL,Consumer Discretionary,2025-12-02,35.34,-0.0028,0.0014,0.0014,0.0196
MHK,"MOHAWK INDUSTRIES, INC.",Consumer Discretionary,2025-12-02,114.59,-0.0074,-0.0113,-0.0113,-0.1112
NCLH,NORWEGIAN CRUISE LINE HOLDINGS LTD.,Consumer Discretionary,2025-12-02,18.43,-0.0075,-0.0016,-0.0016,-0.2517
NKE,"NIKE, INC.",Consumer Discretionary,2025-12-02,64.93,-0.007,0.0046,0.0046,-0.0688
NVR,"NVR, INC.",Consumer Discretionary,2025-12-02,7601.1,0.0112,0.0125,0.0125,-0.054
ORLY,"O'REILLY AUTOMOTIVE, INC.",Consumer Discretionary,2025-12-02,99.84,-0.0138,-0.0183,-0.0183,-0.0739
PHM,"PULTEGROUP, INC.",Consumer Discretionary,2025-12-02,126.55,-0.005,-0.005,-0.005,-0.0422
POOL,POOL ,Consumer Discretionary,2025-12-02,244.73,0.0056,0.0046,0.0046,-0.2107
RCL,ROYAL CARIBBEAN CRUISES LTD.,Consumer Discretionary,2025-12-02,265.08,-0.0057,-0.0044,-0.0044,-0.1808
RL,RALPH LAUREN ,Consumer Discretionary,2025-12-02,355.89,-0.0273,-0.0311,-0.0311,0.135
ROST,"ROSS STORES, INC.",Consumer Discretionary,2025-12-02,177.57,0.0004,0.0069,0.0069,0.1652
SBUX,STARBUCKS ,Consumer Discretionary,2025-12-02,85.2,0.0034,-0.0219,-0.0219,0.0071
TJX,"THE TJX COMPANIES, INC.",Consumer Discretionary,2025-12-02,150.02,-0.0073,-0.0125,-0.0125,0.0379
TPR,"TAPESTRY, INC.",Consumer Discretionary,2025-12-02,109.26,-0.0253,-0.0002,-0.0002,-0.035
TSCO,TRACTOR SUPPLY COMPANY,Consumer Discretionary,2025-12-02,53.22,-0.0082,-0.0285,-0.0285,-0.0642
TSLA,"TESLA, INC.",Consumer Discretionary,2025-12-02,429.24,-0.0021,-0.0022,-0.0022,-0.0348
ULTA,"ULTA BEAUTY, INC.",Consumer Discretionary,2025-12-02,548.05,0.0007,0.0171,0.0171,0.0024
WSM,"WILLIAMS-SONOMA, INC.",Consumer Discretionary,2025-12-02,178.06,-0.024,-0.0108,-0.0108,-0.089
WYNN,"WYNN RESORTS, LIMITED",Consumer Discretionary,2025-12-02,133.09,0.0024,0.0343,0.0343,0.0376
YUM,"YUM! BRANDS, INC.",Consumer Discretionary,2025-12-02,147.62,-0.02,-0.0365,-0.0365,-0.0288
ADM,ARCHER-DANIELS-MIDLAND COMPANY.,Consumer Staples,2025-12-02,60.31,-0.0035,-0.0071,-0.0071,0.0095
BF.B,BROWN-FORMAN ,Consumer Staples,2025-12-02,29.89,0.0057,0.0314,0.0314,0.1038
BG,BUNGE LIMITED,Consumer Staples,2025-12-02,96.05,-0.0038,-0.0002,-0.0002,0.1822
CAG,"CONAGRA BRANDS, INC.",Consumer Staples,2025-12-02,17.22,-0.0255,-0.0353,-0.0353,-0.0595
CHD,"CHURCH & DWIGHT CO., INC.",Consumer Staples,2025-12-02,83.54,-0.0123,-0.019,-0.019,-0.0467
CL,COLGATE-PALMOLIVE COMPANY,Consumer Staples,2025-12-02,78.82,-0.014,-0.0195,-0.0195,-0.014
CLX,THE CLOROX COMPANY,Consumer Staples,2025-12-02,105.89,-0.0049,-0.019,-0.019,-0.1412
COST,COSTCO WHOLESALE ,Consumer Staples,2025-12-02,922.03,0.011,0.0092,0.0092,-0.0039
CPB,CAMPBELL SOUP COMPANY,Consumer Staples,2025-12-02,29.89,-0.0229,-0.0194,-0.0194,-0.0535
DG,DOLLAR GENERAL ,Consumer Staples,2025-12-02,110.03,0.0063,0.0049,0.0049,0.0646
DLTR,"DOLLAR TREE, INC.",Consumer Staples,2025-12-02,108.99,-0.0082,-0.0164,-0.0164,0.1549
EL,THE ESTEE LAUDER COMPANIES INC.,Consumer Staples,2025-12-02,99.64,0.0521,0.0592,0.0592,0.1307
GIS,"GENERAL MILLS, INC.",Consumer Staples,2025-12-02,45.93,-0.0242,-0.03,-0.03,-0.0891
HRL,HORMEL FOODS ,Consumer Staples,2025-12-02,23.09,-0.009,-0.0052,-0.0052,-0.0667
HSY,THE HERSHEY COMPANY,Consumer Staples,2025-12-02,182.77,-0.0125,-0.0282,-0.0282,-0.0229
K,KELLANOVA,Consumer Staples,2025-12-02,83.13,0.0007,-0.0061,-0.0061,0.0135
KDP,KEURIG DR PEPPER INC.,Consumer Staples,2025-12-02,28.13,-0.0014,0.0082,0.0082,0.1027
KHC,THE KRAFT HEINZ COMPANY,Consumer Staples,2025-12-02,24.96,-0.0162,-0.0216,-0.0216,-0.0415
KMB,KIMBERLY-CLARK ,Consumer Staples,2025-12-02,106.95,-0.0146,-0.0199,-0.0199,-0.1399
KO,THE COCA-COLA COMPANY,Consumer Staples,2025-12-02,70.67,-0.0178,-0.0335,-0.0335,0.0656
KR,THE KROGER CO.,Consumer Staples,2025-12-02,67.03,-0.0077,-0.0037,-0.0037,-0.0056
KVUE,KENVUE INC.,Consumer Staples,2025-12-02,16.86,-0.0209,-0.0282,-0.0282,0.0388
LW,"LAMB WESTON HOLDINGS, INC.",Consumer Staples,2025-12-02,59.05,-0.0076,-0.0002,-0.0002,0.0167
MDLZ,"MONDELEZ INTERNATIONAL, INC.",Consumer Staples,2025-12-02,55.99,-0.0073,-0.0274,-0.0274,-0.1037
MKC,"MCCORMICK & COMPANY, INC.",Consumer Staples,2025-12-02,65.44,-0.0145,-0.0302,-0.0302,-0.022
MNST,MONSTER BEVERAGE ,Consumer Staples,2025-12-02,74.71,-0.0163,-0.0037,-0.0037,0.1099
MO,"ALTRIA GROUP, INC.",Consumer Staples,2025-12-02,58.82,-0.0054,-0.0032,-0.0032,-0.1096
PEP,"PEPSICO, INC.",Consumer Staples,2025-12-02,148.61,-0.006,-0.0009,-0.0009,0.0582
PG,THE PROCTER & GAMBLE COMPANY,Consumer Staples,2025-12-02,145.86,-0.0107,-0.0155,-0.0155,-0.0507
PM,PHILIP MORRIS INTERNATIONAL INC.,Consumer Staples,2025-12-02,154.62,-0.0098,-0.0182,-0.0182,-0.0467
SJM,THE J. M. SMUCKER COMPANY,Consumer Staples,2025-12-02,101.0,-0.0203,-0.0305,-0.0305,-0.07
STZ,"CONSTELLATION BRANDS, INC.",Consumer Staples,2025-12-02,137.86,-0.0001,0.0109,0.0109,0.0237
SYY,SYSCO ,Consumer Staples,2025-12-02,74.44,-0.0194,-0.0231,-0.0231,-0.0959
TAP,MOLSON COORS BEVERAGE COMPANY,Consumer Staples,2025-12-02,46.5,-0.0087,-0.0002,-0.0002,0.0276
TGT,TARGET ,Consumer Staples,2025-12-02,90.47,-0.0097,-0.0017,-0.0017,0.0086
TSN,"TYSON FOODS, INC.",Consumer Staples,2025-12-02,57.34,-0.0165,-0.0122,-0.0122,0.056
WMT,WALMART INC.,Consumer Staples,2025-12-02,112.41,0.0079,0.0172,0.0172,0.0907
FXA,INVESCO:AU DOLLAR,Currencies,2025-12-02,65.0116,0.0039,0.002,0.002,-0.0078
FXB,INVESCO:GBP STERLING,Currencies,2025-12-02,126.9255,0.0001,-0.0034,-0.0034,-0.0194
FXC,INVESCO:CANADIAN DOLLAR,Currencies,2025-12-02,69.92,0.0016,0.0001,0.0001,-0.005
FXE,INVESCO:EURO,Currencies,2025-12-02,107.25,0.0017,0.0015,0.0015,-0.0103
FXY,INVESCO:JAPANESE YEN,Currencies,2025-12-02,59.02,-0.003,0.0017,0.0017,-0.0513
UUP,INVESCO DB USD IDX BL,Currencies,2025-12-02,28.19,-0.0004,-0.0007,-0.0007,0.0247
APA,APA ,Energy,2025-12-02,25.45,0.0067,0.0192,0.0192,0.0482
BKR,BAKER HUGHES COMPANY,Energy,2025-12-02,49.48,-0.0136,-0.0143,-0.0143,0.0156
COP,CONOCOPHILLIPS,Energy,2025-12-02,89.29,-0.0107,0.0068,0.0068,-0.056
CTRA,COTERRA ENERGY INC.,Energy,2025-12-02,26.39,-0.0208,-0.0168,-0.0168,0.1159
CVX,CHEVRON ,Energy,2025-12-02,150.25,-0.015,-0.0058,-0.0058,-0.0325
DVN,DEVON ENERGY ,Energy,2025-12-02,37.26,-0.0158,0.0054,0.0054,0.0627
EOG,"EOG RESOURCES, INC.",Energy,2025-12-02,109.06,-0.0059,0.0112,0.0112,-0.0273
EQT,EQT ,Energy,2025-12-02,58.6,-0.0317,-0.0371,-0.0371,0.0766
EXE,EXPAND ENERGY ,Energy,2025-12-02,117.72,-0.0317,-0.0345,-0.0345,0.1081
FANG,"DIAMONDBACK ENERGY, INC.",Energy,2025-12-02,155.98,-0.0012,0.0222,0.0222,0.09
HAL,HALLIBURTON COMPANY,Energy,2025-12-02,26.91,0.0105,0.0263,0.0263,0.0939
KMI,"KINDER MORGAN, INC.",Energy,2025-12-02,26.85,-0.0161,-0.0172,-0.0172,-0.0516
MPC,MARATHON PETROLEUM ,Energy,2025-12-02,192.7,-0.0175,-0.0053,-0.0053,-0.0002
OKE,"ONEOK, INC.",Energy,2025-12-02,73.1,-0.0079,0.0038,0.0038,0.0018
OXY,OCCIDENTAL PETROLEUM ,Energy,2025-12-02,41.98,-0.0085,-0.0005,-0.0005,-0.1115
PSX,PHILLIPS 66,Energy,2025-12-02,137.57,-0.0157,0.0045,0.0045,0.0114
SLB,SCHLUMBERGER N.V.,Energy,2025-12-02,36.36,-0.0066,0.0033,0.0033,0.0579
TPL,TEXAS PACIFIC LAND ,Energy,2025-12-02,864.67,0.0128,0.0004,0.0004,-0.0739
TRGP,TARGA RESOURCES CORP.,Energy,2025-12-02,171.8,-0.0276,-0.02,-0.02,0.0254
VLO,VALERO ENERGY ,Energy,2025-12-02,178.53,-0.0111,0.01,0.01,0.0486
WMB,"THE WILLIAMS COMPANIES, INC.",Energy,2025-12-02,60.21,-0.02,-0.0118,-0.0118,-0.0496
XOM,EXXON MOBIL ,Energy,2025-12-02,115.38,-0.0107,-0.0047,-0.0047,0.0233
ACGL,ARCH CAPITAL GROUP LTD.,Financials,2025-12-02,92.69,-0.005,-0.0131,-0.0131,0.0216
AFL,AFLAC INC.,Financials,2025-12-02,108.83,-0.0066,-0.0134,-0.0134,-0.0257
AIG,"AMERICAN INTERNATIONAL GROUP, INC.",Financials,2025-12-02,76.95,0.0044,0.0104,0.0104,-0.0202
AIZ,"ASSURANT, INC.",Financials,2025-12-02,221.37,-0.018,-0.0298,-0.0298,0.022
AJG,ARTHUR J. GALLAGHER & CO.,Financials,2025-12-02,244.22,-0.0076,-0.0137,-0.0137,-0.2115
ALL,THE ALLSTATE ,Financials,2025-12-02,208.91,-0.0052,-0.0191,-0.0191,-0.0267
AMP,"AMERIPRISE FINANCIAL, INC.",Financials,2025-12-02,456.79,0.0041,0.0023,0.0023,-0.0701
AON,AON PLC,Financials,2025-12-02,345.7,-0.0156,-0.0232,-0.0232,-0.0305
APO,"APOLLO GLOBAL MANAGEMENT, INC.",Financials,2025-12-02,132.08,0.0053,0.0017,0.0017,-0.0089
AXP,AMERICAN EXPRESS COMPANY,Financials,2025-12-02,360.7,0.0011,-0.0125,-0.0125,0.0859
BAC,BANK OF AMERICA ,Financials,2025-12-02,53.19,-0.0009,-0.0086,-0.0086,0.031
BEN,"FRANKLIN RESOURCES, INC.",Financials,2025-12-02,22.42,-0.0053,-0.0075,-0.0075,-0.0307
BK,THE BANK OF NEW YORK MELLON ,Financials,2025-12-02,112.08,0.0024,-0.0002,-0.0002,0.0286
BLK,"BLACKROCK, INC.",Financials,2025-12-02,1038.62,-0.0013,-0.0083,-0.0083,-0.1091
BRK.B,"BERKSHIRE HATHAWAY INC.,",Financials,2025-12-02,506.65,-0.0037,-0.0139,-0.0139,0.0078
BRO,"BROWN & BROWN, INC.",Financials,2025-12-02,79.84,-0.0165,-0.0073,-0.0073,-0.1487
BX,BLACKSTONE INC,Financials,2025-12-02,146.74,0.0027,0.0022,0.0022,-0.1411
C,CITIGROUP INC.,Financials,2025-12-02,103.19,0.005,-0.004,-0.004,0.0167
CB,CHUBB LTD,Financials,2025-12-02,294.5,0.0021,-0.0057,-0.0057,0.0434
CBOE,"CBOE GLOBAL MARKETS, INC.",Financials,2025-12-02,254.35,-0.0036,-0.0148,-0.0148,0.0371
CFG,"CITIZENS FINANCIAL GROUP, INC.",Financials,2025-12-02,54.66,0.0015,0.0104,0.0104,0.0282
CINF,CINCINNATI FINANCIAL ,Financials,2025-12-02,163.77,-0.0136,-0.0228,-0.0228,0.0359
CME,CME GROUP INC.,Financials,2025-12-02,277.49,-0.0054,-0.0141,-0.0141,0.027
COF,CAPITAL ONE FINANCIAL ,Financials,2025-12-02,224.0,0.0165,0.0225,0.0225,0.0537
COIN,"COINBASE GLOBAL, INC.",Financials,2025-12-02,263.26,0.0132,-0.035,-0.035,-0.2199
CPAY,"FLEETCOR TECHNOLOGIES, INC.",Financials,2025-12-02,294.95,-0.0045,-0.0029,-0.0029,0.0239
EG,"EVEREST GROUP, LTD.",Financials,2025-12-02,312.21,0.0004,-0.0066,-0.0066,-0.1086
ERIE,ERIE INDEMNITY COMPANY,Financials,2025-12-02,295.95,0.0075,0.0016,0.0016,-0.0698
FDS,FACTSET RESEARCH SYSTEMS INC.,Financials,2025-12-02,278.28,0.0042,0.0036,0.0036,-0.0287
FIS,FIDELITY NATIONAL INFORMATION SERVICES,Financials,2025-12-02,66.8,0.0091,0.0157,0.0157,0.013
FISV,"FISERV, INC.",Financials,2025-12-02,63.24,0.0088,0.0288,0.0288,-0.5095
FITB,FIFTH THIRD BANCORP,Financials,2025-12-02,43.73,-0.0009,0.0062,0.0062,-0.0184
GL,GLOBE LIFE INC.,Financials,2025-12-02,131.15,-0.0104,-0.0266,-0.0266,-0.0827
GPN,GLOBAL PAYMENTS INC.,Financials,2025-12-02,78.69,0.0321,0.0387,0.0387,-0.0528
GS,"THE GOLDMAN SACHS GROUP, INC.",Financials,2025-12-02,815.21,0.0054,-0.0131,-0.0131,0.0237
HBAN,HUNTINGTON BANCSHARES INC.,Financials,2025-12-02,16.56,0.0012,0.016,0.016,-0.0411
HIG,THE HARTFORD FINANCIAL SERVICES GROUP,Financials,2025-12-02,135.1,-0.003,-0.0141,-0.0141,0.0128
HOOD,"ROBINHOOD MARKETS, INC.",Financials,2025-12-02,125.95,0.022,-0.0198,-0.0198,-0.1203
IBKR,"INTERACTIVE BROKERS GROUP, INC.",Financials,2025-12-02,63.59,0.0008,-0.022,-0.022,-0.0759
ICE,"INTERCONTINENTAL EXCHANGE, INC.",Financials,2025-12-02,155.36,-0.0101,-0.0123,-0.0123,-0.0779
IVZ,INVESCO LTD.,Financials,2025-12-02,24.24,-0.017,-0.0086,-0.0086,0.0567
JKHY,"JACK HENRY & ASSOCIATES, INC.",Financials,2025-12-02,172.68,-0.0087,-0.0103,-0.0103,0.1595
JPM,JPMORGAN CHASE & CO.,Financials,2025-12-02,307.88,-0.0034,-0.0166,-0.0166,-0.0239
KEY,KEYCORP,Financials,2025-12-02,18.28,-0.0183,-0.0054,-0.0054,-0.0219
KKR,KKR & CO. INC.,Financials,2025-12-02,122.68,0.004,0.003,0.003,-0.0559
L,LOEWS ,Financials,2025-12-02,106.31,-0.0008,-0.0145,-0.0145,0.059
MA,MASTERCARD INC..,Financials,2025-12-02,545.91,0.0036,-0.0084,-0.0084,-0.0403
MCO,MOODY'S ,Financials,2025-12-02,487.84,0.0012,-0.006,-0.006,0.0238
MET,"METLIFE, INC.",Financials,2025-12-02,76.27,-0.0005,-0.0038,-0.0038,-0.0741
MMC,"MARSH & MCLENNAN COMPANIES, INC.",Financials,2025-12-02,183.36,-0.0035,-0.0005,-0.0005,-0.0902
MS,MORGAN STANLEY,Financials,2025-12-02,169.09,0.0037,-0.0034,-0.0034,0.0637
MSCI,MSCI INC.,Financials,2025-12-02,547.29,-0.0221,-0.0291,-0.0291,-0.0355
MTB,M&T BANK ,Financials,2025-12-02,190.98,0.004,0.004,0.004,-0.0336
NDAQ,"NASDAQ, INC.",Financials,2025-12-02,88.51,-0.0095,-0.0265,-0.0265,0.0007
NTRS,NORTHERN TRUST ,Financials,2025-12-02,130.43,-0.0042,-0.0069,-0.0069,-0.031
PFG,"PRINCIPAL FINANCIAL GROUP, INC.",Financials,2025-12-02,84.32,-0.0015,-0.0059,-0.0059,0.017
PGR,THE PROGRESSIVE ,Financials,2025-12-02,228.76,0.0041,-0.0001,-0.0001,-0.0737
PNC,"THE PNC FINANCIAL SERVICES GROUP, INC.",Financials,2025-12-02,192.05,-0.0018,0.007,0.007,-0.0442
PRU,"PRUDENTIAL FINANCIAL, INC.",Financials,2025-12-02,107.85,-0.0034,-0.0037,-0.0037,0.0396
PYPL,"PAYPAL HOLDINGS, INC.",Financials,2025-12-02,62.9,0.0051,0.0033,0.0033,-0.062
RF,REGIONS FINANCIAL ,Financials,2025-12-02,25.41,0.0032,-0.0016,-0.0016,-0.0364
RJF,"RAYMOND JAMES FINANCIAL, INC.",Financials,2025-12-02,155.64,-0.0012,-0.0057,-0.0057,-0.0983
SCHW,THE CHARLES SCHWAB ,Financials,2025-12-02,92.07,-0.0067,-0.0071,-0.0071,-0.0356
SPGI,S&P GLOBAL INC.,Financials,2025-12-02,491.21,-0.0082,-0.0153,-0.0153,0.0092
STT,STATE STREET ,Financials,2025-12-02,119.02,0.0076,0.0,0.0,0.0259
SYF,SYNCHRONY FINANCIAL,Financials,2025-12-02,78.88,0.0106,0.0196,0.0196,0.1102
TFC,TRUIST FINANCIAL ,Financials,2025-12-02,46.48,-0.0019,-0.0004,-0.0004,0.0166
TROW,"T. ROWE PRICE GROUP, INC.",Financials,2025-12-02,102.47,0.0087,0.0009,0.0009,-0.0017
TRV,"THE TRAVELERS COMPANIES, INC.",Financials,2025-12-02,288.52,-0.0068,-0.0148,-0.0148,0.0333
USB,U.S. BANCORP,Financials,2025-12-02,49.68,0.0055,0.0128,0.0128,0.0279
V,VISA INC.,Financials,2025-12-02,329.62,-0.0023,-0.0144,-0.0144,-0.0344
WFC,WELLS FARGO & COMPANY,Financials,2025-12-02,86.32,0.0108,0.0055,0.0055,0.0298
WRB,W. R. BERKLEY ,Financials,2025-12-02,72.8,-0.0025,-0.0629,-0.0629,-0.0499
WTW,WILLIS TOWERS WATSON,Financials,2025-12-02,315.69,-0.0159,-0.0165,-0.0165,-0.0861
XYZ,"BLOCK, INC.",Financials,2025-12-02,60.11,-0.0659,-0.1001,-0.1001,-0.1683
ECH,ISHARES:MSCI CHILE,Foreign,2025-12-02,38.29,0.0159,0.0114,0.0114,0.1617
EDEN,ISHARES:MSCI DENMARK,Foreign,2025-12-02,110.8923,0.0028,-0.0027,-0.0027,0.0171
EFNL,ISHARES:MSCI FINLAND,Foreign,2025-12-02,45.734,0.0046,0.0047,0.0047,0.0684
EIDO,ISHARES:MSCI INDONESIA,Foreign,2025-12-02,18.92,0.0069,0.0134,0.0134,0.0781
EIRL,ISHARES:MSCI IRELAND,Foreign,2025-12-02,72.64,-0.0075,-0.0027,-0.0027,0.0766
EIS,ISHARES:MSCI ISRAEL,Foreign,2025-12-02,105.7,0.0161,0.0187,0.0187,0.0538
ENZL,ISHARES:MSCI NEW ZLND,Foreign,2025-12-02,45.8184,0.0074,0.0042,0.0042,-0.0025
EPHE,ISHARES:MSCI PHILIPPINES,Foreign,2025-12-02,25.06,-0.0071,-0.006,-0.006,0.0089
EPOL,ISHARES:MSCI POLAND,Foreign,2025-12-02,33.65,-0.0074,-0.0123,-0.0123,0.045
EPU,ISHARES:MSCI PERU,Foreign,2025-12-02,64.67,0.0015,0.0031,0.0031,0.0515
EWA,ISHARES:MSCI AUSTRALIA,Foreign,2025-12-02,25.93,0.0078,0.0031,0.0031,-0.0396
EWC,ISHARES:MSCI CANADA,Foreign,2025-12-02,52.14,-0.0008,-0.0106,-0.0106,0.0315
EWD,ISHARES:MSCI SWEDEN,Foreign,2025-12-02,47.61,0.0006,-0.0063,-0.0063,0.0087
EWG,ISHARES:MSCI GERMANY,Foreign,2025-12-02,40.89,0.0091,-0.0007,-0.0007,-0.0173
EWH,ISHARES:MSCI HONG KONG,Foreign,2025-12-02,22.18,-0.0036,-0.0027,-0.0027,0.0292
EWI,ISHARES:MSCI ITALY,Foreign,2025-12-02,53.0,0.0065,0.0013,0.0013,0.0202
EWJ,ISHARES:MSCI JAPAN,Foreign,2025-12-02,82.47,-0.0007,-0.0065,-0.0065,0.0282
EWK,ISHARES:MSCI BELGIUM,Foreign,2025-12-02,24.16,0.0,-0.0051,-0.0051,0.0402
EWL,ISHARES:MSCI SWITZERLAND,Foreign,2025-12-02,57.94,0.0091,0.0021,0.0021,0.0489
EWM,ISHARES:MSCI MALAYSIA,Foreign,2025-12-02,26.67,0.0026,0.0091,0.0091,0.0289
EWN,ISHARES:MSCI NETHERLANDS,Foreign,2025-12-02,58.57,0.0043,0.0069,0.0069,0.0097
EWO,ISHARES:MSCI AUSTRIA,Foreign,2025-12-02,33.45,0.0118,0.0136,0.0136,0.0794
EWP,ISHARES:MSCI SPAIN,Foreign,2025-12-02,52.02,0.0087,0.007,0.007,0.0509
EWQ,ISHARES:MSCI FRANCE,Foreign,2025-12-02,44.44,0.0007,-0.0029,-0.0029,0.0116
EWS,ISHARES:MSCI SINGAPORE,Foreign,2025-12-02,28.2,0.0075,-0.0067,-0.0067,-0.0049
EWT,ISHARES:MSCI TAIWAN,Foreign,2025-12-02,64.63,0.0078,0.0019,0.0019,0.0159
EWU,ISHARES:MSCI UK,Foreign,2025-12-02,43.01,0.0019,-0.0032,-0.0032,0.0248
EWW,ISHARES:MSCI MEXICO,Foreign,2025-12-02,68.71,0.0037,0.0042,0.0042,0.0073
EWY,ISHARES:MSCI S KOREA,Foreign,2025-12-02,92.07,0.016,0.0132,0.0132,0.1494
EWZ,ISHARES:MSCI BRAZIL,Foreign,2025-12-02,34.03,0.0189,0.0125,0.0125,0.0977
GREK,GLBL X MSCI GREECE,Foreign,2025-12-02,66.64,0.0054,0.0202,0.0202,0.0348
INDA,ISHARES:MSCI INDIA,Foreign,2025-12-02,53.88,-0.0083,-0.0152,-0.0152,0.035
MCHI,ISHARES:MSCI CHINA,Foreign,2025-12-02,62.24,-0.0067,0.0006,0.0006,-0.0548
NORW,GLBL X MSCI NORWAY ETF,Foreign,2025-12-02,28.855,0.0019,-0.0028,-0.0028,-0.0449
QAT,ISHARES:MSCI QATAR,Foreign,2025-12-02,18.775,0.0035,-0.0056,-0.0056,-0.0387
THD,ISHARES:MSCI THAI,Foreign,2025-12-02,60.16,0.0003,0.019,0.019,0.0216
TUR,ISHARES:MSCI TURKEY,Foreign,2025-12-02,34.1,0.0021,0.0179,0.0179,-0.0038
VNM,VANECK:VIETNAM,Foreign,2025-12-02,18.65,0.0147,0.0169,0.0169,0.0454
BTC=F,BITCOIN FUTURES,Futures,2025-12-02,91730.0,0.0578,-0.0079,-0.0079,-0.2
ES=F,E-MINI S&P 500 FUTURES,Futures,2025-12-02,6838.75,0.0019,-0.003,-0.003,0.017
NQ=F,NASDAQ 100 FUTURES,Futures,2025-12-02,25586.0,0.0071,0.0041,0.0041,0.0302
A,"AGILENT TECHNOLOGIES, INC.",Health Care,2025-12-02,148.81,-0.0086,-0.0306,-0.0306,0.1594
ABBV,ABBVIE INC.,Health Care,2025-12-02,224.37,-0.0033,-0.0146,-0.0146,-0.031
ABT,ABBOTT LABORATORIES,Health Care,2025-12-02,126.32,-0.0132,-0.02,-0.02,-0.0569
ALGN,"ALIGN TECHNOLOGY, INC.",Health Care,2025-12-02,150.93,0.0287,0.0254,0.0254,0.2053
AMGN,AMGEN INC.,Health Care,2025-12-02,338.36,0.0026,-0.0206,-0.0206,0.199
BAX,BAXTER INTERNATIONAL INC.,Health Care,2025-12-02,18.84,-0.0126,0.0053,0.0053,-0.1726
BDX,"BECTON, DICKINSON AND COMPANY",Health Care,2025-12-02,190.47,-0.007,-0.0183,-0.0183,0.0176
BIIB,BIOGEN INC.,Health Care,2025-12-02,180.18,0.0135,-0.0105,-0.0105,0.2863
BMY,BRISTOL-MYERS SQUIBB COMPANY,Health Care,2025-12-02,48.25,-0.0189,-0.0193,-0.0193,0.0698
BSX,BOSTON SCIENTIFIC ,Health Care,2025-12-02,99.02,-0.0197,-0.0252,-0.0252,0.0142
CAH,"CARDINAL HEALTH, INC.",Health Care,2025-12-02,205.13,-0.0138,-0.0336,-0.0336,0.3069
CI,THE CIGNA GROUP,Health Care,2025-12-02,274.1,0.0019,-0.0115,-0.0115,-0.0491
CNC,CENTENE ,Health Care,2025-12-02,38.81,0.0243,-0.0135,-0.0135,0.0877
COO,"THE COOPER COMPANIES, INC.",Health Care,2025-12-02,75.84,-0.0203,-0.0268,-0.0268,0.1062
COR,"CENCORA, INC.",Health Care,2025-12-02,350.67,-0.0262,-0.0495,-0.0495,0.122
CRL,CHARLES RIVER LABORATORIES,Health Care,2025-12-02,174.76,-0.0076,-0.019,-0.019,0.117
CVS,CVS HEALTH ,Health Care,2025-12-02,77.62,-0.0187,-0.0341,-0.0341,0.0296
DGX,QUEST DIAGNOSTICS INC.,Health Care,2025-12-02,182.55,-0.0066,-0.035,-0.035,-0.0421
DHR,DANAHER ,Health Care,2025-12-02,226.59,0.0109,-0.0008,-0.0008,0.1429
DVA,DAVITA INC.,Health Care,2025-12-02,119.18,-0.0005,-0.0042,-0.0042,-0.103
DXCM,"DEXCOM, INC.",Health Care,2025-12-02,64.45,0.0146,0.0154,0.0154,-0.0422
ELV,"ELEVANCE HEALTH, INC.",Health Care,2025-12-02,330.92,0.0038,-0.0217,-0.0217,0.0241
EW,EDWARDS LIFESCIENCES ,Health Care,2025-12-02,84.71,-0.0066,-0.0226,-0.0226,0.0892
GEHC,GE HEALTHCARE TECHNOLOGIES INC.,Health Care,2025-12-02,80.22,0.0124,0.0029,0.0029,0.0682
GILD,"GILEAD SCIENCES, INC.",Health Care,2025-12-02,123.91,-0.0034,-0.0153,-0.0153,0.1163
HCA,"HCA HEALTHCARE, INC.",Health Care,2025-12-02,500.31,-0.0053,-0.0157,-0.0157,0.1739
HOLX,"HOLOGIC, INC.",Health Care,2025-12-02,74.82,-0.0003,-0.002,-0.002,0.1086
HSIC,"HENRY SCHEIN, INC.",Health Care,2025-12-02,71.67,-0.0197,-0.0389,-0.0389,0.0799
HUM,HUMANA INC.,Health Care,2025-12-02,241.96,-0.0011,-0.0155,-0.0155,-0.07
IDXX,"IDEXX LABORATORIES, INC.",Health Care,2025-12-02,732.73,0.0052,-0.0268,-0.0268,0.1469
INCY,INCYTE ,Health Care,2025-12-02,101.44,-0.0059,-0.0289,-0.0289,0.1961
IQV,IQVIA HOLDINGS INC,Health Care,2025-12-02,225.63,-0.0124,-0.019,-0.019,0.1879
ISRG,"INTUITIVE SURGICAL, INC.",Health Care,2025-12-02,567.72,0.0006,-0.01,-0.01,0.2694
JNJ,JOHNSON & JOHNSON,Health Care,2025-12-02,205.42,0.0004,-0.0072,-0.0072,0.1079
LH,LABORATORY  OF AMERICA HOLDINGS,Health Care,2025-12-02,265.93,-0.0067,-0.0106,-0.0106,-0.0736
LLY,ELI LILLY AND COMPANY,Health Care,2025-12-02,1046.12,-0.0111,-0.0273,-0.0273,0.3711
MCK,MCKESSON ,Health Care,2025-12-02,829.7,-0.0317,-0.0584,-0.0584,0.074
MDT,MEDTRONIC PUBLIC LIMITED COMPANY,Health Care,2025-12-02,102.03,-0.0127,-0.0313,-0.0313,0.0713
MOH,"MOLINA HEALTHCARE, INC.",Health Care,2025-12-02,145.97,0.0067,-0.0154,-0.0154,-0.2372
MRK,"MERCK & CO., INC.",Health Care,2025-12-02,101.03,-0.0079,-0.0362,-0.0362,0.2037
MRNA,"MODERNA, INC.",Health Care,2025-12-02,24.06,-0.0041,-0.0739,-0.0739,-0.0685
MTD,METTLER-TOLEDO INTERNATIONAL INC.,Health Care,2025-12-02,1447.16,-0.0143,-0.02,-0.02,0.1788
PFE,PFIZER INC.,Health Care,2025-12-02,25.15,-0.0047,-0.0229,-0.0229,-0.013
PODD,INSULET ,Health Care,2025-12-02,309.0,-0.0059,-0.0556,-0.0556,0.0009
REGN,"REGENERON PHARMACEUTICALS, INC.",Health Care,2025-12-02,742.0,-0.0108,-0.0489,-0.0489,0.3197
RMD,RESMED INC.,Health Care,2025-12-02,250.85,0.0099,-0.0195,-0.0195,-0.0836
RVTY,"REVVITY, INC.",Health Care,2025-12-02,102.73,0.0029,-0.0161,-0.0161,0.172
SOLV,SOLVENTUM ,Health Care,2025-12-02,85.59,0.0004,0.0039,0.0039,0.1725
STE,STERIS PUBLIC LIMITED COMPANY,Health Care,2025-12-02,259.3,-0.0137,-0.0262,-0.0262,0.0479
SYK,STRYKER ,Health Care,2025-12-02,366.68,-0.0151,-0.0121,-0.0121,-0.0081
TECH,BIO-TECHNE ,Health Care,2025-12-02,62.95,-0.0127,-0.0242,-0.0242,0.1316
TMO,THERMO FISHER SCIENTIFIC INC.,Health Care,2025-12-02,580.37,-0.0082,-0.0177,-0.0177,0.1966
UHS,"UNIVERSAL HEALTH SERVICES, INC.",Health Care,2025-12-02,238.68,-0.0031,-0.0203,-0.0203,0.1675
UNH,UNITEDHEALTH GROUP INC.,Health Care,2025-12-02,324.54,0.0041,-0.0159,-0.0159,-0.0601
VRTX,VERTEX PHARMACEUTICALS INC.,Health Care,2025-12-02,433.15,0.0177,-0.0011,-0.0011,0.106
VTRS,VIATRIS INC.,Health Care,2025-12-02,10.71,0.0009,0.0019,0.0019,0.0818
WAT,WATERS ,Health Care,2025-12-02,398.62,0.0021,-0.0119,-0.0119,0.3296
WST,"WEST PHARMACEUTICAL SERVICES, INC.",Health Care,2025-12-02,273.03,-0.004,-0.0152,-0.0152,0.0408
ZBH,"ZIMMER BIOMET HOLDINGS, INC.",Health Care,2025-12-02,94.14,-0.0065,-0.0347,-0.0347,-0.0443
ZTS,ZOETIS INC.,Health Care,2025-12-02,124.44,-0.0221,-0.0292,-0.0292,-0.1495
DJI,DOW JONES INDUSTRIAL AVERAGE INDEX,Indices,2025-12-02,47474.4609375,0.0039,-0.0051,-0.0051,0.0232
NDX,NASDAQ 100 INDEX,Indices,2025-12-02,25555.857421875,0.0084,0.0048,0.0048,0.0355
RUT,RUSSELL 2000 INDEX,Indices,2025-12-02,2464.9833984375,-0.0017,-0.0142,-0.0142,0.0117
SPX,S&P 500 INDEX,Indices,2025-12-02,6829.3701171875,0.0025,-0.0029,-0.0029,0.0211
ADP,"AUTOMATIC DATA PROCESSING, INC.",Industrials,2025-12-02,257.18,0.0052,0.0074,0.0074,-0.1237
ALLE,ALLEGION PUBLIC LIMITED COMPANY,Industrials,2025-12-02,164.16,-0.0061,-0.0113,-0.0113,-0.0744
AME,"AMETEK, INC.",Industrials,2025-12-02,197.29,0.0086,-0.003,-0.003,0.0494
AOS,A. O. SMITH ,Industrials,2025-12-02,65.96,-0.0009,-0.0003,-0.0003,-0.1015
AXON,"AXON ENTERPRISE, INC.",Industrials,2025-12-02,537.75,0.0085,-0.0044,-0.0044,-0.2507
BA,THE BOEING COMPANY,Industrials,2025-12-02,205.38,0.1015,0.0867,0.0867,-0.0484
BLDR,"BUILDERS FIRSTSOURCE, INC.",Industrials,2025-12-02,112.1,-0.0095,-0.0012,-0.0012,-0.0755
BR,"BROADRIDGE FINANCIAL SOLUTIONS, INC.",Industrials,2025-12-02,227.61,0.0047,-0.0021,-0.0021,-0.0443
CARR,CARRIER GLOBAL ,Industrials,2025-12-02,53.82,-0.0079,-0.0193,-0.0193,-0.0985
CAT,CATERPILLAR INC.,Industrials,2025-12-02,582.47,0.0254,0.0117,0.0117,0.2207
CHRW,"C.H. ROBINSON WORLDWIDE, INC.",Industrials,2025-12-02,159.63,-0.0043,0.0048,0.0048,0.2057
CMI,CUMMINS INC.,Industrials,2025-12-02,501.5,0.0108,0.0071,0.0071,0.1873
CPRT,"COPART, INC.",Industrials,2025-12-02,38.96,-0.0049,-0.0005,-0.0005,-0.1336
CSX,CSX ,Industrials,2025-12-02,34.97,0.0034,-0.011,-0.011,-0.0152
CTAS,CINTAS ,Industrials,2025-12-02,184.19,-0.0067,-0.0098,-0.0098,-0.1027
DAL,"DELTA AIR LINES, INC.",Industrials,2025-12-02,65.14,0.0154,0.0162,0.0162,0.1478
DAY,CERIDIAN HCM HOLDING INC.,Industrials,2025-12-02,69.11,-0.0001,0.0001,0.0001,0.0032
DE,DEERE & COMPANY,Industrials,2025-12-02,469.15,0.0022,0.01,0.01,0.026
DOV,DOVER ,Industrials,2025-12-02,187.48,0.014,0.0119,0.0119,0.1238
EFX,EQUIFAX INC.,Industrials,2025-12-02,208.67,-0.0013,-0.0174,-0.0174,-0.1866
EME,"EMCOR GROUP, INC.",Industrials,2025-12-02,606.37,-0.0023,-0.0141,-0.0141,-0.0665
EMR,EMERSON ELECTRIC CO.,Industrials,2025-12-02,131.84,-0.0008,-0.0115,-0.0115,0.005
ETN,EATON  PUBLIC LIMITED COMPANY,Industrials,2025-12-02,333.11,-0.0194,-0.0369,-0.0369,-0.1099
EXPD,EXPEDITORS INTERNATIONAL OF WASHINGTON,Industrials,2025-12-02,146.48,0.0002,-0.0029,-0.0029,0.1949
FAST,FASTENAL COMPANY,Industrials,2025-12-02,40.47,0.008,0.0017,0.0017,-0.1748
FDX,FEDEX ,Industrials,2025-12-02,270.37,-0.0109,-0.0193,-0.0193,0.1466
FTV,FORTIVE ,Industrials,2025-12-02,53.14,0.007,-0.0064,-0.0064,0.0847
GD,GENERAL DYNAMICS ,Industrials,2025-12-02,335.8,0.0103,-0.0171,-0.0171,-0.0152
GE,GENERAL ELECTRIC COMPANY,Industrials,2025-12-02,289.32,0.003,-0.0306,-0.0306,-0.0382
GEV,GE VERNOVA INC.,Industrials,2025-12-02,601.58,0.0428,0.003,0.003,-0.0217
GNRC,GENERAC HOLDINGS INC.,Industrials,2025-12-02,155.31,0.0408,0.0243,0.0243,-0.0722
GWW,"W.W. GRAINGER, INC.",Industrials,2025-12-02,961.15,0.0172,0.0132,0.0132,0.0086
HII,"HUNTINGTON INGALLS INDUSTRIES, INC.",Industrials,2025-12-02,307.2,0.0018,-0.0205,-0.0205,0.067
HON,HONEYWELL INTERNATIONAL INC.,Industrials,2025-12-02,193.15,0.0154,0.005,0.005,-0.0824
HUBB,HUBBELL INC.,Industrials,2025-12-02,427.48,-0.0009,-0.0092,-0.0092,-0.0066
HWM,HOWMET AEROSPACE INC.,Industrials,2025-12-02,196.26,-0.0125,-0.0407,-0.0407,0.0002
IEX,IDEX ,Industrials,2025-12-02,175.1,0.0026,0.0067,0.0067,0.0758
IR,INGERSOLL RAND INC.,Industrials,2025-12-02,79.18,-0.0001,-0.0144,-0.0144,-0.0416
ITW,ILLINOIS TOOL WORKS INC.,Industrials,2025-12-02,248.38,0.0036,-0.0036,-0.0036,-0.0475
J,JACOBS SOLUTIONS INC.,Industrials,2025-12-02,135.02,0.0164,0.0016,0.0016,-0.099
JBHT,"J. B. HUNT TRANSPORT SERVICES, INC.",Industrials,2025-12-02,185.73,0.0334,0.0677,0.0677,0.3843
JCI,JOHNSON CONTROLS INTERNATIONAL PLC,Industrials,2025-12-02,115.28,0.003,-0.0089,-0.0089,0.0485
LDOS,"LEIDOS HOLDINGS, INC.",Industrials,2025-12-02,187.07,-0.0072,-0.0211,-0.0211,-0.01
LHX,"L3HARRIS TECHNOLOGIES, INC.",Industrials,2025-12-02,273.97,0.0061,-0.0169,-0.0169,-0.1029
LII,LENNOX INTERNATIONAL INC.,Industrials,2025-12-02,487.29,-0.0044,-0.0232,-0.0232,-0.0795
LMT,LOCKHEED MARTIN ,Industrials,2025-12-02,441.82,0.006,-0.035,-0.035,-0.115
LUV,SOUTHWEST AIRLINES CO.,Industrials,2025-12-02,35.43,0.019,0.0178,0.0178,0.1103
MAS,MASCO ,Industrials,2025-12-02,64.27,-0.0077,-0.0092,-0.0092,-0.0869
MMM,3M COMPANY,Industrials,2025-12-02,171.56,0.0063,-0.0028,-0.0028,0.1056
NDSN,NORDSON ,Industrials,2025-12-02,236.53,0.0064,-0.0048,-0.0048,0.0422
NOC,NORTHROP GRUMMAN ,Industrials,2025-12-02,546.97,0.0027,-0.0442,-0.0442,-0.1023
NSC,NORFOLK SOUTHERN ,Industrials,2025-12-02,291.75,0.0066,-0.0012,-0.0012,-0.0288
ODFL,"OLD DOMINION FREIGHT LINE, INC.",Industrials,2025-12-02,141.46,0.0128,0.0456,0.0456,0.0048
OTIS,OTIS WORLDWIDE ,Industrials,2025-12-02,87.24,-0.0103,-0.0181,-0.0181,-0.0458
PAYC,"PAYCOM SOFTWARE, INC.",Industrials,2025-12-02,161.95,0.0009,0.0048,0.0048,-0.2219
PAYX,"PAYCHEX, INC.",Industrials,2025-12-02,110.78,0.0022,-0.0081,-0.0081,-0.1261
PCAR,PACCAR INC,Industrials,2025-12-02,105.89,0.0185,0.0045,0.0045,0.077
PH,PARKER-HANNIFIN ,Industrials,2025-12-02,858.94,0.0033,-0.0032,-0.0032,0.1329
PNR,PENTAIR PUBLIC LIMITED COMPANY,Industrials,2025-12-02,105.16,0.001,-0.0008,-0.0008,-0.0506
PWR,"QUANTA SERVICES, INC.",Industrials,2025-12-02,454.72,0.0055,-0.0219,-0.0219,0.0972
ROK,"ROCKWELL AUTOMATION, INC.",Industrials,2025-12-02,391.2,0.0032,-0.0118,-0.0118,0.1192
ROL,"ROLLINS, INC.",Industrials,2025-12-02,60.9,-0.0046,-0.0094,-0.0094,0.0368
RSG,"REPUBLIC SERVICES, INC.",Industrials,2025-12-02,212.67,-0.0065,-0.0202,-0.0202,-0.0733
RTX,RTX ,Industrials,2025-12-02,168.8,0.0046,-0.0349,-0.0349,0.0088
SNA,SNAP-ON INC.,Industrials,2025-12-02,340.58,0.0062,0.0016,0.0016,-0.0172
SWK,"STANLEY BLACK & DECKER, INC.",Industrials,2025-12-02,71.24,0.0096,-0.0039,-0.0039,-0.0416
TDG,TRANSDIGM GROUP INC.,Industrials,2025-12-02,1343.65,-0.0083,-0.0121,-0.0121,0.0194
TT,TRANE TECHNOLOGIES PLC,Industrials,2025-12-02,411.22,0.0026,-0.0243,-0.0243,-0.0255
TXT,TEXTRON INC.,Industrials,2025-12-02,82.43,0.0052,-0.0088,-0.0088,-0.0244
UAL,"UNITED AIRLINES HOLDINGS, INC.",Industrials,2025-12-02,104.38,0.0322,0.0237,0.0237,0.0817
UBER,"UBER TECHNOLOGIES, INC.",Industrials,2025-12-02,87.57,0.0116,0.0003,0.0003,-0.1062
UNP,UNION PACIFIC ,Industrials,2025-12-02,232.24,0.0038,0.0018,0.0018,-0.0175
UPS,"UNITED PARCEL SERVICE, INC.",Industrials,2025-12-02,95.58,0.0038,-0.0022,-0.0022,0.1443
URI,"UNITED RENTALS, INC.",Industrials,2025-12-02,800.83,-0.0055,-0.0176,-0.0176,-0.1611
VLTO,VERALTO ,Industrials,2025-12-02,101.8,0.0082,0.0057,0.0057,-0.0451
VRSK,"VERISK ANALYTICS, INC.",Industrials,2025-12-02,224.85,0.0038,-0.001,-0.001,-0.106
WAB,WESTINGHOUSE AIR BRAKE TECHNOLOGIES ,Industrials,2025-12-02,208.38,-0.0013,-0.0008,-0.0008,0.0395
WM,"WASTE MANAGEMENT, INC.",Industrials,2025-12-02,214.54,-0.0064,-0.0153,-0.0153,-0.0285
XYL,XYLEM INC.,Industrials,2025-12-02,139.42,0.0001,-0.0089,-0.0089,-0.0548
AAPL,APPLE INC.,Information Technology,2025-12-02,286.19,0.0109,0.0263,0.0263,0.1239
ACN,ACCENTURE PUBLIC LIMITED COMPANY,Information Technology,2025-12-02,261.02,0.0139,0.0441,0.0441,0.0585
ADBE,ADOBE INC.,Information Technology,2025-12-02,322.81,-0.0001,0.0084,0.0084,-0.0849
ADI,"ANALOG DEVICES, INC.",Information Technology,2025-12-02,272.97,0.0242,0.0288,0.0288,0.111
ADSK,"AUTODESK, INC.",Information Technology,2025-12-02,310.25,0.0168,0.0228,0.0228,-0.0234
AKAM,"AKAMAI TECHNOLOGIES, INC.",Information Technology,2025-12-02,86.83,-0.01,-0.03,-0.03,0.1461
AMAT,"APPLIED MATERIALS, INC.",Information Technology,2025-12-02,265.33,0.0415,0.0519,0.0519,0.2959
AMD,"ADVANCED MICRO DEVICES, INC.",Information Technology,2025-12-02,215.24,-0.0206,-0.0105,-0.0105,0.3304
ANET,"ARISTA NETWORKS, INC.",Information Technology,2025-12-02,127.22,-0.0069,-0.0265,-0.0265,-0.1269
APH,AMPHENOL ,Information Technology,2025-12-02,141.49,0.0163,0.0042,0.0042,0.1434
AVGO,BROADCOM INC.,Information Technology,2025-12-02,381.57,-0.0117,-0.0531,-0.0531,0.1566
CDNS,"CADENCE DESIGN SYSTEMS, INC.",Information Technology,2025-12-02,317.94,0.0269,0.0196,0.0196,-0.0949
CDW,CDW ,Information Technology,2025-12-02,144.16,0.0079,-0.0004,-0.0004,-0.0949
CRM,"SALESFORCE, INC.",Information Technology,2025-12-02,234.71,0.0081,0.0181,0.0181,-0.0097
CRWD,"CROWDSTRIKE HOLDINGS, INC.",Information Technology,2025-12-02,516.55,0.0246,0.0145,0.0145,0.0534
CSCO,"CISCO SYSTEMS, INC.",Information Technology,2025-12-02,76.87,0.0109,-0.0009,-0.0009,0.1235
CTSH,COGNIZANT TECHNOLOGY SOLUTIONS ,Information Technology,2025-12-02,77.69,0.0034,-0.0003,-0.0003,0.1583
DDOG,"DATADOG, INC.",Information Technology,2025-12-02,156.48,-0.009,-0.0221,-0.0221,0.0989
DELL,DELL TECHNOLOGIES INC.,Information Technology,2025-12-02,135.95,0.0292,0.0195,0.0195,-0.0411
EPAM,"EPAM SYSTEMS, INC.",Information Technology,2025-12-02,192.99,0.0135,0.032,0.032,0.2799
FFIV,"F5, INC.",Information Technology,2025-12-02,238.52,-0.0002,-0.0027,-0.0027,-0.262
FICO,FAIR ISAAC ,Information Technology,2025-12-02,1778.71,0.0057,-0.015,-0.015,0.1886
FSLR,"FIRST SOLAR, INC.",Information Technology,2025-12-02,262.56,-0.0037,-0.038,-0.038,0.1906
FTNT,"FORTINET, INC.",Information Technology,2025-12-02,82.94,0.0137,0.0223,0.0223,-0.0136
GDDY,GODADDY INC.,Information Technology,2025-12-02,128.31,0.0029,0.0035,0.0035,-0.0623
GEN,GEN DIGITAL INC.,Information Technology,2025-12-02,26.25,-0.0011,-0.0046,-0.0046,-0.0754
GLW,CORNING INC.,Information Technology,2025-12-02,83.71,0.0098,-0.0058,-0.0058,0.0205
HPE,HEWLETT PACKARD ENTERPRISE COMPANY,Information Technology,2025-12-02,21.92,-0.0009,0.0023,0.0023,-0.1075
HPQ,HP INC.,Information Technology,2025-12-02,25.15,0.0312,0.0299,0.0299,-0.0764
IBM,INTERNATIONAL BUSINESS MACHINES ,Information Technology,2025-12-02,301.78,-0.0127,-0.022,-0.022,0.0695
INTC,INTEL ,Information Technology,2025-12-02,43.47,0.0865,0.0717,0.0717,0.2957
INTU,INTUIT INC.,Information Technology,2025-12-02,635.63,0.0063,0.0024,0.0024,-0.0692
IT,"GARTNER, INC.",Information Technology,2025-12-02,228.62,-0.0094,-0.0177,-0.0177,-0.1303
JBL,JABIL INC.,Information Technology,2025-12-02,212.05,0.0098,0.0064,0.0064,-0.0236
KEYS,"KEYSIGHT TECHNOLOGIES, INC.",Information Technology,2025-12-02,201.4,0.0195,0.0174,0.0174,0.1514
KLAC,KLA ,Information Technology,2025-12-02,1189.86,0.0282,0.0122,0.0122,0.1032
LRCX,LAM RESEARCH ,Information Technology,2025-12-02,158.19,0.022,0.014,0.014,0.1814
MCHP,MICROCHIP TECHNOLOGY INC.,Information Technology,2025-12-02,56.71,0.0614,0.0584,0.0584,-0.1169
MPWR,"MONOLITHIC POWER SYSTEMS, INC.",Information Technology,2025-12-02,952.18,0.0257,0.0259,0.0259,0.0343
MSFT,MICROSOFT ,Information Technology,2025-12-02,490.0,0.0067,-0.0041,-0.0041,-0.054
MSI,"MOTOROLA SOLUTIONS, INC.",Information Technology,2025-12-02,377.56,0.0113,0.0213,0.0213,-0.1744
MU,"MICRON TECHNOLOGY, INC.",Information Technology,2025-12-02,239.49,-0.004,0.0127,0.0127,0.4313
NOW,"SERVICENOW, INC.",Information Technology,2025-12-02,824.38,0.0028,0.0147,0.0147,-0.1042
NTAP,"NETAPP, INC.",Information Technology,2025-12-02,115.83,0.0317,0.0383,0.0383,-0.0222
NVDA,NVIDIA ,Information Technology,2025-12-02,181.46,0.0086,0.0252,0.0252,-0.0274
NXPI,NXP SEMICONDUCTORS NV,Information Technology,2025-12-02,215.35,0.0795,0.1047,0.1047,-0.0544
ON,ON SEMICONDUCTOR ,Information Technology,2025-12-02,51.48,0.0208,0.0247,0.0247,0.044
ORCL,ORACLE ,Information Technology,2025-12-02,201.1,0.0008,-0.0042,-0.0042,-0.285
PANW,"PALO ALTO NETWORKS, INC.",Information Technology,2025-12-02,189.88,0.0115,-0.0013,-0.0013,-0.0675
PLTR,PALANTIR TECHNOLOGIES INC.,Information Technology,2025-12-02,170.69,0.0191,0.0133,0.0133,-0.0643
PTC,PTC INC.,Information Technology,2025-12-02,176.48,0.0091,0.006,0.006,-0.1307
QCOM,QUALCOMM INC.,Information Technology,2025-12-02,170.7,0.0158,0.0155,0.0155,0.0261
ROP,"ROPER TECHNOLOGIES, INC.",Information Technology,2025-12-02,444.15,0.0013,-0.0046,-0.0046,-0.1094
SMCI,"SUPER MICRO COMPUTER, INC.",Information Technology,2025-12-02,32.92,-0.0147,-0.0275,-0.0275,-0.3133
SNDK,SANDISK CORPORATION,Information Technology,2025-12-02,205.35,-0.0229,-0.0803,-0.0803,0.8302
SNPS,"SYNOPSYS, INC.",Information Technology,2025-12-02,449.35,0.0252,0.075,0.075,-0.0893
STX,SEAGATE TECHNOLOGY HOLDINGS,Information Technology,2025-12-02,266.87,-0.012,-0.0355,-0.0355,0.1305
SWKS,"SKYWORKS SOLUTIONS, INC.",Information Technology,2025-12-02,68.24,0.0366,0.0347,0.0347,-0.1135
TDY,TELEDYNE TECHNOLOGIES INC.,Information Technology,2025-12-02,495.72,0.0064,-0.0076,-0.0076,-0.1541
TEL,TE CONNECTIVITY LTD,Information Technology,2025-12-02,229.55,0.0168,0.015,0.015,0.0456
TER,"TERADYNE, INC.",Information Technology,2025-12-02,189.94,0.0574,0.0443,0.0443,0.38
TRMB,TRIMBLE INC.,Information Technology,2025-12-02,82.23,0.0069,0.0099,0.0099,0.0071
TXN,TEXAS INSTRUMENTS INC.,Information Technology,2025-12-02,175.26,0.0422,0.0415,0.0415,-0.0461
TYL,"TYLER TECHNOLOGIES, INC.",Information Technology,2025-12-02,461.53,-0.0086,-0.0172,-0.0172,-0.1178
VRSN,"VERISIGN, INC.",Information Technology,2025-12-02,253.67,0.0106,0.0067,0.0067,-0.0926
WDAY,"WORKDAY, INC.",Information Technology,2025-12-02,213.06,-0.0014,-0.0119,-0.0119,-0.1149
WDC,WESTERN DIGITAL ,Information Technology,2025-12-02,159.99,-0.0217,-0.0204,-0.0204,0.3326
ZBRA,ZEBRA TECHNOLOGIES ,Information Technology,2025-12-02,253.37,0.0083,0.0025,0.0025,-0.1474
ASC,ARDMORE SHIPPING ,MR Discretion,2025-12-02,12.09,0.0025,-0.0114,-0.0114,0.0185
BTI,BRITISH AMERICAN TOBACCO P.L.C.,MR Discretion,2025-12-02,57.93,-0.0034,-0.0124,-0.0124,0.0914
BTU,PEABODY ENERGY ,MR Discretion,2025-12-02,27.58,0.031,0.0125,0.0125,0.04
CALM,"CAL-MAINE FOODS, INC.",MR Discretion,2025-12-02,81.51,-0.0254,-0.0217,-0.0217,-0.1338
CCJ,CAMECO ,MR Discretion,2025-12-02,88.23,0.008,-0.0032,-0.0032,0.0521
CIVI,"CIVITAS RESOURCES, INC.",MR Discretion,2025-12-02,29.29,-0.0138,-0.0027,-0.0027,-0.0988
CMBT,CMB.TECH NV,MR Discretion,2025-12-02,10.82,0.0169,-0.011,-0.011,0.1523
CMRE,COSTAMARE INC.,MR Discretion,2025-12-02,15.82,0.0187,0.036,0.036,0.3283
CNR,"CORE NATURAL RESOURCES, INC.",MR Discretion,2025-12-02,77.81,0.0063,-0.0274,-0.0274,-0.0679
CRESY,CRESUD INC.,MR Discretion,2025-12-02,11.34,-0.0139,-0.0495,-0.0495,0.2326
DHT,"DHT HOLDINGS, INC.",MR Discretion,2025-12-02,12.84,-0.0047,-0.0146,-0.0146,0.0745
EC,ECOPETROL SA,MR Discretion,2025-12-02,9.91,-0.004,0.0092,0.0092,0.076
FRO,FRONTLINE PLC,MR Discretion,2025-12-02,23.3,0.0197,-0.0094,-0.0094,0.0224
FTI,TECHNIPFMC PLC,MR Discretion,2025-12-02,45.32,-0.007,0.0013,0.0013,0.1488
GEOS,GEOSPACE TECHNOLOGIES ,MR Discretion,2025-12-02,12.66,-0.0291,-0.0387,-0.0387,-0.3323
GGB,GERDAU SA,MR Discretion,2025-12-02,3.58,0.0028,-0.0056,-0.0056,0.1548
GLATF,GLOBAL ATOMIC ,MR Discretion,2025-12-02,0.38,0.027,0.016,0.016,-0.2986
GNK,GENCO SHIPPING & TRADING LIMITED,MR Discretion,2025-12-02,18.85,-0.0016,-0.0037,-0.0037,0.059
HLX,"HELIX ENERGY SOLUTIONS GROUP, INC.",MR Discretion,2025-12-02,6.98,0.025,0.048,0.048,0.064
ICL,ICL GROUP LTD,MR Discretion,2025-12-02,5.62,0.009,0.0054,0.0054,-0.0965
MP,MP MATERIALS CORP,MR Discretion,2025-12-02,60.84,0.0472,-0.0179,-0.0179,-0.0929
NOV,NOV INC.,MR Discretion,2025-12-02,15.33,-0.0065,-0.002,-0.002,0.157
PAM,PAMPA ENERGIA SA,MR Discretion,2025-12-02,89.36,-0.0094,-0.0144,-0.0144,0.4878
PBR,BRAZILIAN PETROLEUM  - PETROBRAS,MR Discretion,2025-12-02,12.61,0.0048,0.0056,0.0056,-0.0039
RIG,TRANSOCEAN LTD,MR Discretion,2025-12-02,4.31,-0.0092,-0.0227,-0.0227,0.3814
ROKU,"ROKU, INC.",MR Discretion,2025-12-02,98.26,0.018,0.0152,0.0152,-0.0187
SBLK,STAR BULK CARRIERS CORP.,MR Discretion,2025-12-02,19.8,-0.0105,-0.005,-0.005,0.0651
SD,"SANDRIDGE ENERGY, INC.",MR Discretion,2025-12-02,14.34,-0.0124,0.0141,0.0141,0.2713
STLA,STELLANTIS NV,MR Discretion,2025-12-02,10.95,0.0282,0.0272,0.0272,0.1724
STNG,SCORPIO TANKERS INC.,MR Discretion,2025-12-02,56.35,0.0142,-0.0171,-0.0171,0.0054
TDW,TIDEWATER INC.,MR Discretion,2025-12-02,54.64,-0.0042,0.0115,0.0115,0.0246
TECK,TECK RESOURCES LIMITED,MR Discretion,2025-12-02,43.23,-0.0016,0.0079,0.0079,-0.015
TS,TENARIS SA,MR Discretion,2025-12-02,39.79,-0.0192,-0.0107,-0.0107,0.1124
URNM,SPROTT URANIUM MINERS,MR Discretion,2025-12-02,55.99,0.0225,0.0072,0.0072,-0.0735
VAL,VALARIS LIMITED,MR Discretion,2025-12-02,56.91,-0.0118,0.0089,0.0089,0.1669
XES,SPDR S&P OIL&GAS E&S,MR Discretion,2025-12-02,82.31,0.0021,0.0139,0.0139,0.1377
XOP,SPDR S&P OIL&GAS EXP,MR Discretion,2025-12-02,133.05,-0.015,-0.0072,-0.0072,0.0064
ALB,ALBEMARLE ,Materials,2025-12-02,128.14,-0.0015,-0.0142,-0.0142,0.5804
AMCR,AMCOR PLC,Materials,2025-12-02,8.4,-0.0164,-0.0141,-0.0141,0.0269
APD,"AIR PRODUCTS AND CHEMICALS, INC.",Materials,2025-12-02,256.77,-0.0157,-0.0164,-0.0164,-0.0585
AVY,AVERY DENNISON ,Materials,2025-12-02,172.22,-0.0018,-0.0009,-0.0009,0.062
BALL,BALL ,Materials,2025-12-02,48.41,-0.0126,-0.0226,-0.0226,-0.0399
CF,"CF INDUSTRIES HOLDINGS, INC.",Materials,2025-12-02,78.97,-0.0104,0.0034,0.0034,-0.1196
CTVA,"CORTEVA, INC.",Materials,2025-12-02,65.6,-0.0141,-0.0277,-0.0277,-0.03
DD,"DUPONT DE NEMOURS, INC.",Materials,2025-12-02,39.52,-0.0098,-0.0063,-0.0063,-0.4927
DOW,DOW INC.,Materials,2025-12-02,23.86,0.0008,0.0004,0.0004,0.0406
ECL,ECOLAB INC.,Materials,2025-12-02,270.89,-0.0072,-0.0155,-0.0155,-0.0108
EMN,EASTMAN CHEMICAL COMPANY,Materials,2025-12-02,60.99,-0.0155,-0.0176,-0.0176,-0.0327
FCX,FREEPORT-MCMORAN INC.,Materials,2025-12-02,42.97,-0.0023,-0.0002,-0.0002,0.0956
IFF,INTERNATIONAL FLAVORS & FRAGRANCES INC.,Materials,2025-12-02,68.54,-0.0105,-0.0135,-0.0135,0.1137
IP,INTERNATIONAL PAPER COMPANY,Materials,2025-12-02,37.85,-0.0342,-0.0413,-0.0413,-0.1843
LIN,LINDE PUBLIC LIMITED COMPANY,Materials,2025-12-02,408.79,0.0041,-0.0037,-0.0037,-0.1394
LYB,LYONDELLBASELL INDUSTRIES NV,Materials,2025-12-02,47.78,-0.0029,-0.0247,-0.0247,-0.0257
MLM,"MARTIN MARIETTA MATERIALS, INC.",Materials,2025-12-02,607.99,-0.0118,-0.0245,-0.0245,-0.0354
MOS,THE MOSAIC COMPANY,Materials,2025-12-02,24.38,-0.0232,-0.0045,-0.0045,-0.297
NEM,NEWMONT ,Materials,2025-12-02,90.48,-0.0147,-0.0028,-0.0028,0.0732
NUE,NUCOR ,Materials,2025-12-02,161.09,0.0024,0.01,0.01,0.1895
PKG,PACKAGING  OF AMERICA,Materials,2025-12-02,192.55,-0.0526,-0.0565,-0.0565,-0.1165
PPG,"PPG INDUSTRIES, INC.",Materials,2025-12-02,100.25,0.0039,0.0021,0.0021,-0.0462
SHW,THE SHERWIN-WILLIAMS COMPANY,Materials,2025-12-02,337.49,-0.0117,-0.018,-0.018,-0.0253
STLD,"STEEL DYNAMICS, INC.",Materials,2025-12-02,167.63,0.0001,-0.0012,-0.0012,0.2023
SW,SMURFIT WESTROCK PUBLIC LIMITED COMPANY,Materials,2025-12-02,34.45,-0.0337,-0.0347,-0.0347,-0.1907
VMC,VULCAN MATERIALS COMPANY,Materials,2025-12-02,289.84,-0.0069,-0.0249,-0.0249,-0.0578
AMT,AMERICAN TOWER ,Real Estate,2025-12-02,175.81,-0.0026,-0.0301,-0.0301,-0.0858
ARE,"ALEXANDRIA REAL ESTATE EQUITIES, INC.",Real Estate,2025-12-02,53.83,0.0137,0.003,0.003,-0.3541
AVB,"AVALONBAY COMMUNITIES, INC.",Real Estate,2025-12-02,181.12,0.0082,-0.0045,-0.0045,-0.0624
BXP,"BOSTON PROPERTIES, INC.",Real Estate,2025-12-02,71.75,-0.0031,-0.0084,-0.0084,-0.0348
CBRE,"CBRE GROUP, INC.",Real Estate,2025-12-02,159.33,-0.0001,-0.0154,-0.0154,0.0112
CCI,CROWN CASTLE INC.,Real Estate,2025-12-02,88.28,-0.0025,-0.0329,-0.0329,-0.0851
CPT,CAMDEN PROPERTY TRUST,Real Estate,2025-12-02,106.0,-0.0006,-0.0032,-0.0032,-0.0073
CSGP,"COSTAR GROUP, INC.",Real Estate,2025-12-02,68.2,0.0026,-0.0087,-0.0087,-0.1917
DLR,"DIGITAL REALTY TRUST, INC.",Real Estate,2025-12-02,156.5,0.0007,-0.0226,-0.0226,-0.0947
DOC,"HEALTHDOC PROPERTIES, INC.",Real Estate,2025-12-02,18.04,-0.0082,-0.012,-0.012,-0.058
EQIX,"EQUINIX, INC.",Real Estate,2025-12-02,727.38,-0.008,-0.0344,-0.0344,-0.0713
EQR,EQUITY RESIDENTIAL,Real Estate,2025-12-02,61.98,0.0088,0.0037,0.0037,-0.0425
ESS,"ESSEX PROPERTY TRUST, INC.",Real Estate,2025-12-02,260.73,0.0019,-0.011,-0.011,-0.0259
EXR,EXTRA SPACE STORAGE INC.,Real Estate,2025-12-02,132.52,0.0044,-0.0049,-0.0049,-0.0597
FRT,FEDERAL REALTY INVESTMENT TRUST,Real Estate,2025-12-02,97.6,-0.0073,-0.0114,-0.0114,-0.0366
HST,"HOST HOTELS & RESORTS, INC.",Real Estate,2025-12-02,17.53,-0.0011,-0.0057,-0.0057,0.03
INVH,INVITATION HOMES INC.,Real Estate,2025-12-02,27.9,0.004,-0.0106,-0.0106,-0.0488
IRM,IRON MOUNTAIN INC.,Real Estate,2025-12-02,82.77,-0.0007,-0.0415,-0.0415,-0.1881
KIM,KIMCO REALTY .,Real Estate,2025-12-02,20.3,-0.0093,-0.0174,-0.0174,-0.0709
MAA,"MID-AMERICA APARTMENT COMMUNITIES, INC.",Real Estate,2025-12-02,135.26,-0.0008,-0.0046,-0.0046,-0.032
O,REALTY INCOME ,Real Estate,2025-12-02,57.5,0.0012,-0.0019,-0.0019,-0.0541
PLD,"PROLOGIS, INC.",Real Estate,2025-12-02,128.93,0.0,0.0031,0.0031,0.1258
PSA,PUBLIC STORAGE.,Real Estate,2025-12-02,273.16,0.0074,-0.005,-0.005,-0.0543
REG,REGENCY CENTERS ,Real Estate,2025-12-02,70.03,-0.0114,-0.0159,-0.0159,-0.0394
SBAC,SBA COMMUNICATIONS ,Real Estate,2025-12-02,186.97,-0.0085,-0.0376,-0.0376,-0.033
SPG,"SIMON PROPERTY GROUP, INC.",Real Estate,2025-12-02,182.17,-0.016,-0.0223,-0.0223,-0.0293
UDR,"UDR, INC.",Real Estate,2025-12-02,36.29,0.0055,-0.0036,-0.0036,-0.026
VICI,VICI PROPERTIES INC.,Real Estate,2025-12-02,28.45,-0.0049,-0.0128,-0.0128,-0.1276
VTR,"VENTAS, INC.",Real Estate,2025-12-02,80.08,-0.0039,-0.0068,-0.0068,0.1442
WELL,WELLTOWER INC.,Real Estate,2025-12-02,203.2,-0.0034,-0.0241,-0.0241,0.1407
WY,WEYERHAEUSER COMPANY,Real Estate,2025-12-02,21.89,-0.0104,-0.0144,-0.0144,-0.117
DIA,SPDR DOW JONES INDUS AVG,Sector & Style ETFs,2025-12-02,475.26,0.0041,-0.004,-0.004,0.0248
IWD,ISHARES:RUSS 1000 VL ETF,Sector & Style ETFs,2025-12-02,208.43,-0.0006,-0.0074,-0.0074,0.0238
IWF,ISHARES:RUSS 1000 GR ETF,Sector & Style ETFs,2025-12-02,476.93,0.0044,0.001,0.001,0.0182
IWM,ISHARES:RUSS 2000 ETF,Sector & Style ETFs,2025-12-02,245.17,-0.0018,-0.0144,-0.0144,0.0133
MDY,SPDR S&P MIDCAP 400 ETF,Sector & Style ETFs,2025-12-02,600.02,-0.0036,-0.009,-0.009,0.0067
MTUM,ISHARES:MSCI USA MOM FCT,Sector & Style ETFs,2025-12-02,248.81,0.0047,-0.0058,-0.0058,-0.0298
OEF,ISHARES:S&P 100,Sector & Style ETFs,2025-12-02,343.56,0.0028,-0.0017,-0.0017,0.0322
POWA,INVESCO BLOOMBERG PRICING POWER,Sector & Style ETFs,2025-12-02,90.7584,-0.0025,-0.0118,-0.0118,0.0026
QQQ,INVESCO QQQ TRUST 1,Sector & Style ETFs,2025-12-02,622.0,0.0078,0.0044,0.0044,0.036
QUAL,ISHARES:MSCI USA QF,Sector & Style ETFs,2025-12-02,198.43,0.0038,0.0018,0.0018,0.0202
RSP,INVESCO S&P500 EWGHT,Sector & Style ETFs,2025-12-02,190.04,-0.0009,-0.0078,-0.0078,0.0018
SDY,SPDR S&P DIVIDEND,Sector & Style ETFs,2025-12-02,139.2,-0.0049,-0.011,-0.011,-0.0061
SMH,VANECK:SEMICONDUCTOR,Sector & Style ETFs,2025-12-02,359.43,0.0183,0.0203,0.0203,0.1013
SPHB,INVESCO S&P500 HI BE,Sector & Style ETFs,2025-12-02,114.07,0.01,0.0078,0.0078,0.0389
SPLV,INVESCO S&P500 LOWVL,Sector & Style ETFs,2025-12-02,71.77,-0.0069,-0.0191,-0.0191,-0.0233
SPY,SPDR S&P 500 ETF,Sector & Style ETFs,2025-12-02,681.53,0.0019,-0.0027,-0.0027,0.023
XLB,SEL SECTOR:MATRLS SPDR,Sector & Style ETFs,2025-12-02,88.37,-0.0091,-0.0115,-0.0115,-0.0139
XLC,SEL SECTOR:COMM SVC SPDR,Sector & Style ETFs,2025-12-02,115.23,0.0033,-0.0014,-0.0014,-0.0265
XLE,SEL SECTOR:ENERGY SPDR,Sector & Style ETFs,2025-12-02,90.14,-0.0129,-0.0034,-0.0034,0.009
XLF,SEL SECTOR:FINL S SPDR,Sector & Style ETFs,2025-12-02,52.84,-0.0009,-0.0092,-0.0092,-0.0191
XLI,SEL SECTOR:INDUST SPDR,Sector & Style ETFs,2025-12-02,152.76,0.0087,-0.0061,-0.0061,-0.0095
XLK,SEL SECTOR:TECH SPDR,Sector & Style ETFs,2025-12-02,289.3,0.0103,0.0108,0.0108,0.0264
XLP,SEL SECTOR:C STP SPDR,Sector & Style ETFs,2025-12-02,78.77,-0.0066,-0.0076,-0.0076,0.0051
XLRE,SEL SECTOR:RL EST SPDR,Sector & Style ETFs,2025-12-02,40.99,-0.0024,-0.0163,-0.0163,-0.0271
XLU,SEL SECTOR:UTIL SPDR,Sector & Style ETFs,2025-12-02,87.88,-0.0071,-0.0303,-0.0303,0.0077
XLV,SEL SECTOR:H CARE SPDR,Sector & Style ETFs,2025-12-02,154.36,-0.006,-0.0209,-0.0209,0.1091
XLY,SEL SECTOR:C DSC SPDR,Sector & Style ETFs,2025-12-02,236.44,-0.0007,-0.0001,-0.0001,-0.0134
AEE,AMEREN ,Utilities,2025-12-02,101.51,-0.0145,-0.0455,-0.0455,-0.0275
AEP,"AMERICAN ELECTRIC POWER COMPANY, INC.",Utilities,2025-12-02,119.23,-0.0106,-0.0367,-0.0367,0.0598
AES,THE AES ,Utilities,2025-12-02,13.96,-0.0021,-0.0071,-0.0071,0.0608
ATO,ATMOS ENERGY ,Utilities,2025-12-02,170.08,-0.0096,-0.0357,-0.0357,-0.0039
AWK,"AMERICAN WATER WORKS COMPANY, INC.",Utilities,2025-12-02,130.75,-0.0019,0.0052,0.0052,-0.0606
CEG,CONSTELLATION ENERGY,Utilities,2025-12-02,363.67,0.0129,-0.0019,-0.0019,0.1051
CMS,CMS ENERGY ,Utilities,2025-12-02,72.64,-0.0071,-0.0371,-0.0371,-0.0085
CNP,"CENTERPOINT ENERGY, INC.",Utilities,2025-12-02,38.35,-0.0199,-0.0408,-0.0408,-0.0116
D,"DOMINION ENERGY, INC.",Utilities,2025-12-02,60.35,-0.0074,-0.0386,-0.0386,-0.0134
DTE,DTE ENERGY COMPANY,Utilities,2025-12-02,131.55,-0.0129,-0.04,-0.04,-0.0699
DUK,DUKE ENERGY ,Utilities,2025-12-02,119.69,-0.0088,-0.0343,-0.0343,-0.0328
ED,"CONSOLIDATED EDISON, INC.",Utilities,2025-12-02,96.87,-0.0103,-0.0348,-0.0348,-0.0363
EIX,EDISON INTERNATIONAL,Utilities,2025-12-02,57.14,-0.017,-0.0297,-0.0297,0.0336
ES,EVERSOURCE ENERGY,Utilities,2025-12-02,66.31,-0.0036,-0.013,-0.013,-0.0679
ETR,ENTERGY ,Utilities,2025-12-02,92.97,-0.0171,-0.0467,-0.0467,-0.0024
EVRG,"EVERGY, INC.",Utilities,2025-12-02,74.53,-0.0131,-0.0402,-0.0402,-0.0196
EXC,EXELON ,Utilities,2025-12-02,45.0,-0.0151,-0.045,-0.045,-0.0002
FE,FIRSTENERGY CORP.,Utilities,2025-12-02,45.66,-0.0166,-0.0432,-0.0432,-0.0035
LNT,ALLIANT ENERGY ,Utilities,2025-12-02,66.53,-0.0158,-0.0423,-0.0423,-0.0131
NEE,"NEXTERA ENERGY, INC.",Utilities,2025-12-02,84.58,-0.0008,-0.0198,-0.0198,0.1204
NI,NISOURCE INC.,Utilities,2025-12-02,42.26,-0.0172,-0.0424,-0.0424,-0.024
NRG,"NRG ENERGY, INC.",Utilities,2025-12-02,164.08,-0.0095,-0.0319,-0.0319,0.0132
PCG,PG&E ,Utilities,2025-12-02,15.32,-0.0328,-0.0496,-0.0496,0.0159
PEG,PUBLIC SERVICE ENTERPRISE GROUP INC.,Utilities,2025-12-02,80.68,-0.0109,-0.034,-0.034,-0.0333
PNW,PINNACLE WEST CAPITAL ,Utilities,2025-12-02,88.54,-0.0087,-0.0255,-0.0255,-0.0125
PPL,PPL ,Utilities,2025-12-02,35.22,-0.0162,-0.0455,-0.0455,-0.0522
SO,THE SOUTHERN COMPANY,Utilities,2025-12-02,89.04,0.0003,-0.0228,-0.0228,-0.0605
SRE,SEMPRA,Utilities,2025-12-02,90.95,-0.006,-0.0398,-0.0398,0.0108
VST,VISTRA CORP.,Utilities,2025-12-02,172.55,-0.0063,-0.0353,-0.0353,-0.1193
WEC,"WEC ENERGY GROUP, INC.",Utilities,2025-12-02,108.09,-0.0114,-0.0355,-0.0355,-0.0567
XEL,XCEL ENERGY INC.,Utilities,2025-12-02,79.04,-0.0087,-0.0374,-0.0374,-0.02
VIX,CBOE MKT VOLATILITY IDX,Volatility,2025-12-02,16.59,-0.0377,0.0147,0.0147,0.019
VXN,CBOE NASDAQ MKT VOL NDX,Volatility,2025-12-02,21.2800006866455,-0.0354,0.0052,0.0052,0.064
FVX,5 YR TSY YLD NDX,Yields,2025-12-02,3.65899991989135,-0.0038,0.0164,0.0164,-0.0196
TNX,10 Y TSY YLD NDX,Yields,2025-12-02,4.08599996566772,-0.0024,0.0172,0.0172,-0.0149
TYX,30 Y TSY YLD NDX,Yields,2025-12-02,4.74100017547607,-0.0006,0.0163,0.0163,0.0019
